-- MySQL dump 10.13  Distrib 5.7.27, for Linux (x86_64)
--
-- Host: localhost    Database: cisco_ap
-- ------------------------------------------------------
-- Server version	5.7.27-0ubuntu0.18.04.1-log

/*!40101 SET @OLD_CHARACTER_SET_CLIENT=@@CHARACTER_SET_CLIENT */;
/*!40101 SET @OLD_CHARACTER_SET_RESULTS=@@CHARACTER_SET_RESULTS */;
/*!40101 SET @OLD_COLLATION_CONNECTION=@@COLLATION_CONNECTION */;
/*!40101 SET NAMES utf8 */;
/*!40103 SET @OLD_TIME_ZONE=@@TIME_ZONE */;
/*!40103 SET TIME_ZONE='+00:00' */;
/*!40014 SET @OLD_UNIQUE_CHECKS=@@UNIQUE_CHECKS, UNIQUE_CHECKS=0 */;
/*!40014 SET @OLD_FOREIGN_KEY_CHECKS=@@FOREIGN_KEY_CHECKS, FOREIGN_KEY_CHECKS=0 */;
/*!40101 SET @OLD_SQL_MODE=@@SQL_MODE, SQL_MODE='NO_AUTO_VALUE_ON_ZERO' */;
/*!40111 SET @OLD_SQL_NOTES=@@SQL_NOTES, SQL_NOTES=0 */;

--
-- Table structure for table `cisco_auth_error`
--

DROP TABLE IF EXISTS `cisco_auth_error`;
/*!40101 SET @saved_cs_client     = @@character_set_client */;
/*!40101 SET character_set_client = utf8 */;
CREATE TABLE `cisco_auth_error` (
  `id` int(11) NOT NULL AUTO_INCREMENT,
  `time` timestamp NOT NULL DEFAULT CURRENT_TIMESTAMP,
  `ip` int(28) unsigned NOT NULL,
  `reason` varchar(300) NOT NULL,
  PRIMARY KEY (`id`)
) ENGINE=InnoDB AUTO_INCREMENT=44 DEFAULT CHARSET=utf8;
/*!40101 SET character_set_client = @saved_cs_client */;

--
-- Dumping data for table `cisco_auth_error`
--

LOCK TABLES `cisco_auth_error` WRITE;
/*!40000 ALTER TABLE `cisco_auth_error` DISABLE KEYS */;
INSERT INTO `cisco_auth_error` VALUES (12,'2019-10-14 12:53:41',3232235926,'Ошибка. Проверьте ваши данные для доступа'),(13,'2019-10-17 13:52:27',3232235926,'Ошибка. Проверьте ваши данные для доступа'),(14,'2019-10-18 08:45:38',3232235926,'Ошибка. Проверьте ваши данные для доступа'),(15,'2019-10-22 05:32:31',3232235926,'Ошибка. Проверьте ваши данные для доступа'),(16,'2019-10-22 06:31:45',3232235926,'Ошибка. Проверьте ваши данные для доступа'),(17,'2019-10-22 06:31:48',3232235926,'Ошибка. Проверьте ваши данные для доступа'),(18,'2019-10-23 05:39:05',3232235926,'Ошибка. Проверьте ваши данные для доступа'),(19,'2019-10-23 05:39:42',3232235926,'Ошибка. Проверьте ваши данные для доступа'),(20,'2019-10-23 05:41:54',3232235926,'Ошибка. Проверьте ваши данные для доступа'),(21,'2019-10-23 07:12:34',3232235926,'Ошибка. Проверьте ваши данные для доступа'),(22,'2019-10-23 08:20:00',3232235926,'Ошибка. Проверьте ваши данные для доступа'),(23,'2019-10-24 05:44:24',3232235926,'Ошибка. Проверьте ваши данные для доступа'),(24,'2019-10-24 05:44:29',3232235926,'Ошибка. Проверьте ваши данные для доступа'),(25,'2019-10-24 05:44:34',3232235926,'Ошибка. Проверьте ваши данные для доступа'),(26,'2019-10-24 09:23:12',3232235926,'Ошибка. Проверьте ваши данные для доступа'),(27,'2019-10-24 09:28:45',3232235926,'Ошибка. Проверьте ваши данные для доступа'),(28,'2019-10-24 11:37:08',3232235926,'Ошибка. Проверьте ваши данные для доступа'),(29,'2019-10-24 11:37:17',3232235926,'Ошибка. Проверьте ваши данные для доступа'),(30,'2019-10-25 06:27:40',3232235926,'Ошибка. Проверьте ваши данные для доступа'),(31,'2019-10-26 05:30:59',3232235926,'Ошибка. Проверьте ваши данные для доступа'),(32,'2019-10-26 13:57:29',3232235926,'Ошибка. Проверьте ваши данные для доступа'),(33,'2019-10-28 08:59:23',3232235926,'Ошибка. Проверьте ваши данные для доступа'),(34,'2019-10-29 05:50:59',3232235926,'Ошибка. Проверьте ваши данные для доступа'),(35,'2019-10-29 05:51:05',3232235926,'Ошибка. Проверьте ваши данные для доступа'),(36,'2019-11-01 05:31:40',3232235926,'Ошибка. Проверьте ваши данные для доступа'),(37,'2019-11-01 06:10:12',3232235926,'Ошибка. Проверьте ваши данные для доступа'),(38,'2019-11-01 06:10:16',3232235926,'Ошибка. Проверьте ваши данные для доступа'),(39,'2019-11-11 07:06:32',3232235926,'Ошибка. Проверьте ваши данные для доступа'),(40,'2019-11-12 05:54:04',3232235926,'Ошибка. Проверьте ваши данные для доступа'),(41,'2019-11-12 05:54:10',3232235926,'Ошибка. Проверьте ваши данные для доступа'),(42,'2019-11-12 10:46:33',3232235926,'Ошибка. Проверьте ваши данные для доступа'),(43,'2019-11-12 12:04:25',3232235926,'Ошибка. Проверьте ваши данные для доступа');
/*!40000 ALTER TABLE `cisco_auth_error` ENABLE KEYS */;
UNLOCK TABLES;

--
-- Table structure for table `cisco_business`
--

DROP TABLE IF EXISTS `cisco_business`;
/*!40101 SET @saved_cs_client     = @@character_set_client */;
/*!40101 SET character_set_client = utf8 */;
CREATE TABLE `cisco_business` (
  `id` int(11) NOT NULL AUTO_INCREMENT,
  `name` varchar(200) NOT NULL,
  `description` text,
  `placemark_color` varchar(50) NOT NULL DEFAULT 'green',
  PRIMARY KEY (`id`)
) ENGINE=InnoDB AUTO_INCREMENT=70 DEFAULT CHARSET=utf8;
/*!40101 SET character_set_client = @saved_cs_client */;

--
-- Dumping data for table `cisco_business`
--

LOCK TABLES `cisco_business` WRITE;
/*!40000 ALTER TABLE `cisco_business` DISABLE KEYS */;
INSERT INTO `cisco_business` VALUES (28,'Мята',NULL,'green'),(31,'Гостиница \"Интурист\"',NULL,'green');
/*!40000 ALTER TABLE `cisco_business` ENABLE KEYS */;
UNLOCK TABLES;

--
-- Table structure for table `cisco_permissions`
--

DROP TABLE IF EXISTS `cisco_permissions`;
/*!40101 SET @saved_cs_client     = @@character_set_client */;
/*!40101 SET character_set_client = utf8 */;
CREATE TABLE `cisco_permissions` (
  `id` int(11) NOT NULL AUTO_INCREMENT,
  `permissions` varchar(50) NOT NULL,
  PRIMARY KEY (`id`)
) ENGINE=InnoDB AUTO_INCREMENT=9 DEFAULT CHARSET=utf8;
/*!40101 SET character_set_client = @saved_cs_client */;

--
-- Dumping data for table `cisco_permissions`
--

LOCK TABLES `cisco_permissions` WRITE;
/*!40000 ALTER TABLE `cisco_permissions` DISABLE KEYS */;
INSERT INTO `cisco_permissions` VALUES (1,'info'),(3,'home'),(4,'point'),(6,'console'),(7,'search'),(8,'bussiness');
/*!40000 ALTER TABLE `cisco_permissions` ENABLE KEYS */;
UNLOCK TABLES;

--
-- Table structure for table `cisco_point_address`
--

DROP TABLE IF EXISTS `cisco_point_address`;
/*!40101 SET @saved_cs_client     = @@character_set_client */;
/*!40101 SET character_set_client = utf8 */;
CREATE TABLE `cisco_point_address` (
  `id` int(11) NOT NULL AUTO_INCREMENT,
  `address` varchar(300) NOT NULL,
  PRIMARY KEY (`id`)
) ENGINE=InnoDB AUTO_INCREMENT=64 DEFAULT CHARSET=utf8;
/*!40101 SET character_set_client = @saved_cs_client */;

--
-- Dumping data for table `cisco_point_address`
--

LOCK TABLES `cisco_point_address` WRITE;
/*!40000 ALTER TABLE `cisco_point_address` DISABLE KEYS */;
INSERT INTO `cisco_point_address` VALUES (1,'Беларусь, Брест, Московская улица, 202'),(2,'Беларусь, Брест, Московская улица, 210'),(3,'Беларусь, Брест, Пионерская улица, 50'),(4,'Беларусь, Брест, улица Гоголя, 65'),(5,'Россия, Москва'),(6,'Россия, Иркутская область, Ангарск, 123-й квартал'),(7,'Беларусь, Брест, микрорайон Киевка, 3-й Заводской переулок'),(8,'Беларусь, Брест, улица Гоголя, 87'),(9,'Беларусь, Брэст, садовыя ўчасткі'),(11,'Беларусь, Брест, микрорайон Киевка, 3-й Заводской переулок, 11'),(12,'Беларусь, Брестская область, Брестский район, Тельминский сельсовет, деревня Тельмы-2'),(13,'Беларусь, Брестская область, Кобрин, улица Гоголя'),(14,'Беларусь, Брест, улица Гоголя'),(15,'Беларусь, Брестская область, Брестский район, Тельминский сельсовет, деревня Тельмы-1'),(16,'Беларусь, Брест, улица 17 Сентября, 1'),(17,'Беларусь, Брест, 3-й Северный переулок'),(18,'Казахстан, Восточно-Казахстанская область, Семей, квартал 343'),(19,'Беларусь, Брест, Советская улица'),(20,'Беларусь, Брест, микрорайон Киевка, 3-й Заводской переулок 11'),(21,'Беларусь, Брест, улица Гоголя, 1Г'),(22,'Беларусь, Брест, улица Гоголя, 85'),(23,'Беларусь, Брест, улица Орджоникидзе, 22'),(24,'Беларусь, Брест, улица Горького, 27'),(25,'Беларусь, Брест, улица Карла Маркса, 3'),(26,'Беларусь, Брест, микрорайон Киевка, 3-й Заводской переулок, 34А'),(27,'Россия, Москва, Московский, 3-й микрорайон'),(28,'Казахстан, Актобе, 12-й микрорайон'),(29,'Беларусь, Минск, улица Героев 120-й Дивизии'),(30,'Беларусь, Брест, 2-я Заводская улица'),(31,'Беларусь, Брестская область, Брестский район, агрогородок Мухавец, улица 60 лет Октября'),(32,'Беларусь, Брест, 2-я Заводская улица, 5'),(33,'Беларусь, Брест, улица 17 Сентября, 12'),(34,'Беларусь, Брест, улица 17 Сентября, 12А'),(35,'Беларусь, Брест, бульвар Космонавтов, 115'),(36,'Беларусь, Брест, микрорайон Киевка, 3-й Заводской переулок, 13'),(37,'Беларусь, Брест, 5-я Вересковая улица'),(38,'Беларусь, Брест, улица 28 Июля'),(39,'Россия, Санкт-Петербург, 13-я линия Васильевского острова'),(40,'Россия, Московская область, Балашиха, микрорайон 1 Мая'),(41,'Россия, Москва, МКАД, 51-й километр'),(42,'Россия, Москва, МКАД, 14-й километр'),(43,'Беларусь, Брест, улица 28 Июля, 29'),(44,'Россия, Москва, Проектируемый проезд № 1250'),(45,'Россия, Москва, улица 50 лет Октября'),(46,'Беларусь, Брест, бульвар Космонавтов'),(47,'Беларусь, Брест, улица Куйбышева, 28/1'),(48,'Беларусь, Брест, улица Карбышева, 28'),(49,'Беларусь, Брест, проспект Машерова, 17'),(50,'Беларусь, Брест, улица Гоголя, 86'),(51,'Беларусь, Брест, улица Гоголя, 82'),(52,'Беларусь, Брест, 2-я Заводская улица, 2'),(53,'Беларусь, Брестская область, Барановичи, 5-й Садовый переулок, 5'),(54,'Беларусь, Брест, проспект Машерова, 16'),(55,'Беларусь, Брест, проспект Машерова, 23А'),(56,'Беларусь, Брест, 8-я Вересковая улица'),(57,'Брестская крепость-герой'),(58,'Беларусь, Брестская область, Брестский район, аэропорт Брест'),(59,'Беларусь, Брест, улица Карбышева, 30'),(60,'Беларусь, Брест, улица Карбышева 28'),(61,'Беларусь, Брестская область, Кобрин'),(62,'Беларусь, Брестская область, Ивацевичский район, Н-719'),(63,'Беларусь, Брест, улица 17 Сентября');
/*!40000 ALTER TABLE `cisco_point_address` ENABLE KEYS */;
UNLOCK TABLES;

--
-- Table structure for table `cisco_point_data`
--

DROP TABLE IF EXISTS `cisco_point_data`;
/*!40101 SET @saved_cs_client     = @@character_set_client */;
/*!40101 SET character_set_client = utf8 */;
CREATE TABLE `cisco_point_data` (
  `id` int(11) NOT NULL AUTO_INCREMENT,
  `ip` int(25) NOT NULL,
  `latitude` float NOT NULL,
  `longitude` float NOT NULL,
  `id_address` int(11) DEFAULT NULL,
  `id_business` int(11) DEFAULT NULL,
  `notice` text NOT NULL,
  `set_place` varchar(150) NOT NULL,
  `speed_download` float NOT NULL,
  `speed_upload` float NOT NULL,
  `id_ssid` int(11) DEFAULT NULL,
  `type` varchar(100) NOT NULL,
  `id_model` int(11) DEFAULT NULL,
  `mac` varchar(50) NOT NULL,
  `installation_date` date NOT NULL,
  `schema_connect` text NOT NULL,
  `customer` varchar(200) NOT NULL,
  PRIMARY KEY (`id`),
  KEY `id_address` (`id_address`),
  KEY `id_business` (`id_business`),
  KEY `id_ssid` (`id_ssid`),
  KEY `id_model` (`id_model`),
  CONSTRAINT `cisco_point_data_ibfk_1` FOREIGN KEY (`id_business`) REFERENCES `cisco_business` (`id`) ON DELETE SET NULL ON UPDATE CASCADE,
  CONSTRAINT `cisco_point_data_ibfk_2` FOREIGN KEY (`id_address`) REFERENCES `cisco_point_address` (`id`) ON DELETE SET NULL ON UPDATE CASCADE,
  CONSTRAINT `cisco_point_data_ibfk_3` FOREIGN KEY (`id_ssid`) REFERENCES `cisco_point_ssid` (`id`) ON DELETE SET NULL ON UPDATE CASCADE,
  CONSTRAINT `cisco_point_data_ibfk_4` FOREIGN KEY (`id_model`) REFERENCES `cisco_points_model` (`id`) ON DELETE SET NULL ON UPDATE CASCADE
) ENGINE=InnoDB AUTO_INCREMENT=103 DEFAULT CHARSET=utf8;
/*!40101 SET character_set_client = @saved_cs_client */;

--
-- Dumping data for table `cisco_point_data`
--

LOCK TABLES `cisco_point_data` WRITE;
/*!40000 ALTER TABLE `cisco_point_data` DISABLE KEYS */;
INSERT INTO `cisco_point_data` VALUES (96,33751350,52.0965,23.6907,33,31,'126','616',35,25,10,'Внутреняя',1,'51:27:12:51:61:61','2019-10-29','',''),(98,16909436,52.0964,23.6921,15,28,'125125125','5125',40,30,12,'Внутреняя',1,'51:25:12:51:25:15','2019-11-05','125125125','12125125'),(99,67174953,52.0962,23.6915,63,28,'Примечание','4124124',35,40,12,'Внутреняя',1,'41:24:12:41:24:12','2019-11-05','VDSL','');
/*!40000 ALTER TABLE `cisco_point_data` ENABLE KEYS */;
UNLOCK TABLES;

--
-- Table structure for table `cisco_point_speed`
--

DROP TABLE IF EXISTS `cisco_point_speed`;
/*!40101 SET @saved_cs_client     = @@character_set_client */;
/*!40101 SET character_set_client = utf8 */;
CREATE TABLE `cisco_point_speed` (
  `id` int(11) NOT NULL AUTO_INCREMENT,
  `speed` float NOT NULL,
  PRIMARY KEY (`id`)
) ENGINE=InnoDB AUTO_INCREMENT=17 DEFAULT CHARSET=utf8;
/*!40101 SET character_set_client = @saved_cs_client */;

--
-- Dumping data for table `cisco_point_speed`
--

LOCK TABLES `cisco_point_speed` WRITE;
/*!40000 ALTER TABLE `cisco_point_speed` DISABLE KEYS */;
INSERT INTO `cisco_point_speed` VALUES (1,0.5),(2,1),(3,2),(4,3),(5,4),(6,6),(7,8),(8,10),(9,15),(10,20),(11,25),(12,30),(13,35),(14,40),(15,50),(16,100);
/*!40000 ALTER TABLE `cisco_point_speed` ENABLE KEYS */;
UNLOCK TABLES;

--
-- Table structure for table `cisco_point_ssid`
--

DROP TABLE IF EXISTS `cisco_point_ssid`;
/*!40101 SET @saved_cs_client     = @@character_set_client */;
/*!40101 SET character_set_client = utf8 */;
CREATE TABLE `cisco_point_ssid` (
  `id` int(11) NOT NULL AUTO_INCREMENT,
  `ssid` varchar(150) NOT NULL,
  PRIMARY KEY (`id`)
) ENGINE=InnoDB AUTO_INCREMENT=16 DEFAULT CHARSET=utf8;
/*!40101 SET character_set_client = @saved_cs_client */;

--
-- Dumping data for table `cisco_point_ssid`
--

LOCK TABLES `cisco_point_ssid` WRITE;
/*!40000 ALTER TABLE `cisco_point_ssid` DISABLE KEYS */;
INSERT INTO `cisco_point_ssid` VALUES (1,'Alfabank'),(3,'Belarusbank'),(6,'Unost'),(7,'GorGaz'),(8,'Wifi-belagro'),(9,'Elsat'),(10,'InturistWifi'),(11,'energetic'),(12,'Mayta'),(13,'Rynok'),(14,'vesta'),(15,'HotelBug');
/*!40000 ALTER TABLE `cisco_point_ssid` ENABLE KEYS */;
UNLOCK TABLES;

--
-- Table structure for table `cisco_points_model`
--

DROP TABLE IF EXISTS `cisco_points_model`;
/*!40101 SET @saved_cs_client     = @@character_set_client */;
/*!40101 SET character_set_client = utf8 */;
CREATE TABLE `cisco_points_model` (
  `id` int(11) NOT NULL AUTO_INCREMENT,
  `model` varchar(150) NOT NULL,
  PRIMARY KEY (`id`)
) ENGINE=InnoDB AUTO_INCREMENT=2 DEFAULT CHARSET=utf8;
/*!40101 SET character_set_client = @saved_cs_client */;

--
-- Dumping data for table `cisco_points_model`
--

LOCK TABLES `cisco_points_model` WRITE;
/*!40000 ALTER TABLE `cisco_points_model` DISABLE KEYS */;
INSERT INTO `cisco_points_model` VALUES (1,'702');
/*!40000 ALTER TABLE `cisco_points_model` ENABLE KEYS */;
UNLOCK TABLES;

--
-- Table structure for table `cisco_role_permissions`
--

DROP TABLE IF EXISTS `cisco_role_permissions`;
/*!40101 SET @saved_cs_client     = @@character_set_client */;
/*!40101 SET character_set_client = utf8 */;
CREATE TABLE `cisco_role_permissions` (
  `id` int(11) NOT NULL AUTO_INCREMENT,
  `id_role` int(11) NOT NULL,
  `id_permissions` int(11) NOT NULL,
  `sh` int(11) NOT NULL DEFAULT '1',
  `a` int(11) NOT NULL DEFAULT '0',
  `e` int(11) NOT NULL DEFAULT '0',
  `del` int(11) NOT NULL DEFAULT '0',
  PRIMARY KEY (`id`),
  KEY `cisco_role_permissions_ibfk_1` (`id_role`),
  KEY `cisco_role_permissions_ibfk_2` (`id_permissions`),
  CONSTRAINT `cisco_role_permissions_ibfk_1` FOREIGN KEY (`id_role`) REFERENCES `cisco_users_role` (`id`) ON DELETE CASCADE ON UPDATE CASCADE,
  CONSTRAINT `cisco_role_permissions_ibfk_2` FOREIGN KEY (`id_permissions`) REFERENCES `cisco_permissions` (`id`) ON DELETE CASCADE ON UPDATE CASCADE
) ENGINE=InnoDB AUTO_INCREMENT=43 DEFAULT CHARSET=utf8;
/*!40101 SET character_set_client = @saved_cs_client */;

--
-- Dumping data for table `cisco_role_permissions`
--

LOCK TABLES `cisco_role_permissions` WRITE;
/*!40000 ALTER TABLE `cisco_role_permissions` DISABLE KEYS */;
INSERT INTO `cisco_role_permissions` VALUES (24,1,1,1,0,0,0),(26,2,1,1,1,0,0),(28,1,4,1,1,1,1),(29,1,6,1,0,0,0),(30,2,3,1,1,0,0),(32,1,3,1,0,0,0),(33,2,4,1,1,1,0),(34,3,1,1,0,0,0),(35,3,4,1,0,0,0),(36,3,3,1,0,0,0),(37,1,7,1,0,0,0),(38,2,7,1,0,0,0),(39,3,7,1,0,0,0),(40,1,8,1,1,1,1),(41,2,8,1,0,0,0),(42,3,8,1,0,0,0);
/*!40000 ALTER TABLE `cisco_role_permissions` ENABLE KEYS */;
UNLOCK TABLES;

--
-- Table structure for table `cisco_users`
--

DROP TABLE IF EXISTS `cisco_users`;
/*!40101 SET @saved_cs_client     = @@character_set_client */;
/*!40101 SET character_set_client = utf8 */;
CREATE TABLE `cisco_users` (
  `id` int(11) NOT NULL AUTO_INCREMENT,
  `username` varchar(50) NOT NULL,
  `password` varchar(100) NOT NULL,
  `banned` int(1) NOT NULL DEFAULT '0',
  `salt` varchar(100) DEFAULT NULL,
  `id_role` int(11) DEFAULT NULL,
  PRIMARY KEY (`id`),
  KEY `id_role` (`id_role`),
  CONSTRAINT `cisco_users_ibfk_1` FOREIGN KEY (`id_role`) REFERENCES `cisco_users_role` (`id`)
) ENGINE=InnoDB AUTO_INCREMENT=4 DEFAULT CHARSET=utf8;
/*!40101 SET character_set_client = @saved_cs_client */;

--
-- Dumping data for table `cisco_users`
--

LOCK TABLES `cisco_users` WRITE;
/*!40000 ALTER TABLE `cisco_users` DISABLE KEYS */;
INSERT INTO `cisco_users` VALUES (1,'admin','e10adc3949ba59abbe56e057f20f883e',0,NULL,1),(2,'user','25d55ad283aa400af464c76d713c07ad',0,NULL,2),(3,'korn','e10adc3949ba59abbe56e057f20f883e',0,NULL,3);
/*!40000 ALTER TABLE `cisco_users` ENABLE KEYS */;
UNLOCK TABLES;

--
-- Table structure for table `cisco_users_data`
--

DROP TABLE IF EXISTS `cisco_users_data`;
/*!40101 SET @saved_cs_client     = @@character_set_client */;
/*!40101 SET character_set_client = utf8 */;
CREATE TABLE `cisco_users_data` (
  `id` int(11) NOT NULL AUTO_INCREMENT,
  `name` varchar(50) NOT NULL,
  `secondname` varchar(50) NOT NULL,
  `phone` varchar(50) NOT NULL,
  `JobsDepartment` varchar(100) NOT NULL,
  `sessionTime` int(100) NOT NULL DEFAULT '1440',
  `checkIP` int(5) NOT NULL DEFAULT '0',
  `checkAgent` int(5) NOT NULL DEFAULT '0',
  `id_users` int(11) NOT NULL,
  PRIMARY KEY (`id`),
  KEY `id_users` (`id_users`),
  CONSTRAINT `cisco_users_data_ibfk_1` FOREIGN KEY (`id_users`) REFERENCES `cisco_users` (`id`)
) ENGINE=InnoDB AUTO_INCREMENT=4 DEFAULT CHARSET=utf8;
/*!40101 SET character_set_client = @saved_cs_client */;

--
-- Dumping data for table `cisco_users_data`
--

LOCK TABLES `cisco_users_data` WRITE;
/*!40000 ALTER TABLE `cisco_users_data` DISABLE KEYS */;
INSERT INTO `cisco_users_data` VALUES (1,'Дорошук','Дмитрий','+375 (29) 729-33-86','ГТС',1440,1,1,1),(2,'Иванов','Николай','+375 (29) 608-03-95','ЛТЦ',1440,0,0,2),(3,'Дмитрий','Корн','+37529 72933 86','',1440,0,0,3);
/*!40000 ALTER TABLE `cisco_users_data` ENABLE KEYS */;
UNLOCK TABLES;

--
-- Table structure for table `cisco_users_data_auth`
--

DROP TABLE IF EXISTS `cisco_users_data_auth`;
/*!40101 SET @saved_cs_client     = @@character_set_client */;
/*!40101 SET character_set_client = utf8 */;
CREATE TABLE `cisco_users_data_auth` (
  `id_session` varchar(100) NOT NULL,
  `id_users` int(20) NOT NULL,
  `ip_address` int(20) unsigned NOT NULL,
  `agent_user_hash` varchar(150) NOT NULL,
  `lastVisit` int(50) NOT NULL,
  PRIMARY KEY (`id_session`)
) ENGINE=InnoDB DEFAULT CHARSET=utf8;
/*!40101 SET character_set_client = @saved_cs_client */;

--
-- Dumping data for table `cisco_users_data_auth`
--

LOCK TABLES `cisco_users_data_auth` WRITE;
/*!40000 ALTER TABLE `cisco_users_data_auth` DISABLE KEYS */;
INSERT INTO `cisco_users_data_auth` VALUES ('52297cc61b77b3934cb0f038f5dc6140',1,3232235926,'03ae9b347fef0e4eb823d90450264a0a',1573562349);
/*!40000 ALTER TABLE `cisco_users_data_auth` ENABLE KEYS */;
UNLOCK TABLES;

--
-- Table structure for table `cisco_users_log_data`
--

DROP TABLE IF EXISTS `cisco_users_log_data`;
/*!40101 SET @saved_cs_client     = @@character_set_client */;
/*!40101 SET character_set_client = utf8 */;
CREATE TABLE `cisco_users_log_data` (
  `id` int(11) NOT NULL AUTO_INCREMENT,
  `id_users` int(11) NOT NULL,
  `time_login` int(50) NOT NULL,
  `time_session_delete` timestamp NULL DEFAULT NULL ON UPDATE CURRENT_TIMESTAMP,
  `lastVisit` int(50) NOT NULL,
  `ip_addr` int(20) unsigned NOT NULL,
  `user_agent` varchar(150) NOT NULL,
  `user_agent_hash` varchar(100) NOT NULL,
  `id_session` varchar(150) NOT NULL,
  `time` timestamp NOT NULL DEFAULT CURRENT_TIMESTAMP,
  PRIMARY KEY (`id`)
) ENGINE=InnoDB AUTO_INCREMENT=382 DEFAULT CHARSET=utf8;
/*!40101 SET character_set_client = @saved_cs_client */;

--
-- Dumping data for table `cisco_users_log_data`
--

LOCK TABLES `cisco_users_log_data` WRITE;
/*!40000 ALTER TABLE `cisco_users_log_data` DISABLE KEYS */;
INSERT INTO `cisco_users_log_data` VALUES (1,1,1569652757,'2019-09-28 06:40:27',1569652757,3232235926,'Mozilla/5.0 (X11; Linux x86_64) AppleWebKit/537.36 (KHTML, like Gecko) Chrome/74.0.3729.169 YaBrowser/19.6.2.594 (beta) Yowser/2.5 Safari/537.36','45b7570e36fae59fbdfb0637fc4aaae9','LogOut','2019-09-28 06:39:17'),(2,2,1569652831,'2019-09-28 06:41:39',1569652831,3232235926,'Mozilla/5.0 (X11; Linux x86_64) AppleWebKit/537.36 (KHTML, like Gecko) Chrome/74.0.3729.169 YaBrowser/19.6.2.594 (beta) Yowser/2.5 Safari/537.36','45b7570e36fae59fbdfb0637fc4aaae9','LogOut','2019-09-28 06:40:31'),(3,1,1569652903,'2019-09-28 06:42:49',1569652903,3232235926,'Mozilla/5.0 (X11; Linux x86_64) AppleWebKit/537.36 (KHTML, like Gecko) Chrome/74.0.3729.169 YaBrowser/19.6.2.594 (beta) Yowser/2.5 Safari/537.36','45b7570e36fae59fbdfb0637fc4aaae9','LogOut','2019-09-28 06:41:43'),(4,2,1569652972,'2019-09-28 06:44:03',1569652972,3232235926,'Mozilla/5.0 (X11; Linux x86_64) AppleWebKit/537.36 (KHTML, like Gecko) Chrome/74.0.3729.169 YaBrowser/19.6.2.594 (beta) Yowser/2.5 Safari/537.36','45b7570e36fae59fbdfb0637fc4aaae9','LogOut','2019-09-28 06:42:53'),(5,2,1569653047,'2019-09-28 06:44:12',1569653047,3232235926,'Mozilla/5.0 (X11; Linux x86_64) AppleWebKit/537.36 (KHTML, like Gecko) Chrome/74.0.3729.169 YaBrowser/19.6.2.594 (beta) Yowser/2.5 Safari/537.36','45b7570e36fae59fbdfb0637fc4aaae9','LogOut','2019-09-28 06:44:07'),(6,1,1569653057,'2019-09-28 08:51:54',1569660714,3232235926,'Mozilla/5.0 (X11; Linux x86_64) AppleWebKit/537.36 (KHTML, like Gecko) Chrome/74.0.3729.169 YaBrowser/19.6.2.594 (beta) Yowser/2.5 Safari/537.36','45b7570e36fae59fbdfb0637fc4aaae9','TimeOut','2019-09-28 06:44:17'),(7,1,1569660718,'2019-09-28 09:24:26',1569662666,3232235926,'Mozilla/5.0 (X11; Linux x86_64) AppleWebKit/537.36 (KHTML, like Gecko) Chrome/74.0.3729.169 YaBrowser/19.6.2.594 (beta) Yowser/2.5 Safari/537.36','45b7570e36fae59fbdfb0637fc4aaae9','TimeOut','2019-09-28 08:51:58'),(8,1,1569662675,'2019-09-28 10:59:30',1569668369,3232235926,'Mozilla/5.0 (X11; Linux x86_64) AppleWebKit/537.36 (KHTML, like Gecko) Chrome/74.0.3729.169 YaBrowser/19.6.2.594 (beta) Yowser/2.5 Safari/537.36','45b7570e36fae59fbdfb0637fc4aaae9','TimeOut','2019-09-28 09:24:35'),(9,1,1569668374,'2019-09-28 12:13:22',1569672589,3232235926,'Mozilla/5.0 (X11; Linux x86_64) AppleWebKit/537.36 (KHTML, like Gecko) Chrome/74.0.3729.169 YaBrowser/19.6.2.594 (beta) Yowser/2.5 Safari/537.36','45b7570e36fae59fbdfb0637fc4aaae9','LogOut','2019-09-28 10:59:34'),(10,2,1569672806,'2019-09-28 12:28:55',1569673463,3232235926,'Mozilla/5.0 (X11; Linux x86_64) AppleWebKit/537.36 (KHTML, like Gecko) Chrome/74.0.3729.169 YaBrowser/19.6.2.594 (beta) Yowser/2.5 Safari/537.36','45b7570e36fae59fbdfb0637fc4aaae9','LogOut','2019-09-28 12:13:26'),(11,1,1569673740,'2019-09-28 12:34:55',1569674095,3232235926,'Mozilla/5.0 (Linux; Android 6.0; Nexus 5 Build/MRA58N) AppleWebKit/537.36 (KHTML, like Gecko) Chrome/74.0.3729.169 Mobile Safari/537.36','214317175cd9da5c40f67f9621046631','08f75402ab6cd8b1ad1fb9f851552649','2019-09-28 12:29:00'),(12,1,1569674275,'2019-09-28 13:51:48',1569678707,3232235926,'Mozilla/5.0 (X11; Linux x86_64) AppleWebKit/537.36 (KHTML, like Gecko) Chrome/74.0.3729.169 YaBrowser/19.6.2.594 (beta) Yowser/2.5 Safari/537.36','45b7570e36fae59fbdfb0637fc4aaae9','TimeOut','2019-09-28 12:37:55'),(13,1,1569678714,'2019-09-28 14:04:08',1569679448,3232235926,'Mozilla/5.0 (X11; Linux x86_64) AppleWebKit/537.36 (KHTML, like Gecko) Chrome/74.0.3729.169 YaBrowser/19.6.2.594 (beta) Yowser/2.5 Safari/537.36','45b7570e36fae59fbdfb0637fc4aaae9','e654f97b65a6e1b5a959b6158cb3af99','2019-09-28 13:51:54'),(14,1,1569679580,NULL,1569679580,3232235926,'Mozilla/5.0 (Linux; Android 6.0; Nexus 5 Build/MRA58N) AppleWebKit/537.36 (KHTML, like Gecko) Chrome/74.0.3729.169 Mobile Safari/537.36','214317175cd9da5c40f67f9621046631','c0e2f8874497321cdf1b982e3d5940b0','2019-09-28 14:06:20'),(15,1,1569679707,'2019-09-28 15:27:51',1569684471,3232235926,'Mozilla/5.0 (X11; Linux x86_64) AppleWebKit/537.36 (KHTML, like Gecko) Chrome/74.0.3729.169 YaBrowser/19.6.2.594 (beta) Yowser/2.5 Safari/537.36','45b7570e36fae59fbdfb0637fc4aaae9','TimeOut','2019-09-28 14:08:27'),(16,1,1569829477,'2019-09-30 12:18:59',1569845938,3232235926,'Mozilla/5.0 (X11; Linux x86_64) AppleWebKit/537.36 (KHTML, like Gecko) Chrome/74.0.3729.169 YaBrowser/19.6.2.594 (beta) Yowser/2.5 Safari/537.36','45b7570e36fae59fbdfb0637fc4aaae9','TimeOut','2019-09-30 07:44:37'),(17,1,1569845952,'2019-09-30 14:12:02',1569852714,3232235926,'Mozilla/5.0 (X11; Linux x86_64) AppleWebKit/537.36 (KHTML, like Gecko) Chrome/74.0.3729.169 YaBrowser/19.6.2.594 (beta) Yowser/2.5 Safari/537.36','45b7570e36fae59fbdfb0637fc4aaae9','LogOut','2019-09-30 12:19:12'),(18,1,1569852728,NULL,1569852728,3232235926,'Mozilla/5.0 (X11; Linux x86_64) AppleWebKit/537.36 (KHTML, like Gecko) Chrome/74.0.3729.169 YaBrowser/19.6.2.594 (beta) Yowser/2.5 Safari/537.36','45b7570e36fae59fbdfb0637fc4aaae9','f7d65bc44d457c72678223c6fa00dcf7','2019-09-30 14:12:09'),(19,1,1569907802,'2019-10-01 07:49:26',1569916165,3232235926,'Mozilla/5.0 (X11; Linux x86_64) AppleWebKit/537.36 (KHTML, like Gecko) Chrome/74.0.3729.169 YaBrowser/19.6.2.594 (beta) Yowser/2.5 Safari/537.36','45b7570e36fae59fbdfb0637fc4aaae9','TimeOut','2019-10-01 05:30:02'),(20,1,1569916170,'2019-10-01 09:44:58',1569923098,3232235926,'Mozilla/5.0 (X11; Linux x86_64) AppleWebKit/537.36 (KHTML, like Gecko) Chrome/74.0.3729.169 YaBrowser/19.6.2.594 (beta) Yowser/2.5 Safari/537.36','45b7570e36fae59fbdfb0637fc4aaae9','TimeOut','2019-10-01 07:49:31'),(21,1,1569923106,'2019-10-01 10:30:52',1569925851,3232235926,'Mozilla/5.0 (X11; Linux x86_64) AppleWebKit/537.36 (KHTML, like Gecko) Chrome/74.0.3729.169 YaBrowser/19.6.2.594 (beta) Yowser/2.5 Safari/537.36','45b7570e36fae59fbdfb0637fc4aaae9','TimeOut','2019-10-01 09:45:06'),(22,1,1569925870,'2019-10-01 11:02:16',1569927736,3232235926,'Mozilla/5.0 (X11; Linux x86_64) AppleWebKit/537.36 (KHTML, like Gecko) Chrome/74.0.3729.169 YaBrowser/19.6.2.594 (beta) Yowser/2.5 Safari/537.36','45b7570e36fae59fbdfb0637fc4aaae9','d32db70874faf707b2ac57a45548c3f1','2019-10-01 10:31:10'),(23,1,1569927762,'2019-10-01 11:17:31',1569928651,3232235926,'Mozilla/5.0 (Linux; Android 6.0; Nexus 5 Build/MRA58N) AppleWebKit/537.36 (KHTML, like Gecko) Chrome/74.0.3729.169 Mobile Safari/537.36','214317175cd9da5c40f67f9621046631','5536665cfa36568894bd0f3a1f9e4180','2019-10-01 11:02:42'),(24,1,1569928658,'2019-10-01 12:04:07',1569931439,3232235926,'Mozilla/5.0 (X11; Linux x86_64) AppleWebKit/537.36 (KHTML, like Gecko) Chrome/74.0.3729.169 YaBrowser/19.6.2.594 (beta) Yowser/2.5 Safari/537.36','45b7570e36fae59fbdfb0637fc4aaae9','LogOut','2019-10-01 11:17:38'),(25,2,1569931454,'2019-10-01 12:27:58',1569932871,3232235926,'Mozilla/5.0 (X11; Linux x86_64) AppleWebKit/537.36 (KHTML, like Gecko) Chrome/74.0.3729.169 YaBrowser/19.6.2.594 (beta) Yowser/2.5 Safari/537.36','45b7570e36fae59fbdfb0637fc4aaae9','LogOut','2019-10-01 12:04:14'),(26,2,1569932884,'2019-10-01 12:58:16',1569934693,3232235926,'Mozilla/5.0 (X11; Linux x86_64) AppleWebKit/537.36 (KHTML, like Gecko) Chrome/74.0.3729.169 YaBrowser/19.6.2.594 (beta) Yowser/2.5 Safari/537.36','45b7570e36fae59fbdfb0637fc4aaae9','LogOut','2019-10-01 12:28:04'),(27,1,1569934702,'2019-10-01 12:58:58',1569934702,3232235926,'Mozilla/5.0 (X11; Linux x86_64) AppleWebKit/537.36 (KHTML, like Gecko) Chrome/74.0.3729.169 YaBrowser/19.6.2.594 (beta) Yowser/2.5 Safari/537.36','45b7570e36fae59fbdfb0637fc4aaae9','LogOut','2019-10-01 12:58:22'),(28,1,1569934742,'2019-10-01 13:03:12',1569934742,3232235926,'Mozilla/5.0 (X11; Linux x86_64) AppleWebKit/537.36 (KHTML, like Gecko) Chrome/74.0.3729.169 YaBrowser/19.6.2.594 (beta) Yowser/2.5 Safari/537.36','45b7570e36fae59fbdfb0637fc4aaae9','LogOut','2019-10-01 12:59:02'),(29,1,1569934996,'2019-10-01 13:29:56',1569936596,3232235926,'Mozilla/5.0 (X11; Linux x86_64) AppleWebKit/537.36 (KHTML, like Gecko) Chrome/74.0.3729.169 YaBrowser/19.6.2.594 (beta) Yowser/2.5 Safari/537.36','45b7570e36fae59fbdfb0637fc4aaae9','TimeOut','2019-10-01 13:03:16'),(30,1,1569936611,'2019-10-02 05:58:28',1569995908,3232235926,'Mozilla/5.0 (X11; Linux x86_64) AppleWebKit/537.36 (KHTML, like Gecko) Chrome/74.0.3729.169 YaBrowser/19.6.2.594 (beta) Yowser/2.5 Safari/537.36','45b7570e36fae59fbdfb0637fc4aaae9','TimeOut','2019-10-01 13:30:11'),(31,1,1569995941,'2019-10-02 06:43:19',1569998397,3232235926,'Mozilla/5.0 (X11; Linux x86_64) AppleWebKit/537.36 (KHTML, like Gecko) Chrome/74.0.3729.169 YaBrowser/19.6.2.594 (beta) Yowser/2.5 Safari/537.36','45b7570e36fae59fbdfb0637fc4aaae9','LogOut','2019-10-02 05:59:04'),(32,2,1569998603,'2019-10-02 07:30:53',1570001453,3232235926,'Mozilla/5.0 (X11; Linux x86_64) AppleWebKit/537.36 (KHTML, like Gecko) Chrome/74.0.3729.169 YaBrowser/19.6.2.594 (beta) Yowser/2.5 Safari/537.36','45b7570e36fae59fbdfb0637fc4aaae9','TimeOut','2019-10-02 06:43:24'),(33,1,1570001458,'2019-10-02 07:31:25',1570001458,3232235926,'Mozilla/5.0 (X11; Linux x86_64) AppleWebKit/537.36 (KHTML, like Gecko) Chrome/74.0.3729.169 YaBrowser/19.6.2.594 (beta) Yowser/2.5 Safari/537.36','45b7570e36fae59fbdfb0637fc4aaae9','LogOut','2019-10-02 07:30:58'),(34,2,1570001490,'2019-10-02 07:32:56',1570001490,3232235926,'Mozilla/5.0 (X11; Linux x86_64) AppleWebKit/537.36 (KHTML, like Gecko) Chrome/74.0.3729.169 YaBrowser/19.6.2.594 (beta) Yowser/2.5 Safari/537.36','45b7570e36fae59fbdfb0637fc4aaae9','LogOut','2019-10-02 07:31:30'),(35,1,1570001580,'2019-10-02 07:41:40',1570002096,3232235926,'Mozilla/5.0 (X11; Linux x86_64) AppleWebKit/537.36 (KHTML, like Gecko) Chrome/74.0.3729.169 YaBrowser/19.6.2.594 (beta) Yowser/2.5 Safari/537.36','45b7570e36fae59fbdfb0637fc4aaae9','LogOut','2019-10-02 07:33:00'),(36,2,1570002104,'2019-10-02 07:41:54',1570002104,3232235926,'Mozilla/5.0 (X11; Linux x86_64) AppleWebKit/537.36 (KHTML, like Gecko) Chrome/74.0.3729.169 YaBrowser/19.6.2.594 (beta) Yowser/2.5 Safari/537.36','45b7570e36fae59fbdfb0637fc4aaae9','LogOut','2019-10-02 07:41:44'),(37,2,1570002117,'2019-10-02 07:42:53',1570002117,3232235926,'Mozilla/5.0 (X11; Linux x86_64) AppleWebKit/537.36 (KHTML, like Gecko) Chrome/74.0.3729.169 YaBrowser/19.6.2.594 (beta) Yowser/2.5 Safari/537.36','45b7570e36fae59fbdfb0637fc4aaae9','LogOut','2019-10-02 07:41:57'),(38,2,1570002178,'2019-10-02 07:43:47',1570002178,3232235926,'Mozilla/5.0 (X11; Linux x86_64) AppleWebKit/537.36 (KHTML, like Gecko) Chrome/74.0.3729.169 YaBrowser/19.6.2.594 (beta) Yowser/2.5 Safari/537.36','45b7570e36fae59fbdfb0637fc4aaae9','LogOut','2019-10-02 07:42:58'),(39,2,1570002231,'2019-10-02 07:44:00',1570002231,3232235926,'Mozilla/5.0 (X11; Linux x86_64) AppleWebKit/537.36 (KHTML, like Gecko) Chrome/74.0.3729.169 YaBrowser/19.6.2.594 (beta) Yowser/2.5 Safari/537.36','45b7570e36fae59fbdfb0637fc4aaae9','LogOut','2019-10-02 07:43:51'),(40,1,1570002247,'2019-10-02 07:46:16',1570002247,3232235926,'Mozilla/5.0 (X11; Linux x86_64) AppleWebKit/537.36 (KHTML, like Gecko) Chrome/74.0.3729.169 YaBrowser/19.6.2.594 (beta) Yowser/2.5 Safari/537.36','45b7570e36fae59fbdfb0637fc4aaae9','LogOut','2019-10-02 07:44:07'),(41,2,1570002381,'2019-10-02 07:46:30',1570002381,3232235926,'Mozilla/5.0 (X11; Linux x86_64) AppleWebKit/537.36 (KHTML, like Gecko) Chrome/74.0.3729.169 YaBrowser/19.6.2.594 (beta) Yowser/2.5 Safari/537.36','45b7570e36fae59fbdfb0637fc4aaae9','LogOut','2019-10-02 07:46:21'),(42,2,1570002652,'2019-10-02 07:59:17',1570003156,3232235926,'Mozilla/5.0 (X11; Linux x86_64) AppleWebKit/537.36 (KHTML, like Gecko) Chrome/74.0.3729.169 YaBrowser/19.6.2.594 (beta) Yowser/2.5 Safari/537.36','45b7570e36fae59fbdfb0637fc4aaae9','LogOut','2019-10-02 07:50:52'),(43,3,1570003166,'2019-10-02 07:59:31',1570003166,3232235926,'Mozilla/5.0 (X11; Linux x86_64) AppleWebKit/537.36 (KHTML, like Gecko) Chrome/74.0.3729.169 YaBrowser/19.6.2.594 (beta) Yowser/2.5 Safari/537.36','45b7570e36fae59fbdfb0637fc4aaae9','LogOut','2019-10-02 07:59:26'),(44,3,1570003177,'2019-10-02 08:00:27',1570003177,3232235926,'Mozilla/5.0 (X11; Linux x86_64) AppleWebKit/537.36 (KHTML, like Gecko) Chrome/74.0.3729.169 YaBrowser/19.6.2.594 (beta) Yowser/2.5 Safari/537.36','45b7570e36fae59fbdfb0637fc4aaae9','LogOut','2019-10-02 07:59:37'),(45,3,1570003232,'2019-10-02 08:00:37',1570003232,3232235926,'Mozilla/5.0 (X11; Linux x86_64) AppleWebKit/537.36 (KHTML, like Gecko) Chrome/74.0.3729.169 YaBrowser/19.6.2.594 (beta) Yowser/2.5 Safari/537.36','45b7570e36fae59fbdfb0637fc4aaae9','LogOut','2019-10-02 08:00:32'),(46,1,1570003242,'2019-10-02 08:00:50',1570003242,3232235926,'Mozilla/5.0 (X11; Linux x86_64) AppleWebKit/537.36 (KHTML, like Gecko) Chrome/74.0.3729.169 YaBrowser/19.6.2.594 (beta) Yowser/2.5 Safari/537.36','45b7570e36fae59fbdfb0637fc4aaae9','LogOut','2019-10-02 08:00:42'),(47,2,1570003255,'2019-10-02 08:00:58',1570003255,3232235926,'Mozilla/5.0 (X11; Linux x86_64) AppleWebKit/537.36 (KHTML, like Gecko) Chrome/74.0.3729.169 YaBrowser/19.6.2.594 (beta) Yowser/2.5 Safari/537.36','45b7570e36fae59fbdfb0637fc4aaae9','LogOut','2019-10-02 08:00:55'),(48,3,1570003301,'2019-10-02 08:02:48',1570003301,3232235926,'Mozilla/5.0 (X11; Linux x86_64) AppleWebKit/537.36 (KHTML, like Gecko) Chrome/74.0.3729.169 YaBrowser/19.6.2.594 (beta) Yowser/2.5 Safari/537.36','45b7570e36fae59fbdfb0637fc4aaae9','LogOut','2019-10-02 08:01:41'),(49,3,1570003375,'2019-10-02 08:03:19',1570003375,3232235926,'Mozilla/5.0 (X11; Linux x86_64) AppleWebKit/537.36 (KHTML, like Gecko) Chrome/74.0.3729.169 YaBrowser/19.6.2.594 (beta) Yowser/2.5 Safari/537.36','45b7570e36fae59fbdfb0637fc4aaae9','LogOut','2019-10-02 08:02:55'),(50,1,1570003405,'2019-10-02 08:03:37',1570003405,3232235926,'Mozilla/5.0 (X11; Linux x86_64) AppleWebKit/537.36 (KHTML, like Gecko) Chrome/74.0.3729.169 YaBrowser/19.6.2.594 (beta) Yowser/2.5 Safari/537.36','45b7570e36fae59fbdfb0637fc4aaae9','LogOut','2019-10-02 08:03:25'),(51,2,1570003422,'2019-10-02 08:06:42',1570003422,3232235926,'Mozilla/5.0 (X11; Linux x86_64) AppleWebKit/537.36 (KHTML, like Gecko) Chrome/74.0.3729.169 YaBrowser/19.6.2.594 (beta) Yowser/2.5 Safari/537.36','45b7570e36fae59fbdfb0637fc4aaae9','LogOut','2019-10-02 08:03:42'),(52,1,1570003607,'2019-10-02 08:07:47',1570003607,3232235926,'Mozilla/5.0 (X11; Linux x86_64) AppleWebKit/537.36 (KHTML, like Gecko) Chrome/74.0.3729.169 YaBrowser/19.6.2.594 (beta) Yowser/2.5 Safari/537.36','45b7570e36fae59fbdfb0637fc4aaae9','LogOut','2019-10-02 08:06:47'),(53,2,1570003671,'2019-10-02 08:08:23',1570003671,3232235926,'Mozilla/5.0 (X11; Linux x86_64) AppleWebKit/537.36 (KHTML, like Gecko) Chrome/74.0.3729.169 YaBrowser/19.6.2.594 (beta) Yowser/2.5 Safari/537.36','45b7570e36fae59fbdfb0637fc4aaae9','LogOut','2019-10-02 08:07:51'),(54,1,1570003707,'2019-10-02 08:08:55',1570003707,3232235926,'Mozilla/5.0 (X11; Linux x86_64) AppleWebKit/537.36 (KHTML, like Gecko) Chrome/74.0.3729.169 YaBrowser/19.6.2.594 (beta) Yowser/2.5 Safari/537.36','45b7570e36fae59fbdfb0637fc4aaae9','LogOut','2019-10-02 08:08:27'),(55,1,1570003739,'2019-10-02 08:09:44',1570003739,3232235926,'Mozilla/5.0 (X11; Linux x86_64) AppleWebKit/537.36 (KHTML, like Gecko) Chrome/74.0.3729.169 YaBrowser/19.6.2.594 (beta) Yowser/2.5 Safari/537.36','45b7570e36fae59fbdfb0637fc4aaae9','LogOut','2019-10-02 08:09:00'),(56,3,1570003791,'2019-10-02 08:18:29',1570004299,3232235926,'Mozilla/5.0 (X11; Linux x86_64) AppleWebKit/537.36 (KHTML, like Gecko) Chrome/74.0.3729.169 YaBrowser/19.6.2.594 (beta) Yowser/2.5 Safari/537.36','45b7570e36fae59fbdfb0637fc4aaae9','LogOut','2019-10-02 08:09:51'),(57,2,1570004313,'2019-10-02 08:34:16',1570005253,3232235926,'Mozilla/5.0 (X11; Linux x86_64) AppleWebKit/537.36 (KHTML, like Gecko) Chrome/74.0.3729.169 YaBrowser/19.6.2.594 (beta) Yowser/2.5 Safari/537.36','45b7570e36fae59fbdfb0637fc4aaae9','LogOut','2019-10-02 08:18:33'),(58,1,1570005308,'2019-10-02 08:35:15',1570005308,3232235926,'Mozilla/5.0 (Linux; Android 6.0; Nexus 5 Build/MRA58N) AppleWebKit/537.36 (KHTML, like Gecko) Chrome/74.0.3729.169 Mobile Safari/537.36','214317175cd9da5c40f67f9621046631','LogOut','2019-10-02 08:35:08'),(59,1,1570005629,'2019-10-02 08:40:33',1570005629,3232235926,'Mozilla/5.0 (Linux; Android 6.0; Nexus 5 Build/MRA58N) AppleWebKit/537.36 (KHTML, like Gecko) Chrome/74.0.3729.169 Mobile Safari/537.36','214317175cd9da5c40f67f9621046631','LogOut','2019-10-02 08:40:29'),(60,1,1570005650,'2019-10-02 08:40:54',1570005650,3232235926,'Mozilla/5.0 (Linux; Android 6.0; Nexus 5 Build/MRA58N) AppleWebKit/537.36 (KHTML, like Gecko) Chrome/74.0.3729.169 Mobile Safari/537.36','214317175cd9da5c40f67f9621046631','LogOut','2019-10-02 08:40:50'),(61,3,1570005776,'2019-10-02 08:43:15',1570005776,3232235926,'Mozilla/5.0 (Linux; Android 6.0; Nexus 5 Build/MRA58N) AppleWebKit/537.36 (KHTML, like Gecko) Chrome/74.0.3729.169 Mobile Safari/537.36','214317175cd9da5c40f67f9621046631','LogOut','2019-10-02 08:42:56'),(62,1,1570005800,'2019-10-02 08:43:54',1570005800,3232235926,'Mozilla/5.0 (X11; Linux x86_64) AppleWebKit/537.36 (KHTML, like Gecko) Chrome/74.0.3729.169 YaBrowser/19.6.2.594 (beta) Yowser/2.5 Safari/537.36','45b7570e36fae59fbdfb0637fc4aaae9','LogOut','2019-10-02 08:43:20'),(63,2,1570005839,'2019-10-02 08:44:20',1570005839,3232235926,'Mozilla/5.0 (X11; Linux x86_64) AppleWebKit/537.36 (KHTML, like Gecko) Chrome/74.0.3729.169 YaBrowser/19.6.2.594 (beta) Yowser/2.5 Safari/537.36','45b7570e36fae59fbdfb0637fc4aaae9','LogOut','2019-10-02 08:43:59'),(64,2,1570005864,'2019-10-02 08:44:29',1570005864,3232235926,'Mozilla/5.0 (Linux; Android 6.0; Nexus 5 Build/MRA58N) AppleWebKit/537.36 (KHTML, like Gecko) Chrome/74.0.3729.169 Mobile Safari/537.36','214317175cd9da5c40f67f9621046631','LogOut','2019-10-02 08:44:24'),(65,2,1570005882,'2019-10-02 08:46:13',1570005882,3232235926,'Mozilla/5.0 (Linux; Android 6.0; Nexus 5 Build/MRA58N) AppleWebKit/537.36 (KHTML, like Gecko) Chrome/74.0.3729.169 Mobile Safari/537.36','214317175cd9da5c40f67f9621046631','LogOut','2019-10-02 08:44:42'),(66,1,1570005978,'2019-10-02 09:29:51',1570008571,3232235926,'Mozilla/5.0 (X11; Linux x86_64) AppleWebKit/537.36 (KHTML, like Gecko) Chrome/74.0.3729.169 YaBrowser/19.6.2.594 (beta) Yowser/2.5 Safari/537.36','45b7570e36fae59fbdfb0637fc4aaae9','LogOut','2019-10-02 08:46:18'),(67,1,1570008597,'2019-10-02 09:35:58',1570008911,3232235926,'Mozilla/5.0 (X11; Linux x86_64) AppleWebKit/537.36 (KHTML, like Gecko) Chrome/74.0.3729.169 YaBrowser/19.6.2.594 (beta) Yowser/2.5 Safari/537.36','45b7570e36fae59fbdfb0637fc4aaae9','LogOut','2019-10-02 09:29:57'),(68,1,1570008982,'2019-10-02 09:36:25',1570008982,3232235926,'Mozilla/5.0 (X11; Linux x86_64) AppleWebKit/537.36 (KHTML, like Gecko) Chrome/74.0.3729.169 YaBrowser/19.6.2.594 (beta) Yowser/2.5 Safari/537.36','45b7570e36fae59fbdfb0637fc4aaae9','LogOut','2019-10-02 09:36:22'),(69,1,1570009048,'2019-10-02 09:37:31',1570009048,3232235926,'Mozilla/5.0 (X11; Linux x86_64) AppleWebKit/537.36 (KHTML, like Gecko) Chrome/74.0.3729.169 YaBrowser/19.6.2.594 (beta) Yowser/2.5 Safari/537.36','45b7570e36fae59fbdfb0637fc4aaae9','LogOut','2019-10-02 09:37:28'),(70,1,1570009078,'2019-10-02 09:38:00',1570009078,3232235926,'Mozilla/5.0 (X11; Linux x86_64) AppleWebKit/537.36 (KHTML, like Gecko) Chrome/74.0.3729.169 YaBrowser/19.6.2.594 (beta) Yowser/2.5 Safari/537.36','45b7570e36fae59fbdfb0637fc4aaae9','LogOut','2019-10-02 09:37:58'),(71,1,1570009150,'2019-10-02 09:39:53',1570009150,3232235926,'Mozilla/5.0 (X11; Linux x86_64) AppleWebKit/537.36 (KHTML, like Gecko) Chrome/74.0.3729.169 YaBrowser/19.6.2.594 (beta) Yowser/2.5 Safari/537.36','45b7570e36fae59fbdfb0637fc4aaae9','LogOut','2019-10-02 09:39:10'),(72,1,1570009216,'2019-10-02 09:57:11',1570010228,3232235926,'Mozilla/5.0 (X11; Linux x86_64) AppleWebKit/537.36 (KHTML, like Gecko) Chrome/74.0.3729.169 YaBrowser/19.6.2.594 (beta) Yowser/2.5 Safari/537.36','45b7570e36fae59fbdfb0637fc4aaae9','LogOut','2019-10-02 09:40:16'),(73,1,1570010262,'2019-10-02 09:57:44',1570010262,3232235926,'Mozilla/5.0 (X11; Linux x86_64) AppleWebKit/537.36 (KHTML, like Gecko) Chrome/74.0.3729.169 YaBrowser/19.6.2.594 (beta) Yowser/2.5 Safari/537.36','45b7570e36fae59fbdfb0637fc4aaae9','LogOut','2019-10-02 09:57:42'),(74,1,1570010277,'2019-10-02 09:58:00',1570010277,3232235926,'Mozilla/5.0 (X11; Linux x86_64) AppleWebKit/537.36 (KHTML, like Gecko) Chrome/74.0.3729.169 YaBrowser/19.6.2.594 (beta) Yowser/2.5 Safari/537.36','45b7570e36fae59fbdfb0637fc4aaae9','LogOut','2019-10-02 09:57:57'),(75,1,1570010320,'2019-10-02 10:00:59',1570010320,3232235926,'Mozilla/5.0 (X11; Linux x86_64) AppleWebKit/537.36 (KHTML, like Gecko) Chrome/74.0.3729.169 YaBrowser/19.6.2.594 (beta) Yowser/2.5 Safari/537.36','45b7570e36fae59fbdfb0637fc4aaae9','LogOut','2019-10-02 09:58:40'),(76,1,1570010497,'2019-10-02 10:01:43',1570010497,3232235926,'Mozilla/5.0 (X11; Linux x86_64) AppleWebKit/537.36 (KHTML, like Gecko) Chrome/74.0.3729.169 YaBrowser/19.6.2.594 (beta) Yowser/2.5 Safari/537.36','45b7570e36fae59fbdfb0637fc4aaae9','LogOut','2019-10-02 10:01:37'),(77,2,1570010546,'2019-10-02 10:02:30',1570010546,3232235926,'Mozilla/5.0 (X11; Linux x86_64) AppleWebKit/537.36 (KHTML, like Gecko) Chrome/74.0.3729.169 YaBrowser/19.6.2.594 (beta) Yowser/2.5 Safari/537.36','45b7570e36fae59fbdfb0637fc4aaae9','LogOut','2019-10-02 10:02:27'),(78,1,1570010750,'2019-10-02 10:23:37',1570011811,3232235926,'Mozilla/5.0 (X11; Linux x86_64) AppleWebKit/537.36 (KHTML, like Gecko) Chrome/74.0.3729.169 YaBrowser/19.6.2.594 (beta) Yowser/2.5 Safari/537.36','45b7570e36fae59fbdfb0637fc4aaae9','LogOut','2019-10-02 10:05:50'),(79,2,1570011824,'2019-10-02 11:06:21',1570014381,3232235926,'Mozilla/5.0 (X11; Linux x86_64) AppleWebKit/537.36 (KHTML, like Gecko) Chrome/74.0.3729.169 YaBrowser/19.6.2.594 (beta) Yowser/2.5 Safari/537.36','45b7570e36fae59fbdfb0637fc4aaae9','TimeOut','2019-10-02 10:23:44'),(80,2,1570016399,NULL,1570016399,3232235926,'Mozilla/5.0 (X11; Linux x86_64) AppleWebKit/537.36 (KHTML, like Gecko) Chrome/74.0.3729.169 YaBrowser/19.6.2.594 (beta) Yowser/2.5 Safari/537.36','45b7570e36fae59fbdfb0637fc4aaae9','1ec63eafae5c72cba737a11dd52f68d4','2019-10-02 11:39:59'),(81,2,1570016410,'2019-10-02 11:40:18',1570016410,3232235926,'Mozilla/5.0 (X11; Linux x86_64) AppleWebKit/537.36 (KHTML, like Gecko) Chrome/74.0.3729.169 YaBrowser/19.6.2.594 (beta) Yowser/2.5 Safari/537.36','45b7570e36fae59fbdfb0637fc4aaae9','LogOut','2019-10-02 11:40:10'),(82,1,1570016423,'2019-10-02 11:40:26',1570016423,3232235926,'Mozilla/5.0 (X11; Linux x86_64) AppleWebKit/537.36 (KHTML, like Gecko) Chrome/74.0.3729.169 YaBrowser/19.6.2.594 (beta) Yowser/2.5 Safari/537.36','45b7570e36fae59fbdfb0637fc4aaae9','LogOut','2019-10-02 11:40:23'),(83,1,1570016431,'2019-10-02 11:54:00',1570017235,3232235926,'Mozilla/5.0 (X11; Linux x86_64) AppleWebKit/537.36 (KHTML, like Gecko) Chrome/74.0.3729.169 YaBrowser/19.6.2.594 (beta) Yowser/2.5 Safari/537.36','45b7570e36fae59fbdfb0637fc4aaae9','LogOut','2019-10-02 11:40:31'),(84,3,1570017250,'2019-10-02 12:30:09',1570019219,3232235926,'Mozilla/5.0 (X11; Linux x86_64) AppleWebKit/537.36 (KHTML, like Gecko) Chrome/74.0.3729.169 YaBrowser/19.6.2.594 (beta) Yowser/2.5 Safari/537.36','45b7570e36fae59fbdfb0637fc4aaae9','LogOut','2019-10-02 11:54:10'),(85,1,1570019414,'2019-10-02 12:53:16',1570020510,3232235926,'Mozilla/5.0 (X11; Linux x86_64) AppleWebKit/537.36 (KHTML, like Gecko) Chrome/74.0.3729.169 YaBrowser/19.6.2.594 (beta) Yowser/2.5 Safari/537.36','45b7570e36fae59fbdfb0637fc4aaae9','LogOut','2019-10-02 12:30:14'),(86,3,1570020803,'2019-10-02 13:47:37',1570024043,3232235926,'Mozilla/5.0 (X11; Linux x86_64) AppleWebKit/537.36 (KHTML, like Gecko) Chrome/74.0.3729.169 YaBrowser/19.6.2.594 (beta) Yowser/2.5 Safari/537.36','45b7570e36fae59fbdfb0637fc4aaae9','LogOut','2019-10-02 12:53:23'),(87,1,1570024061,'2019-10-02 13:49:03',1570024061,3232235926,'Mozilla/5.0 (X11; Linux x86_64) AppleWebKit/537.36 (KHTML, like Gecko) Chrome/74.0.3729.169 YaBrowser/19.6.2.594 (beta) Yowser/2.5 Safari/537.36','45b7570e36fae59fbdfb0637fc4aaae9','LogOut','2019-10-02 13:47:41'),(88,2,1570024148,'2019-10-02 14:10:46',1570025440,3232235926,'Mozilla/5.0 (X11; Linux x86_64) AppleWebKit/537.36 (KHTML, like Gecko) Chrome/74.0.3729.169 YaBrowser/19.6.2.594 (beta) Yowser/2.5 Safari/537.36','45b7570e36fae59fbdfb0637fc4aaae9','LogOut','2019-10-02 13:49:08'),(89,2,1570025452,NULL,1570025452,3232235926,'Mozilla/5.0 (X11; Linux x86_64) AppleWebKit/537.36 (KHTML, like Gecko) Chrome/74.0.3729.169 YaBrowser/19.6.2.594 (beta) Yowser/2.5 Safari/537.36','45b7570e36fae59fbdfb0637fc4aaae9','60571d3b96b029b013589856308b47bd','2019-10-02 14:10:52'),(90,2,1570080231,NULL,1570080231,3232235926,'Mozilla/5.0 (X11; Linux x86_64) AppleWebKit/537.36 (KHTML, like Gecko) Chrome/74.0.3729.169 YaBrowser/19.6.2.594 (beta) Yowser/2.5 Safari/537.36','45b7570e36fae59fbdfb0637fc4aaae9','b9638edbc1db4d75dc38d43d13184290','2019-10-03 05:23:51'),(91,2,1570080328,'2019-10-03 05:32:03',1570080654,3232235926,'Mozilla/5.0 (X11; Linux x86_64) AppleWebKit/537.36 (KHTML, like Gecko) Chrome/74.0.3729.169 YaBrowser/19.6.2.594 (beta) Yowser/2.5 Safari/537.36','45b7570e36fae59fbdfb0637fc4aaae9','LogOut','2019-10-03 05:25:28'),(92,2,1570084897,'2019-10-03 06:41:49',1570084897,3232235926,'Mozilla/5.0 (X11; Linux x86_64) AppleWebKit/537.36 (KHTML, like Gecko) Chrome/74.0.3729.169 YaBrowser/19.6.2.594 (beta) Yowser/2.5 Safari/537.36','45b7570e36fae59fbdfb0637fc4aaae9','LogOut','2019-10-03 06:41:37'),(93,2,1570085005,'2019-10-03 07:01:34',1570086059,3232235926,'Mozilla/5.0 (X11; Linux x86_64) AppleWebKit/537.36 (KHTML, like Gecko) Chrome/74.0.3729.169 YaBrowser/19.6.2.594 (beta) Yowser/2.5 Safari/537.36','45b7570e36fae59fbdfb0637fc4aaae9','LogOut','2019-10-03 06:43:25'),(94,3,1570086133,'2019-10-03 07:02:27',1570086133,3232235926,'Mozilla/5.0 (X11; Linux x86_64) AppleWebKit/537.36 (KHTML, like Gecko) Chrome/74.0.3729.169 YaBrowser/19.6.2.594 (beta) Yowser/2.5 Safari/537.36','45b7570e36fae59fbdfb0637fc4aaae9','LogOut','2019-10-03 07:02:13'),(95,2,1570086150,'2019-10-03 07:03:26',1570086150,3232235926,'Mozilla/5.0 (X11; Linux x86_64) AppleWebKit/537.36 (KHTML, like Gecko) Chrome/74.0.3729.169 YaBrowser/19.6.2.594 (beta) Yowser/2.5 Safari/537.36','45b7570e36fae59fbdfb0637fc4aaae9','LogOut','2019-10-03 07:02:30'),(96,2,1570086209,'2019-10-03 07:04:28',1570086209,3232235926,'Mozilla/5.0 (X11; Linux x86_64) AppleWebKit/537.36 (KHTML, like Gecko) Chrome/74.0.3729.169 YaBrowser/19.6.2.594 (beta) Yowser/2.5 Safari/537.36','45b7570e36fae59fbdfb0637fc4aaae9','LogOut','2019-10-03 07:03:29'),(97,2,1570086271,'2019-10-03 07:06:14',1570086271,3232235926,'Mozilla/5.0 (X11; Linux x86_64) AppleWebKit/537.36 (KHTML, like Gecko) Chrome/74.0.3729.169 YaBrowser/19.6.2.594 (beta) Yowser/2.5 Safari/537.36','45b7570e36fae59fbdfb0637fc4aaae9','LogOut','2019-10-03 07:04:31'),(98,1,1570086378,'2019-10-03 07:32:15',1570087934,3232235926,'Mozilla/5.0 (X11; Linux x86_64) AppleWebKit/537.36 (KHTML, like Gecko) Chrome/74.0.3729.169 YaBrowser/19.6.2.594 (beta) Yowser/2.5 Safari/537.36','45b7570e36fae59fbdfb0637fc4aaae9','TimeOut','2019-10-03 07:06:18'),(99,1,1570088241,NULL,1570088241,3232235926,'Mozilla/5.0 (X11; Linux x86_64) AppleWebKit/537.36 (KHTML, like Gecko) Chrome/74.0.3729.169 YaBrowser/19.6.2.594 (beta) Yowser/2.5 Safari/537.36','45b7570e36fae59fbdfb0637fc4aaae9','1c342e1f77b99daea83c16fc26a423bc','2019-10-03 07:37:21'),(100,1,1570088282,'2019-10-03 07:43:43',1570088587,3232235926,'Mozilla/5.0 (X11; Linux x86_64) AppleWebKit/537.36 (KHTML, like Gecko) Chrome/74.0.3729.169 YaBrowser/19.6.2.594 (beta) Yowser/2.5 Safari/537.36','45b7570e36fae59fbdfb0637fc4aaae9','LogOut','2019-10-03 07:38:02'),(101,1,1570088709,'2019-10-03 07:46:13',1570088709,3232235926,'Mozilla/5.0 (X11; Linux x86_64) AppleWebKit/537.36 (KHTML, like Gecko) Chrome/74.0.3729.169 YaBrowser/19.6.2.594 (beta) Yowser/2.5 Safari/537.36','45b7570e36fae59fbdfb0637fc4aaae9','LogOut','2019-10-03 07:45:09'),(102,2,1570088778,'2019-10-03 07:51:24',1570089082,3232235926,'Mozilla/5.0 (X11; Linux x86_64) AppleWebKit/537.36 (KHTML, like Gecko) Chrome/74.0.3729.169 YaBrowser/19.6.2.594 (beta) Yowser/2.5 Safari/537.36','45b7570e36fae59fbdfb0637fc4aaae9','LogOut','2019-10-03 07:46:18'),(103,1,1570089089,'2019-10-03 08:32:47',1570091567,3232235926,'Mozilla/5.0 (X11; Linux x86_64) AppleWebKit/537.36 (KHTML, like Gecko) Chrome/74.0.3729.169 YaBrowser/19.6.2.594 (beta) Yowser/2.5 Safari/537.36','45b7570e36fae59fbdfb0637fc4aaae9','TimeOut','2019-10-03 07:51:29'),(104,2,1570091571,'2019-10-03 09:00:26',1570093218,3232235926,'Mozilla/5.0 (X11; Linux x86_64) AppleWebKit/537.36 (KHTML, like Gecko) Chrome/74.0.3729.169 YaBrowser/19.6.2.594 (beta) Yowser/2.5 Safari/537.36','45b7570e36fae59fbdfb0637fc4aaae9','LogOut','2019-10-03 08:32:52'),(105,1,1570093232,'2019-10-03 09:00:37',1570093232,3232235926,'Mozilla/5.0 (X11; Linux x86_64) AppleWebKit/537.36 (KHTML, like Gecko) Chrome/74.0.3729.169 YaBrowser/19.6.2.594 (beta) Yowser/2.5 Safari/537.36','45b7570e36fae59fbdfb0637fc4aaae9','LogOut','2019-10-03 09:00:32'),(106,3,1570093248,'2019-10-03 09:03:32',1570093248,3232235926,'Mozilla/5.0 (X11; Linux x86_64) AppleWebKit/537.36 (KHTML, like Gecko) Chrome/74.0.3729.169 YaBrowser/19.6.2.594 (beta) Yowser/2.5 Safari/537.36','45b7570e36fae59fbdfb0637fc4aaae9','LogOut','2019-10-03 09:00:48'),(107,2,1570093423,'2019-10-03 09:03:47',1570093423,3232235926,'Mozilla/5.0 (X11; Linux x86_64) AppleWebKit/537.36 (KHTML, like Gecko) Chrome/74.0.3729.169 YaBrowser/19.6.2.594 (beta) Yowser/2.5 Safari/537.36','45b7570e36fae59fbdfb0637fc4aaae9','LogOut','2019-10-03 09:03:43'),(108,1,1570093431,'2019-10-03 09:03:54',1570093431,3232235926,'Mozilla/5.0 (X11; Linux x86_64) AppleWebKit/537.36 (KHTML, like Gecko) Chrome/74.0.3729.169 YaBrowser/19.6.2.594 (beta) Yowser/2.5 Safari/537.36','45b7570e36fae59fbdfb0637fc4aaae9','LogOut','2019-10-03 09:03:51'),(109,2,1570093437,'2019-10-03 09:53:12',1570096392,3232235926,'Mozilla/5.0 (X11; Linux x86_64) AppleWebKit/537.36 (KHTML, like Gecko) Chrome/74.0.3729.169 YaBrowser/19.6.2.594 (beta) Yowser/2.5 Safari/537.36','45b7570e36fae59fbdfb0637fc4aaae9','TimeOut','2019-10-03 09:03:57'),(110,1,1570096590,'2019-10-03 09:56:34',1570096590,3232235926,'Mozilla/5.0 (X11; Linux x86_64) AppleWebKit/537.36 (KHTML, like Gecko) Chrome/74.0.3729.169 YaBrowser/19.6.2.594 (beta) Yowser/2.5 Safari/537.36','45b7570e36fae59fbdfb0637fc4aaae9','LogOut','2019-10-03 09:56:30'),(111,1,1570096604,'2019-10-03 09:56:48',1570096604,3232235926,'Mozilla/5.0 (X11; Linux x86_64) AppleWebKit/537.36 (KHTML, like Gecko) Chrome/74.0.3729.169 YaBrowser/19.6.2.594 (beta) Yowser/2.5 Safari/537.36','45b7570e36fae59fbdfb0637fc4aaae9','LogOut','2019-10-03 09:56:44'),(112,1,1570096650,'2019-10-03 11:01:57',1570100517,3232235926,'Mozilla/5.0 (X11; Linux x86_64) AppleWebKit/537.36 (KHTML, like Gecko) Chrome/74.0.3729.169 YaBrowser/19.6.2.594 (beta) Yowser/2.5 Safari/537.36','45b7570e36fae59fbdfb0637fc4aaae9','TimeOut','2019-10-03 09:57:30'),(113,1,1570108511,'2019-10-03 13:15:17',1570108511,3232235926,'Mozilla/5.0 (X11; Linux x86_64) AppleWebKit/537.36 (KHTML, like Gecko) Chrome/74.0.3729.169 YaBrowser/19.6.2.594 (beta) Yowser/2.5 Safari/537.36','45b7570e36fae59fbdfb0637fc4aaae9','LogOut','2019-10-03 13:15:12'),(114,2,1570108521,'2019-10-03 13:15:23',1570108521,3232235926,'Mozilla/5.0 (X11; Linux x86_64) AppleWebKit/537.36 (KHTML, like Gecko) Chrome/74.0.3729.169 YaBrowser/19.6.2.594 (beta) Yowser/2.5 Safari/537.36','45b7570e36fae59fbdfb0637fc4aaae9','LogOut','2019-10-03 13:15:21'),(115,3,1570108532,'2019-10-03 13:15:34',1570108532,3232235926,'Mozilla/5.0 (X11; Linux x86_64) AppleWebKit/537.36 (KHTML, like Gecko) Chrome/74.0.3729.169 YaBrowser/19.6.2.594 (beta) Yowser/2.5 Safari/537.36','45b7570e36fae59fbdfb0637fc4aaae9','LogOut','2019-10-03 13:15:32'),(116,1,1570108539,'2019-10-03 13:47:21',1570110441,3232235926,'Mozilla/5.0 (X11; Linux x86_64) AppleWebKit/537.36 (KHTML, like Gecko) Chrome/74.0.3729.169 YaBrowser/19.6.2.594 (beta) Yowser/2.5 Safari/537.36','45b7570e36fae59fbdfb0637fc4aaae9','LogOut','2019-10-03 13:15:39'),(117,2,1570110457,NULL,1570110457,3232235926,'Mozilla/5.0 (X11; Linux x86_64) AppleWebKit/537.36 (KHTML, like Gecko) Chrome/74.0.3729.169 YaBrowser/19.6.2.594 (beta) Yowser/2.5 Safari/537.36','45b7570e36fae59fbdfb0637fc4aaae9','623d951f1593744d94d661a4c707a09a','2019-10-03 13:47:37'),(118,2,1570170058,'2019-10-04 06:21:02',1570170058,3232235926,'Mozilla/5.0 (X11; Linux x86_64) AppleWebKit/537.36 (KHTML, like Gecko) Chrome/74.0.3729.169 YaBrowser/19.6.2.594 (beta) Yowser/2.5 Safari/537.36','45b7570e36fae59fbdfb0637fc4aaae9','LogOut','2019-10-04 06:20:58'),(119,2,1570170066,'2019-10-04 06:27:49',1570170469,3232235926,'Mozilla/5.0 (X11; Linux x86_64) AppleWebKit/537.36 (KHTML, like Gecko) Chrome/74.0.3729.169 YaBrowser/19.6.2.594 (beta) Yowser/2.5 Safari/537.36','45b7570e36fae59fbdfb0637fc4aaae9','LogOut','2019-10-04 06:21:06'),(120,1,1570170473,'2019-10-04 06:28:45',1570170473,3232235926,'Mozilla/5.0 (X11; Linux x86_64) AppleWebKit/537.36 (KHTML, like Gecko) Chrome/74.0.3729.169 YaBrowser/19.6.2.594 (beta) Yowser/2.5 Safari/537.36','45b7570e36fae59fbdfb0637fc4aaae9','LogOut','2019-10-04 06:27:53'),(121,3,1570170531,'2019-10-04 06:29:15',1570170531,3232235926,'Mozilla/5.0 (X11; Linux x86_64) AppleWebKit/537.36 (KHTML, like Gecko) Chrome/74.0.3729.169 YaBrowser/19.6.2.594 (beta) Yowser/2.5 Safari/537.36','45b7570e36fae59fbdfb0637fc4aaae9','LogOut','2019-10-04 06:28:51'),(122,1,1570171226,'2019-10-04 07:22:23',1570173743,3232235926,'Mozilla/5.0 (X11; Linux x86_64) AppleWebKit/537.36 (KHTML, like Gecko) Chrome/74.0.3729.169 YaBrowser/19.6.2.594 (beta) Yowser/2.5 Safari/537.36','45b7570e36fae59fbdfb0637fc4aaae9','TimeOut','2019-10-04 06:40:26'),(123,1,1570173747,'2019-10-04 08:44:45',1570178685,3232235926,'Mozilla/5.0 (X11; Linux x86_64) AppleWebKit/537.36 (KHTML, like Gecko) Chrome/74.0.3729.169 YaBrowser/19.6.2.594 (beta) Yowser/2.5 Safari/537.36','45b7570e36fae59fbdfb0637fc4aaae9','TimeOut','2019-10-04 07:22:27'),(124,1,1570178692,'2019-10-04 09:39:36',1570181976,3232235926,'Mozilla/5.0 (X11; Linux x86_64) AppleWebKit/537.36 (KHTML, like Gecko) Chrome/74.0.3729.169 YaBrowser/19.6.2.594 (beta) Yowser/2.5 Safari/537.36','45b7570e36fae59fbdfb0637fc4aaae9','76658ca3756ea2cc3046e672750e3984','2019-10-04 08:44:52'),(125,2,1570182231,'2019-10-04 09:51:23',1570182683,3232235926,'Mozilla/5.0 (X11; Linux x86_64) AppleWebKit/537.36 (KHTML, like Gecko) Chrome/74.0.3729.169 YaBrowser/19.6.2.594 (beta) Yowser/2.5 Safari/537.36','45b7570e36fae59fbdfb0637fc4aaae9','6e0f710f77a02d776a6dd886f13de8f2','2019-10-04 09:43:51'),(126,2,1570182835,'2019-10-04 10:01:06',1570183165,3232235926,'Mozilla/5.0 (X11; Linux x86_64) AppleWebKit/537.36 (KHTML, like Gecko) Chrome/74.0.3729.169 YaBrowser/19.6.2.594 (beta) Yowser/2.5 Safari/537.36','45b7570e36fae59fbdfb0637fc4aaae9','LogOut','2019-10-04 09:53:56'),(127,1,1570183271,'2019-10-04 12:32:42',1570192362,3232235926,'Mozilla/5.0 (X11; Linux x86_64) AppleWebKit/537.36 (KHTML, like Gecko) Chrome/74.0.3729.169 YaBrowser/19.6.2.594 (beta) Yowser/2.5 Safari/537.36','45b7570e36fae59fbdfb0637fc4aaae9','TimeOut','2019-10-04 10:01:11'),(128,1,1570192369,'2019-10-04 13:00:46',1570194046,3232235926,'Mozilla/5.0 (X11; Linux x86_64) AppleWebKit/537.36 (KHTML, like Gecko) Chrome/74.0.3729.169 YaBrowser/19.6.2.594 (beta) Yowser/2.5 Safari/537.36','45b7570e36fae59fbdfb0637fc4aaae9','LogOut','2019-10-04 12:32:49'),(129,2,1570194155,NULL,1570194155,3232235926,'Mozilla/5.0 (X11; Linux x86_64) AppleWebKit/537.36 (KHTML, like Gecko) Chrome/74.0.3729.169 YaBrowser/19.6.2.594 (beta) Yowser/2.5 Safari/537.36','45b7570e36fae59fbdfb0637fc4aaae9','c8ef9638ba282bb35ecb102dafc8a464','2019-10-04 13:02:35'),(130,2,1570431380,'2019-10-07 10:27:58',1570444078,3232235926,'Mozilla/5.0 (X11; Linux x86_64) AppleWebKit/537.36 (KHTML, like Gecko) Chrome/74.0.3729.169 YaBrowser/19.6.2.594 (beta) Yowser/2.5 Safari/537.36','45b7570e36fae59fbdfb0637fc4aaae9','TimeOut','2019-10-07 06:56:20'),(131,1,1570444464,'2019-10-07 11:31:51',1570447911,3232235926,'Mozilla/5.0 (X11; Linux x86_64) AppleWebKit/537.36 (KHTML, like Gecko) Chrome/74.0.3729.169 YaBrowser/19.6.2.594 (beta) Yowser/2.5 Safari/537.36','45b7570e36fae59fbdfb0637fc4aaae9','TimeOut','2019-10-07 10:34:24'),(132,1,1570447920,'2019-10-07 12:57:20',1570453040,3232235926,'Mozilla/5.0 (X11; Linux x86_64) AppleWebKit/537.36 (KHTML, like Gecko) Chrome/74.0.3729.169 YaBrowser/19.6.2.594 (beta) Yowser/2.5 Safari/537.36','45b7570e36fae59fbdfb0637fc4aaae9','TimeOut','2019-10-07 11:32:00'),(133,1,1570453044,'2019-10-07 13:20:11',1570454143,3232235926,'Mozilla/5.0 (X11; Linux x86_64) AppleWebKit/537.36 (KHTML, like Gecko) Chrome/74.0.3729.169 YaBrowser/19.6.2.594 (beta) Yowser/2.5 Safari/537.36','45b7570e36fae59fbdfb0637fc4aaae9','LogOut','2019-10-07 12:57:24'),(134,2,1570454418,'2019-10-07 13:23:58',1570454418,3232235926,'Mozilla/5.0 (X11; Linux x86_64) AppleWebKit/537.36 (KHTML, like Gecko) Chrome/74.0.3729.169 YaBrowser/19.6.2.594 (beta) Yowser/2.5 Safari/537.36','45b7570e36fae59fbdfb0637fc4aaae9','LogOut','2019-10-07 13:20:18'),(135,3,1570454643,'2019-10-07 13:28:57',1570454643,3232235926,'Mozilla/5.0 (X11; Linux x86_64) AppleWebKit/537.36 (KHTML, like Gecko) Chrome/74.0.3729.169 YaBrowser/19.6.2.594 (beta) Yowser/2.5 Safari/537.36','45b7570e36fae59fbdfb0637fc4aaae9','LogOut','2019-10-07 13:24:03'),(136,2,1570454945,'2019-10-07 14:02:04',1570456913,3232235926,'Mozilla/5.0 (X11; Linux x86_64) AppleWebKit/537.36 (KHTML, like Gecko) Chrome/74.0.3729.169 YaBrowser/19.6.2.594 (beta) Yowser/2.5 Safari/537.36','45b7570e36fae59fbdfb0637fc4aaae9','LogOut','2019-10-07 13:29:05'),(137,1,1570456931,'2019-10-07 14:04:55',1570456931,3232235926,'Mozilla/5.0 (X11; Linux x86_64) AppleWebKit/537.36 (KHTML, like Gecko) Chrome/74.0.3729.169 YaBrowser/19.6.2.594 (beta) Yowser/2.5 Safari/537.36','45b7570e36fae59fbdfb0637fc4aaae9','LogOut','2019-10-07 14:02:11'),(138,1,1570457109,NULL,1570457109,3232235926,'Mozilla/5.0 (X11; Linux x86_64) AppleWebKit/537.36 (KHTML, like Gecko) Chrome/74.0.3729.169 YaBrowser/19.6.2.594 (beta) Yowser/2.5 Safari/537.36','45b7570e36fae59fbdfb0637fc4aaae9','91c8b9436a5c2bdb878c018dc1be3fcd','2019-10-07 14:05:09'),(139,1,1570513809,'2019-10-08 06:00:45',1570514167,3232235926,'Mozilla/5.0 (X11; Linux x86_64) AppleWebKit/537.36 (KHTML, like Gecko) Chrome/74.0.3729.169 YaBrowser/19.6.2.594 (beta) Yowser/2.5 Safari/537.36','45b7570e36fae59fbdfb0637fc4aaae9','LogOut','2019-10-08 05:50:09'),(140,2,1570514450,'2019-10-08 06:01:39',1570514450,3232235926,'Mozilla/5.0 (X11; Linux x86_64) AppleWebKit/537.36 (KHTML, like Gecko) Chrome/74.0.3729.169 YaBrowser/19.6.2.594 (beta) Yowser/2.5 Safari/537.36','45b7570e36fae59fbdfb0637fc4aaae9','LogOut','2019-10-08 06:00:50'),(141,3,1570514507,'2019-10-08 06:05:37',1570514507,3232235926,'Mozilla/5.0 (X11; Linux x86_64) AppleWebKit/537.36 (KHTML, like Gecko) Chrome/74.0.3729.169 YaBrowser/19.6.2.594 (beta) Yowser/2.5 Safari/537.36','45b7570e36fae59fbdfb0637fc4aaae9','LogOut','2019-10-08 06:01:47'),(142,1,1570514743,NULL,1570514743,3232235926,'Mozilla/5.0 (X11; Linux x86_64) AppleWebKit/537.36 (KHTML, like Gecko) Chrome/74.0.3729.169 YaBrowser/19.6.2.594 (beta) Yowser/2.5 Safari/537.36','45b7570e36fae59fbdfb0637fc4aaae9','580ccd4a2cbc48525091fe9073037e68','2019-10-08 06:05:43'),(143,1,1570514905,NULL,1570514905,3232235926,'Mozilla/5.0 (Linux; Android 6.0; Nexus 5 Build/MRA58N) AppleWebKit/537.36 (KHTML, like Gecko) Chrome/74.0.3729.169 Mobile Safari/537.36','214317175cd9da5c40f67f9621046631','aa1c0460431d5e8a59b91fb8e21f1bff','2019-10-08 06:08:25'),(144,1,1570515093,'2019-10-08 06:44:52',1570516797,3232235926,'Mozilla/5.0 (X11; Linux x86_64) AppleWebKit/537.36 (KHTML, like Gecko) Chrome/74.0.3729.169 YaBrowser/19.6.2.594 (beta) Yowser/2.5 Safari/537.36','45b7570e36fae59fbdfb0637fc4aaae9','LogOut','2019-10-08 06:11:33'),(145,2,1570517099,'2019-10-08 07:17:18',1570519038,3232235926,'Mozilla/5.0 (X11; Linux x86_64) AppleWebKit/537.36 (KHTML, like Gecko) Chrome/74.0.3729.169 YaBrowser/19.6.2.594 (beta) Yowser/2.5 Safari/537.36','45b7570e36fae59fbdfb0637fc4aaae9','TimeOut','2019-10-08 06:44:59'),(146,2,1570519192,'2019-10-08 07:25:12',1570519508,3232235926,'Mozilla/5.0 (X11; Linux x86_64) AppleWebKit/537.36 (KHTML, like Gecko) Chrome/74.0.3729.169 YaBrowser/19.6.2.594 (beta) Yowser/2.5 Safari/537.36','45b7570e36fae59fbdfb0637fc4aaae9','LogOut','2019-10-08 07:19:52'),(147,2,1570519519,'2019-10-08 07:27:40',1570519519,3232235926,'Mozilla/5.0 (X11; Linux x86_64) AppleWebKit/537.36 (KHTML, like Gecko) Chrome/74.0.3729.169 YaBrowser/19.6.2.594 (beta) Yowser/2.5 Safari/537.36','45b7570e36fae59fbdfb0637fc4aaae9','LogOut','2019-10-08 07:25:19'),(148,1,1570519665,'2019-10-08 08:30:11',1570523410,3232235926,'Mozilla/5.0 (X11; Linux x86_64) AppleWebKit/537.36 (KHTML, like Gecko) Chrome/74.0.3729.169 YaBrowser/19.6.2.594 (beta) Yowser/2.5 Safari/537.36','45b7570e36fae59fbdfb0637fc4aaae9','TimeOut','2019-10-08 07:27:45'),(149,3,1570523416,'2019-10-08 09:39:03',1570527543,3232235926,'Mozilla/5.0 (X11; Linux x86_64) AppleWebKit/537.36 (KHTML, like Gecko) Chrome/74.0.3729.169 YaBrowser/19.6.2.594 (beta) Yowser/2.5 Safari/537.36','45b7570e36fae59fbdfb0637fc4aaae9','TimeOut','2019-10-08 08:30:16'),(150,2,1570527683,'2019-10-08 10:24:10',1570530249,3232235926,'Mozilla/5.0 (X11; Linux x86_64) AppleWebKit/537.36 (KHTML, like Gecko) Chrome/74.0.3729.169 YaBrowser/19.6.2.594 (beta) Yowser/2.5 Safari/537.36','45b7570e36fae59fbdfb0637fc4aaae9','TimeOut','2019-10-08 09:41:23'),(151,1,1570540211,NULL,1570540211,3232235926,'Mozilla/5.0 (X11; Linux x86_64) AppleWebKit/537.36 (KHTML, like Gecko) Chrome/74.0.3729.169 YaBrowser/19.6.2.594 (beta) Yowser/2.5 Safari/537.36','45b7570e36fae59fbdfb0637fc4aaae9','829261a2784f53c376eaaa527725fcd6','2019-10-08 13:10:11'),(152,1,1570540216,'2019-10-08 13:46:39',1570542399,3232235926,'Mozilla/5.0 (X11; Linux x86_64) AppleWebKit/537.36 (KHTML, like Gecko) Chrome/74.0.3729.169 YaBrowser/19.6.2.594 (beta) Yowser/2.5 Safari/537.36','45b7570e36fae59fbdfb0637fc4aaae9','ed0f9258022ede6a4a5473f04cc204b2','2019-10-08 13:10:16'),(153,3,1570542557,NULL,1570542557,3232235926,'Mozilla/5.0 (Linux; Android 6.0; Nexus 5 Build/MRA58N) AppleWebKit/537.36 (KHTML, like Gecko) Chrome/74.0.3729.169 Mobile Safari/537.36','214317175cd9da5c40f67f9621046631','e452ae39867bf9ff5876190b1c389a2e','2019-10-08 13:49:17'),(154,2,1570604041,'2019-10-09 06:55:03',1570604041,3232235926,'Mozilla/5.0 (X11; Linux x86_64) AppleWebKit/537.36 (KHTML, like Gecko) Chrome/74.0.3729.169 YaBrowser/19.6.2.594 (beta) Yowser/2.5 Safari/537.36','45b7570e36fae59fbdfb0637fc4aaae9','LogOut','2019-10-09 06:54:01'),(155,1,1570604109,'2019-10-09 06:56:27',1570604109,3232235926,'Mozilla/5.0 (X11; Linux x86_64) AppleWebKit/537.36 (KHTML, like Gecko) Chrome/74.0.3729.169 YaBrowser/19.6.2.594 (beta) Yowser/2.5 Safari/537.36','45b7570e36fae59fbdfb0637fc4aaae9','LogOut','2019-10-09 06:55:09'),(156,3,1570604192,'2019-10-09 06:57:44',1570604192,3232235926,'Mozilla/5.0 (X11; Linux x86_64) AppleWebKit/537.36 (KHTML, like Gecko) Chrome/74.0.3729.169 YaBrowser/19.6.2.594 (beta) Yowser/2.5 Safari/537.36','45b7570e36fae59fbdfb0637fc4aaae9','LogOut','2019-10-09 06:56:32'),(157,1,1570604272,'2019-10-09 07:33:28',1570606408,3232235926,'Mozilla/5.0 (X11; Linux x86_64) AppleWebKit/537.36 (KHTML, like Gecko) Chrome/74.0.3729.169 YaBrowser/19.6.2.594 (beta) Yowser/2.5 Safari/537.36','45b7570e36fae59fbdfb0637fc4aaae9','TimeOut','2019-10-09 06:57:52'),(158,1,1570606412,'2019-10-09 08:27:10',1570609630,3232235926,'Mozilla/5.0 (X11; Linux x86_64) AppleWebKit/537.36 (KHTML, like Gecko) Chrome/74.0.3729.169 YaBrowser/19.6.2.594 (beta) Yowser/2.5 Safari/537.36','45b7570e36fae59fbdfb0637fc4aaae9','TimeOut','2019-10-09 07:33:32'),(159,1,1570610972,'2019-10-09 09:46:44',1570614404,3232235926,'Mozilla/5.0 (X11; Linux x86_64) AppleWebKit/537.36 (KHTML, like Gecko) Chrome/74.0.3729.169 YaBrowser/19.6.2.594 (beta) Yowser/2.5 Safari/537.36','45b7570e36fae59fbdfb0637fc4aaae9','TimeOut','2019-10-09 08:49:32'),(160,1,1570614410,'2019-10-09 11:41:24',1570621284,3232235926,'Mozilla/5.0 (X11; Linux x86_64) AppleWebKit/537.36 (KHTML, like Gecko) Chrome/74.0.3729.169 YaBrowser/19.6.2.594 (beta) Yowser/2.5 Safari/537.36','45b7570e36fae59fbdfb0637fc4aaae9','TimeOut','2019-10-09 09:46:50'),(161,1,1570621291,'2019-10-09 12:20:31',1570623631,3232235926,'Mozilla/5.0 (X11; Linux x86_64) AppleWebKit/537.36 (KHTML, like Gecko) Chrome/74.0.3729.169 YaBrowser/19.6.2.594 (beta) Yowser/2.5 Safari/537.36','45b7570e36fae59fbdfb0637fc4aaae9','TimeOut','2019-10-09 11:41:31'),(162,1,1570623636,'2019-10-09 13:01:06',1570626066,3232235926,'Mozilla/5.0 (X11; Linux x86_64) AppleWebKit/537.36 (KHTML, like Gecko) Chrome/74.0.3729.169 YaBrowser/19.6.2.594 (beta) Yowser/2.5 Safari/537.36','45b7570e36fae59fbdfb0637fc4aaae9','TimeOut','2019-10-09 12:20:36'),(163,1,1570626071,'2019-10-09 13:37:04',1570628224,3232235926,'Mozilla/5.0 (X11; Linux x86_64) AppleWebKit/537.36 (KHTML, like Gecko) Chrome/74.0.3729.169 YaBrowser/19.6.2.594 (beta) Yowser/2.5 Safari/537.36','45b7570e36fae59fbdfb0637fc4aaae9','TimeOut','2019-10-09 13:01:11'),(164,1,1570628228,'2019-10-09 13:45:05',1570628705,3232235926,'Mozilla/5.0 (X11; Linux x86_64) AppleWebKit/537.36 (KHTML, like Gecko) Chrome/74.0.3729.169 YaBrowser/19.6.2.594 (beta) Yowser/2.5 Safari/537.36','45b7570e36fae59fbdfb0637fc4aaae9','886d35b6f6e9328e8ddcba083b01cfef','2019-10-09 13:37:09'),(165,1,1570688788,'2019-10-10 07:15:02',1570691510,3232235926,'Mozilla/5.0 (X11; Linux x86_64) AppleWebKit/537.36 (KHTML, like Gecko) Chrome/76.0.3809.132 YaBrowser/19.9.3.358 (beta) Yowser/2.5 Safari/537.36','03ae9b347fef0e4eb823d90450264a0a','LogOut','2019-10-10 06:26:29'),(166,2,1570691707,'2019-10-10 07:15:14',1570691707,3232235926,'Mozilla/5.0 (X11; Linux x86_64) AppleWebKit/537.36 (KHTML, like Gecko) Chrome/76.0.3809.132 YaBrowser/19.9.3.358 (beta) Yowser/2.5 Safari/537.36','03ae9b347fef0e4eb823d90450264a0a','LogOut','2019-10-10 07:15:07'),(167,3,1570691725,'2019-10-10 07:20:53',1570692035,3232235926,'Mozilla/5.0 (X11; Linux x86_64) AppleWebKit/537.36 (KHTML, like Gecko) Chrome/76.0.3809.132 YaBrowser/19.9.3.358 (beta) Yowser/2.5 Safari/537.36','03ae9b347fef0e4eb823d90450264a0a','LogOut','2019-10-10 07:15:25'),(168,1,1570692057,'2019-10-10 08:20:40',1570695634,3232235926,'Mozilla/5.0 (X11; Linux x86_64) AppleWebKit/537.36 (KHTML, like Gecko) Chrome/76.0.3809.132 YaBrowser/19.9.3.358 (beta) Yowser/2.5 Safari/537.36','03ae9b347fef0e4eb823d90450264a0a','LogOut','2019-10-10 07:20:57'),(169,1,1570695662,'2019-10-10 09:06:12',1570698372,3232235926,'Mozilla/5.0 (X11; Linux x86_64) AppleWebKit/537.36 (KHTML, like Gecko) Chrome/76.0.3809.132 YaBrowser/19.9.3.358 (beta) Yowser/2.5 Safari/537.36','03ae9b347fef0e4eb823d90450264a0a','0679e0a24c5ca03cd6dd3b5fcd59e1bb','2019-10-10 08:21:02'),(170,1,1570698449,NULL,1570698449,3232235926,'Mozilla/5.0 (Linux; Android 6.0; Nexus 5 Build/MRA58N) AppleWebKit/537.36 (KHTML, like Gecko) Chrome/76.0.3809.132 Mobile Safari/537.36','02ced948f219d7135ba37d6ca891bdd5','1f94adb17e4d7c07a073476a90113537','2019-10-10 09:07:29'),(171,1,1570698623,NULL,1570698623,3232235926,'Mozilla/5.0 (X11; Linux x86_64) AppleWebKit/537.36 (KHTML, like Gecko) Chrome/76.0.3809.132 YaBrowser/19.9.3.358 (beta) Yowser/2.5 Safari/537.36','03ae9b347fef0e4eb823d90450264a0a','f874b4751218508d5d72c1832aad88ac','2019-10-10 09:10:23'),(172,1,1570698749,'2019-10-10 09:19:19',1570699159,3232235926,'Mozilla/5.0 (Linux; Android 6.0; Nexus 5 Build/MRA58N) AppleWebKit/537.36 (KHTML, like Gecko) Chrome/76.0.3809.132 Mobile Safari/537.36','02ced948f219d7135ba37d6ca891bdd5','023fa093b8c58648ff6d05aceb839f0d','2019-10-10 09:12:29'),(173,1,1570699162,'2019-10-10 09:57:27',1570701447,3232235926,'Mozilla/5.0 (X11; Linux x86_64) AppleWebKit/537.36 (KHTML, like Gecko) Chrome/76.0.3809.132 YaBrowser/19.9.3.358 (beta) Yowser/2.5 Safari/537.36','03ae9b347fef0e4eb823d90450264a0a','TimeOut','2019-10-10 09:19:23'),(174,1,1570701809,'2019-10-10 10:28:38',1570703286,3232235926,'Mozilla/5.0 (X11; Linux x86_64) AppleWebKit/537.36 (KHTML, like Gecko) Chrome/76.0.3809.132 YaBrowser/19.9.3.358 (beta) Yowser/2.5 Safari/537.36','03ae9b347fef0e4eb823d90450264a0a','LogOut','2019-10-10 10:03:30'),(175,1,1570703322,'2019-10-10 10:42:14',1570703928,3232235926,'Mozilla/5.0 (X11; Linux x86_64) AppleWebKit/537.36 (KHTML, like Gecko) Chrome/76.0.3809.132 YaBrowser/19.9.3.358 (beta) Yowser/2.5 Safari/537.36','03ae9b347fef0e4eb823d90450264a0a','LogOut','2019-10-10 10:28:42'),(176,3,1570704139,'2019-10-10 11:48:56',1570708136,3232235926,'Mozilla/5.0 (X11; Linux x86_64) AppleWebKit/537.36 (KHTML, like Gecko) Chrome/76.0.3809.132 YaBrowser/19.9.3.358 (beta) Yowser/2.5 Safari/537.36','03ae9b347fef0e4eb823d90450264a0a','TimeOut','2019-10-10 10:42:19'),(177,1,1570708143,'2019-10-10 13:56:14',1570715774,3232235926,'Mozilla/5.0 (X11; Linux x86_64) AppleWebKit/537.36 (KHTML, like Gecko) Chrome/76.0.3809.132 YaBrowser/19.9.3.358 (beta) Yowser/2.5 Safari/537.36','03ae9b347fef0e4eb823d90450264a0a','TimeOut','2019-10-10 11:49:03'),(178,1,1570715779,NULL,1570715779,3232235926,'Mozilla/5.0 (X11; Linux x86_64) AppleWebKit/537.36 (KHTML, like Gecko) Chrome/76.0.3809.132 YaBrowser/19.9.3.358 (beta) Yowser/2.5 Safari/537.36','03ae9b347fef0e4eb823d90450264a0a','87f320aa23710294e43a5fd18a308bb8','2019-10-10 13:56:19'),(179,1,1570772844,'2019-10-11 06:42:48',1570776168,3232235926,'Mozilla/5.0 (X11; Linux x86_64) AppleWebKit/537.36 (KHTML, like Gecko) Chrome/76.0.3809.132 YaBrowser/19.9.3.358 (beta) Yowser/2.5 Safari/537.36','03ae9b347fef0e4eb823d90450264a0a','TimeOut','2019-10-11 05:47:25'),(180,1,1570776185,'2019-10-11 06:43:12',1570776185,3232235926,'Mozilla/5.0 (X11; Linux x86_64) AppleWebKit/537.36 (KHTML, like Gecko) Chrome/76.0.3809.132 YaBrowser/19.9.3.358 (beta) Yowser/2.5 Safari/537.36','03ae9b347fef0e4eb823d90450264a0a','TimeOut','2019-10-11 06:43:06'),(181,1,1570776192,NULL,1570776192,3232235926,'Mozilla/5.0 (X11; Linux x86_64) AppleWebKit/537.36 (KHTML, like Gecko) Chrome/76.0.3809.132 YaBrowser/19.9.3.358 (beta) Yowser/2.5 Safari/537.36','03ae9b347fef0e4eb823d90450264a0a','1a7cec4683c618c7fdf0d3b2f61628cb','2019-10-11 06:43:12'),(182,1,1570776199,'2019-10-11 07:21:00',1570778460,3232235926,'Mozilla/5.0 (X11; Linux x86_64) AppleWebKit/537.36 (KHTML, like Gecko) Chrome/76.0.3809.132 YaBrowser/19.9.3.358 (beta) Yowser/2.5 Safari/537.36','03ae9b347fef0e4eb823d90450264a0a','TimeOut','2019-10-11 06:43:20'),(183,1,1570778465,'2019-10-11 08:18:46',1570781926,3232235926,'Mozilla/5.0 (X11; Linux x86_64) AppleWebKit/537.36 (KHTML, like Gecko) Chrome/76.0.3809.132 YaBrowser/19.9.3.358 (beta) Yowser/2.5 Safari/537.36','03ae9b347fef0e4eb823d90450264a0a','TimeOut','2019-10-11 07:21:05'),(184,1,1570781930,'2019-10-11 09:56:45',1570787805,3232235926,'Mozilla/5.0 (X11; Linux x86_64) AppleWebKit/537.36 (KHTML, like Gecko) Chrome/76.0.3809.132 YaBrowser/19.9.3.358 (beta) Yowser/2.5 Safari/537.36','03ae9b347fef0e4eb823d90450264a0a','TimeOut','2019-10-11 08:18:50'),(185,3,1570787812,'2019-10-11 09:57:45',1570787812,3232235926,'Mozilla/5.0 (X11; Linux x86_64) AppleWebKit/537.36 (KHTML, like Gecko) Chrome/76.0.3809.132 YaBrowser/19.9.3.358 (beta) Yowser/2.5 Safari/537.36','03ae9b347fef0e4eb823d90450264a0a','LogOut','2019-10-11 09:56:52'),(186,1,1570787868,'2019-10-11 09:57:54',1570787868,3232235926,'Mozilla/5.0 (X11; Linux x86_64) AppleWebKit/537.36 (KHTML, like Gecko) Chrome/76.0.3809.132 YaBrowser/19.9.3.358 (beta) Yowser/2.5 Safari/537.36','03ae9b347fef0e4eb823d90450264a0a','LogOut','2019-10-11 09:57:48'),(187,2,1570787879,'2019-10-11 09:58:04',1570787879,3232235926,'Mozilla/5.0 (X11; Linux x86_64) AppleWebKit/537.36 (KHTML, like Gecko) Chrome/76.0.3809.132 YaBrowser/19.9.3.358 (beta) Yowser/2.5 Safari/537.36','03ae9b347fef0e4eb823d90450264a0a','LogOut','2019-10-11 09:57:59'),(188,2,1570787911,'2019-10-11 12:42:32',1570797751,3232235926,'Mozilla/5.0 (X11; Linux x86_64) AppleWebKit/537.36 (KHTML, like Gecko) Chrome/76.0.3809.132 YaBrowser/19.9.3.358 (beta) Yowser/2.5 Safari/537.36','03ae9b347fef0e4eb823d90450264a0a','TimeOut','2019-10-11 09:58:31'),(189,1,1570797759,'2019-10-11 12:54:15',1570798451,3232235926,'Mozilla/5.0 (X11; Linux x86_64) AppleWebKit/537.36 (KHTML, like Gecko) Chrome/76.0.3809.132 YaBrowser/19.9.3.358 (beta) Yowser/2.5 Safari/537.36','03ae9b347fef0e4eb823d90450264a0a','LogOut','2019-10-11 12:42:39'),(190,1,1570798460,'2019-10-11 13:07:25',1570799215,3232235926,'Mozilla/5.0 (X11; Linux x86_64) AppleWebKit/537.36 (KHTML, like Gecko) Chrome/76.0.3809.132 YaBrowser/19.9.3.358 (beta) Yowser/2.5 Safari/537.36','03ae9b347fef0e4eb823d90450264a0a','LogOut','2019-10-11 12:54:20'),(191,2,1570799249,'2019-10-11 13:41:45',1570801171,3232235926,'Mozilla/5.0 (X11; Linux x86_64) AppleWebKit/537.36 (KHTML, like Gecko) Chrome/76.0.3809.132 YaBrowser/19.9.3.358 (beta) Yowser/2.5 Safari/537.36','03ae9b347fef0e4eb823d90450264a0a','LogOut','2019-10-11 13:07:29'),(192,1,1570801320,'2019-10-11 13:55:21',1570802121,3232235926,'Mozilla/5.0 (X11; Linux x86_64) AppleWebKit/537.36 (KHTML, like Gecko) Chrome/76.0.3809.132 YaBrowser/19.9.3.358 (beta) Yowser/2.5 Safari/537.36','03ae9b347fef0e4eb823d90450264a0a','0d5e86be4e5fdde18fdc7c697b0bcb57','2019-10-11 13:42:00'),(193,1,1571034102,'2019-10-14 08:06:35',1571040183,3232235926,'Mozilla/5.0 (X11; Linux x86_64) AppleWebKit/537.36 (KHTML, like Gecko) Chrome/76.0.3809.132 YaBrowser/19.9.3.358 (beta) Yowser/2.5 Safari/537.36','03ae9b347fef0e4eb823d90450264a0a','LogOut','2019-10-14 06:21:42'),(194,1,1571040399,'2019-10-14 11:13:23',1571051603,3232235926,'Mozilla/5.0 (X11; Linux x86_64) AppleWebKit/537.36 (KHTML, like Gecko) Chrome/76.0.3809.132 YaBrowser/19.9.3.358 (beta) Yowser/2.5 Safari/537.36','03ae9b347fef0e4eb823d90450264a0a','TimeOut','2019-10-14 08:06:39'),(195,1,1571051608,'2019-10-14 12:51:18',1571057478,3232235926,'Mozilla/5.0 (X11; Linux x86_64) AppleWebKit/537.36 (KHTML, like Gecko) Chrome/76.0.3809.132 YaBrowser/19.9.3.358 (beta) Yowser/2.5 Safari/537.36','03ae9b347fef0e4eb823d90450264a0a','LogOut','2019-10-14 11:13:28'),(196,2,1571057485,'2019-10-14 12:53:34',1571057485,3232235926,'Mozilla/5.0 (X11; Linux x86_64) AppleWebKit/537.36 (KHTML, like Gecko) Chrome/76.0.3809.132 YaBrowser/19.9.3.358 (beta) Yowser/2.5 Safari/537.36','03ae9b347fef0e4eb823d90450264a0a','LogOut','2019-10-14 12:51:25'),(197,1,1571057996,'2019-10-14 13:35:46',1571060146,3232235926,'Mozilla/5.0 (X11; Linux x86_64) AppleWebKit/537.36 (KHTML, like Gecko) Chrome/76.0.3809.132 YaBrowser/19.9.3.358 (beta) Yowser/2.5 Safari/537.36','03ae9b347fef0e4eb823d90450264a0a','TimeOut','2019-10-14 12:59:56'),(198,1,1571060155,'2019-10-14 13:59:22',1571061562,3232235926,'Mozilla/5.0 (X11; Linux x86_64) AppleWebKit/537.36 (KHTML, like Gecko) Chrome/76.0.3809.132 YaBrowser/19.9.3.358 (beta) Yowser/2.5 Safari/537.36','03ae9b347fef0e4eb823d90450264a0a','LogOut','2019-10-14 13:35:55'),(199,1,1571121849,'2019-10-15 06:53:45',1571122425,3232235926,'Mozilla/5.0 (X11; Linux x86_64) AppleWebKit/537.36 (KHTML, like Gecko) Chrome/76.0.3809.132 YaBrowser/19.9.3.358 (beta) Yowser/2.5 Safari/537.36','03ae9b347fef0e4eb823d90450264a0a','LogOut','2019-10-15 06:44:09'),(200,1,1571122436,'2019-10-15 06:57:10',1571122436,3232235926,'Mozilla/5.0 (X11; Linux x86_64) AppleWebKit/537.36 (KHTML, like Gecko) Chrome/76.0.3809.132 YaBrowser/19.9.3.358 (beta) Yowser/2.5 Safari/537.36','03ae9b347fef0e4eb823d90450264a0a','LogOut','2019-10-15 06:53:56'),(201,1,1571122634,'2019-10-15 06:58:51',1571122634,3232235926,'Mozilla/5.0 (X11; Linux x86_64) AppleWebKit/537.36 (KHTML, like Gecko) Chrome/76.0.3809.132 YaBrowser/19.9.3.358 (beta) Yowser/2.5 Safari/537.36','03ae9b347fef0e4eb823d90450264a0a','LogOut','2019-10-15 06:57:14'),(202,1,1571122735,'2019-10-15 06:59:13',1571122735,3232235926,'Mozilla/5.0 (X11; Linux x86_64) AppleWebKit/537.36 (KHTML, like Gecko) Chrome/76.0.3809.132 YaBrowser/19.9.3.358 (beta) Yowser/2.5 Safari/537.36','03ae9b347fef0e4eb823d90450264a0a','LogOut','2019-10-15 06:58:55'),(203,1,1571122757,NULL,1571122757,3232235926,'Mozilla/5.0 (X11; Linux x86_64) AppleWebKit/537.36 (KHTML, like Gecko) Chrome/76.0.3809.132 YaBrowser/19.9.3.358 (beta) Yowser/2.5 Safari/537.36','03ae9b347fef0e4eb823d90450264a0a','4b8c2e95bda5f210563891e065bc2224','2019-10-15 06:59:17'),(204,1,1571122977,'2019-10-15 07:14:30',1571123670,3232235926,'Mozilla/5.0 (X11; Linux x86_64) AppleWebKit/537.36 (KHTML, like Gecko) Chrome/76.0.3809.132 YaBrowser/19.9.3.358 (beta) Yowser/2.5 Safari/537.36','03ae9b347fef0e4eb823d90450264a0a','LogOut','2019-10-15 07:02:57'),(205,1,1571123674,'2019-10-15 08:28:27',1571128107,3232235926,'Mozilla/5.0 (X11; Linux x86_64) AppleWebKit/537.36 (KHTML, like Gecko) Chrome/76.0.3809.132 YaBrowser/19.9.3.358 (beta) Yowser/2.5 Safari/537.36','03ae9b347fef0e4eb823d90450264a0a','TimeOut','2019-10-15 07:14:34'),(206,1,1571128112,NULL,1571128112,3232235926,'Mozilla/5.0 (X11; Linux x86_64) AppleWebKit/537.36 (KHTML, like Gecko) Chrome/76.0.3809.132 YaBrowser/19.9.3.358 (beta) Yowser/2.5 Safari/537.36','03ae9b347fef0e4eb823d90450264a0a','d3868f78e8beb5f39a7eae45b00c16a4','2019-10-15 08:28:32'),(207,1,1571128137,'2019-10-15 08:55:34',1571129734,3232235926,'Mozilla/5.0 (X11; Linux x86_64) AppleWebKit/537.36 (KHTML, like Gecko) Chrome/76.0.3809.132 YaBrowser/19.9.3.358 (beta) Yowser/2.5 Safari/537.36','03ae9b347fef0e4eb823d90450264a0a','TimeOut','2019-10-15 08:28:57'),(208,1,1571129739,'2019-10-15 11:57:09',1571140629,3232235926,'Mozilla/5.0 (X11; Linux x86_64) AppleWebKit/537.36 (KHTML, like Gecko) Chrome/76.0.3809.132 YaBrowser/19.9.3.358 (beta) Yowser/2.5 Safari/537.36','03ae9b347fef0e4eb823d90450264a0a','TimeOut','2019-10-15 08:55:39'),(209,1,1571140636,NULL,1571140636,3232235926,'Mozilla/5.0 (X11; Linux x86_64) AppleWebKit/537.36 (KHTML, like Gecko) Chrome/76.0.3809.132 YaBrowser/19.9.3.358 (beta) Yowser/2.5 Safari/537.36','03ae9b347fef0e4eb823d90450264a0a','7c882184764aec5d2e44b5858e373055','2019-10-15 11:57:16'),(210,1,1571206251,'2019-10-16 06:16:48',1571206608,3232235926,'Mozilla/5.0 (X11; Linux x86_64) AppleWebKit/537.36 (KHTML, like Gecko) Chrome/76.0.3809.132 YaBrowser/19.9.3.358 (beta) Yowser/2.5 Safari/537.36','03ae9b347fef0e4eb823d90450264a0a','176300f0d64ae4ca884751cb4dc2f0f3','2019-10-16 06:10:51'),(211,1,1571206811,NULL,1571206811,3232235926,'Mozilla/5.0 (Linux; Android 6.0; Nexus 5 Build/MRA58N) AppleWebKit/537.36 (KHTML, like Gecko) Chrome/76.0.3809.132 Mobile Safari/537.36','02ced948f219d7135ba37d6ca891bdd5','ed9ab6f20937daf6433e238f5063c74c','2019-10-16 06:20:11'),(212,1,1571207032,NULL,1571207032,3232235926,'Mozilla/5.0 (X11; Linux x86_64) AppleWebKit/537.36 (KHTML, like Gecko) Chrome/76.0.3809.132 YaBrowser/19.9.3.358 (beta) Yowser/2.5 Safari/537.36','03ae9b347fef0e4eb823d90450264a0a','f29d98b52d9fe7283fa0ce6d018e78ec','2019-10-16 06:23:52'),(213,1,1571207166,NULL,1571207166,3232235926,'Mozilla/5.0 (Linux; Android 6.0; Nexus 5 Build/MRA58N) AppleWebKit/537.36 (KHTML, like Gecko) Chrome/76.0.3809.132 Mobile Safari/537.36','02ced948f219d7135ba37d6ca891bdd5','f405640c921549e164a31427abf0ef58','2019-10-16 06:26:07'),(214,1,1571207297,'2019-10-16 06:39:21',1571207961,3232235926,'Mozilla/5.0 (X11; Linux x86_64) AppleWebKit/537.36 (KHTML, like Gecko) Chrome/76.0.3809.132 YaBrowser/19.9.3.358 (beta) Yowser/2.5 Safari/537.36','03ae9b347fef0e4eb823d90450264a0a','91bd96505b129a898b708ee22b3916b8','2019-10-16 06:28:17'),(215,1,1571208231,NULL,1571208231,3232235926,'Mozilla/5.0 (Linux; Android 6.0; Nexus 5 Build/MRA58N) AppleWebKit/537.36 (KHTML, like Gecko) Chrome/76.0.3809.132 Mobile Safari/537.36','02ced948f219d7135ba37d6ca891bdd5','4b737d3eb291b0c9bad8cf164fcc210a','2019-10-16 06:43:51'),(216,1,1571208364,NULL,1571208364,3232235926,'Mozilla/5.0 (X11; Linux x86_64) AppleWebKit/537.36 (KHTML, like Gecko) Chrome/76.0.3809.132 YaBrowser/19.9.3.358 (beta) Yowser/2.5 Safari/537.36','03ae9b347fef0e4eb823d90450264a0a','342bab88323303dadff9201b3d46090c','2019-10-16 06:46:04'),(217,1,1571208569,NULL,1571208569,3232235926,'Mozilla/5.0 (Linux; Android 6.0; Nexus 5 Build/MRA58N) AppleWebKit/537.36 (KHTML, like Gecko) Chrome/76.0.3809.132 Mobile Safari/537.36','02ced948f219d7135ba37d6ca891bdd5','45c4c9c1209a1ef03b9bd11eb760f0d3','2019-10-16 06:49:29'),(218,1,1571208717,'2019-10-16 06:57:21',1571209041,3232235926,'Mozilla/5.0 (X11; Linux x86_64) AppleWebKit/537.36 (KHTML, like Gecko) Chrome/76.0.3809.132 YaBrowser/19.9.3.358 (beta) Yowser/2.5 Safari/537.36','03ae9b347fef0e4eb823d90450264a0a','6eae49b8d191d9c0cfc0d200dfc2c918','2019-10-16 06:51:57'),(219,1,1571209248,NULL,1571209248,3232235926,'Mozilla/5.0 (Linux; Android 6.0; Nexus 5 Build/MRA58N) AppleWebKit/537.36 (KHTML, like Gecko) Chrome/76.0.3809.132 Mobile Safari/537.36','02ced948f219d7135ba37d6ca891bdd5','cb89fa7682b7ee66f53bfc9961e3746e','2019-10-16 07:00:48'),(220,1,1571209511,'2019-10-16 07:36:56',1571211415,3232235926,'Mozilla/5.0 (X11; Linux x86_64) AppleWebKit/537.36 (KHTML, like Gecko) Chrome/76.0.3809.132 YaBrowser/19.9.3.358 (beta) Yowser/2.5 Safari/537.36','03ae9b347fef0e4eb823d90450264a0a','TimeOut','2019-10-16 07:05:11'),(221,1,1571211421,'2019-10-16 07:55:50',1571212550,3232235926,'Mozilla/5.0 (X11; Linux x86_64) AppleWebKit/537.36 (KHTML, like Gecko) Chrome/76.0.3809.132 YaBrowser/19.9.3.358 (beta) Yowser/2.5 Safari/537.36','03ae9b347fef0e4eb823d90450264a0a','2e169acc09ff0e2d99fb502c8a982aa8','2019-10-16 07:37:01'),(222,1,1571212556,'2019-10-16 08:13:46',1571213626,3232235926,'Mozilla/5.0 (Linux; Android 6.0; Nexus 5 Build/MRA58N) AppleWebKit/537.36 (KHTML, like Gecko) Chrome/76.0.3809.132 Mobile Safari/537.36','02ced948f219d7135ba37d6ca891bdd5','abcaad2d18370b3667f95c016ad22a1f','2019-10-16 07:55:56'),(223,1,1571213631,'2019-10-16 10:46:20',1571222780,3232235926,'Mozilla/5.0 (X11; Linux x86_64) AppleWebKit/537.36 (KHTML, like Gecko) Chrome/76.0.3809.132 YaBrowser/19.9.3.358 (beta) Yowser/2.5 Safari/537.36','03ae9b347fef0e4eb823d90450264a0a','TimeOut','2019-10-16 08:13:51'),(224,1,1571222786,'2019-10-16 13:54:31',1571234071,3232235926,'Mozilla/5.0 (X11; Linux x86_64) AppleWebKit/537.36 (KHTML, like Gecko) Chrome/76.0.3809.132 YaBrowser/19.9.3.358 (beta) Yowser/2.5 Safari/537.36','03ae9b347fef0e4eb823d90450264a0a','TimeOut','2019-10-16 10:46:26'),(225,1,1571234077,'2019-10-17 05:40:14',1571290814,3232235926,'Mozilla/5.0 (X11; Linux x86_64) AppleWebKit/537.36 (KHTML, like Gecko) Chrome/76.0.3809.132 YaBrowser/19.9.3.358 (beta) Yowser/2.5 Safari/537.36','03ae9b347fef0e4eb823d90450264a0a','TimeOut','2019-10-16 13:54:37'),(226,1,1571293737,NULL,1571293737,3232235926,'Mozilla/5.0 (X11; Linux x86_64) AppleWebKit/537.36 (KHTML, like Gecko) Chrome/76.0.3809.132 YaBrowser/19.9.3.358 (beta) Yowser/2.5 Safari/537.36','03ae9b347fef0e4eb823d90450264a0a','2967f8e1dbd6f266dbd6fd19913fa80f','2019-10-17 06:28:58'),(227,1,1571293742,'2019-10-17 07:20:51',1571296851,3232235926,'Mozilla/5.0 (X11; Linux x86_64) AppleWebKit/537.36 (KHTML, like Gecko) Chrome/76.0.3809.132 YaBrowser/19.9.3.358 (beta) Yowser/2.5 Safari/537.36','03ae9b347fef0e4eb823d90450264a0a','4561b5ad2e22340649dcdd8d18428bbb','2019-10-17 06:29:03'),(228,1,1571296986,'2019-10-17 07:30:00',1571297400,3232235926,'Mozilla/5.0 (Linux; Android 6.0; Nexus 5 Build/MRA58N) AppleWebKit/537.36 (KHTML, like Gecko) Chrome/76.0.3809.132 Mobile Safari/537.36','02ced948f219d7135ba37d6ca891bdd5','ddb449a2498236442ee8220c939b57dc','2019-10-17 07:23:06'),(229,1,1571297534,NULL,1571297534,3232235926,'Mozilla/5.0 (X11; Linux x86_64) AppleWebKit/537.36 (KHTML, like Gecko) Chrome/76.0.3809.132 YaBrowser/19.9.3.358 (beta) Yowser/2.5 Safari/537.36','03ae9b347fef0e4eb823d90450264a0a','ffc11340458563bfd375f75961ff23c3','2019-10-17 07:32:14'),(230,1,1571297671,'2019-10-17 07:50:45',1571298645,3232235926,'Mozilla/5.0 (Linux; Android 6.0; Nexus 5 Build/MRA58N) AppleWebKit/537.36 (KHTML, like Gecko) Chrome/76.0.3809.132 Mobile Safari/537.36','02ced948f219d7135ba37d6ca891bdd5','f336632525140aa21fedf27e2aaa8123','2019-10-17 07:34:31'),(231,1,1571298653,'2019-10-17 08:16:38',1571300198,3232235926,'Mozilla/5.0 (X11; Linux x86_64) AppleWebKit/537.36 (KHTML, like Gecko) Chrome/76.0.3809.132 YaBrowser/19.9.3.358 (beta) Yowser/2.5 Safari/537.36','03ae9b347fef0e4eb823d90450264a0a','42400b13e9bb9057dec883e65cfe1e1e','2019-10-17 07:50:53'),(232,1,1571300487,'2019-10-17 08:41:29',1571301689,3232235926,'Mozilla/5.0 (Linux; Android 6.0; Nexus 5 Build/MRA58N) AppleWebKit/537.36 (KHTML, like Gecko) Chrome/76.0.3809.132 Mobile Safari/537.36','02ced948f219d7135ba37d6ca891bdd5','186f22df95271768b0bdef397f602cd9','2019-10-17 08:21:27'),(233,1,1571301695,'2019-10-17 08:42:01',1571301695,3232235926,'Mozilla/5.0 (X11; Linux x86_64) AppleWebKit/537.36 (KHTML, like Gecko) Chrome/76.0.3809.132 YaBrowser/19.9.3.358 (beta) Yowser/2.5 Safari/537.36','03ae9b347fef0e4eb823d90450264a0a','LogOut','2019-10-17 08:41:35'),(234,1,1571301726,'2019-10-17 08:42:10',1571301726,3232235926,'Mozilla/5.0 (X11; Linux x86_64) AppleWebKit/537.36 (KHTML, like Gecko) Chrome/76.0.3809.132 YaBrowser/19.9.3.358 (beta) Yowser/2.5 Safari/537.36','03ae9b347fef0e4eb823d90450264a0a','LogOut','2019-10-17 08:42:06'),(235,1,1571301897,'2019-10-17 08:45:00',1571301897,3232235926,'Mozilla/5.0 (X11; Linux x86_64) AppleWebKit/537.36 (KHTML, like Gecko) Chrome/76.0.3809.132 YaBrowser/19.9.3.358 (beta) Yowser/2.5 Safari/537.36','03ae9b347fef0e4eb823d90450264a0a','LogOut','2019-10-17 08:44:57'),(236,3,1571301907,'2019-10-17 08:45:10',1571301907,3232235926,'Mozilla/5.0 (X11; Linux x86_64) AppleWebKit/537.36 (KHTML, like Gecko) Chrome/76.0.3809.132 YaBrowser/19.9.3.358 (beta) Yowser/2.5 Safari/537.36','03ae9b347fef0e4eb823d90450264a0a','LogOut','2019-10-17 08:45:07'),(237,1,1571301931,'2019-10-17 08:46:35',1571301931,3232235926,'Mozilla/5.0 (X11; Linux x86_64) AppleWebKit/537.36 (KHTML, like Gecko) Chrome/76.0.3809.132 YaBrowser/19.9.3.358 (beta) Yowser/2.5 Safari/537.36','03ae9b347fef0e4eb823d90450264a0a','LogOut','2019-10-17 08:45:31'),(238,1,1571302002,'2019-10-17 08:46:47',1571302002,3232235926,'Mozilla/5.0 (Linux; Android 6.0; Nexus 5 Build/MRA58N) AppleWebKit/537.36 (KHTML, like Gecko) Chrome/76.0.3809.132 Mobile Safari/537.36','02ced948f219d7135ba37d6ca891bdd5','LogOut','2019-10-17 08:46:43'),(239,1,1571302011,'2019-10-17 08:52:49',1571302369,3232235926,'Mozilla/5.0 (Linux; Android 6.0; Nexus 5 Build/MRA58N) AppleWebKit/537.36 (KHTML, like Gecko) Chrome/76.0.3809.132 Mobile Safari/537.36','02ced948f219d7135ba37d6ca891bdd5','LogOut','2019-10-17 08:46:51'),(240,1,1571302380,NULL,1571302380,3232235926,'Mozilla/5.0 (X11; Linux x86_64) AppleWebKit/537.36 (KHTML, like Gecko) Chrome/76.0.3809.132 YaBrowser/19.9.3.358 (beta) Yowser/2.5 Safari/537.36','03ae9b347fef0e4eb823d90450264a0a','ee8884f8acb1569221f7a8e9b5501d90','2019-10-17 08:53:00'),(241,1,1571302537,'2019-10-17 08:55:51',1571302537,3232235926,'Mozilla/5.0 (Linux; Android 6.0; Nexus 5 Build/MRA58N) AppleWebKit/537.36 (KHTML, like Gecko) Chrome/76.0.3809.132 Mobile Safari/537.36','02ced948f219d7135ba37d6ca891bdd5','LogOut','2019-10-17 08:55:37'),(242,1,1571302556,'2019-10-17 09:06:14',1571302988,3232235926,'Mozilla/5.0 (Linux; Android 6.0; Nexus 5 Build/MRA58N) AppleWebKit/537.36 (KHTML, like Gecko) Chrome/76.0.3809.132 Mobile Safari/537.36','02ced948f219d7135ba37d6ca891bdd5','LogOut','2019-10-17 08:55:56'),(243,1,1571303181,'2019-10-17 09:07:23',1571303181,3232235926,'Mozilla/5.0 (Linux; Android 6.0; Nexus 5 Build/MRA58N) AppleWebKit/537.36 (KHTML, like Gecko) Chrome/76.0.3809.132 Mobile Safari/537.36','02ced948f219d7135ba37d6ca891bdd5','LogOut','2019-10-17 09:06:21'),(244,1,1571303325,'2019-10-17 09:53:44',1571306024,3232235926,'Mozilla/5.0 (Linux; Android 6.0; Nexus 5 Build/MRA58N) AppleWebKit/537.36 (KHTML, like Gecko) Chrome/76.0.3809.132 Mobile Safari/537.36','02ced948f219d7135ba37d6ca891bdd5','84597bda791978cd639b09e4dd136275','2019-10-17 09:08:45'),(245,1,1571306069,'2019-10-17 09:58:40',1571306069,3232235926,'Mozilla/5.0 (X11; Linux x86_64) AppleWebKit/537.36 (KHTML, like Gecko) Chrome/76.0.3809.132 YaBrowser/19.9.3.358 (beta) Yowser/2.5 Safari/537.36','03ae9b347fef0e4eb823d90450264a0a','LogOut','2019-10-17 09:54:29'),(246,1,1571306325,'2019-10-17 09:58:57',1571306325,3232235926,'Mozilla/5.0 (X11; Linux x86_64) AppleWebKit/537.36 (KHTML, like Gecko) Chrome/76.0.3809.132 YaBrowser/19.9.3.358 (beta) Yowser/2.5 Safari/537.36','03ae9b347fef0e4eb823d90450264a0a','LogOut','2019-10-17 09:58:45'),(247,1,1571306341,'2019-10-17 10:44:53',1571309093,3232235926,'Mozilla/5.0 (X11; Linux x86_64) AppleWebKit/537.36 (KHTML, like Gecko) Chrome/76.0.3809.132 YaBrowser/19.9.3.358 (beta) Yowser/2.5 Safari/537.36','03ae9b347fef0e4eb823d90450264a0a','TimeOut','2019-10-17 09:59:01'),(248,1,1571309099,'2019-10-17 10:45:07',1571309099,3232235926,'Mozilla/5.0 (X11; Linux x86_64) AppleWebKit/537.36 (KHTML, like Gecko) Chrome/76.0.3809.132 YaBrowser/19.9.3.358 (beta) Yowser/2.5 Safari/537.36','03ae9b347fef0e4eb823d90450264a0a','LogOut','2019-10-17 10:44:59'),(249,1,1571309635,'2019-10-17 12:58:24',1571317104,3232235926,'Mozilla/5.0 (X11; Linux x86_64) AppleWebKit/537.36 (KHTML, like Gecko) Chrome/76.0.3809.132 YaBrowser/19.9.3.358 (beta) Yowser/2.5 Safari/537.36','03ae9b347fef0e4eb823d90450264a0a','TimeOut','2019-10-17 10:53:55'),(250,1,1571317110,'2019-10-17 13:52:22',1571320104,3232235926,'Mozilla/5.0 (X11; Linux x86_64) AppleWebKit/537.36 (KHTML, like Gecko) Chrome/76.0.3809.132 YaBrowser/19.9.3.358 (beta) Yowser/2.5 Safari/537.36','03ae9b347fef0e4eb823d90450264a0a','LogOut','2019-10-17 12:58:30'),(251,1,1571320352,'2019-10-17 13:58:36',1571320716,3232235926,'Mozilla/5.0 (X11; Linux x86_64) AppleWebKit/537.36 (KHTML, like Gecko) Chrome/76.0.3809.132 YaBrowser/19.9.3.358 (beta) Yowser/2.5 Safari/537.36','03ae9b347fef0e4eb823d90450264a0a','a6c75f3c298de7938fadb842baa13656','2019-10-17 13:52:32'),(252,1,1571377192,'2019-10-18 05:51:53',1571377690,3232235926,'Mozilla/5.0 (X11; Linux x86_64) AppleWebKit/537.36 (KHTML, like Gecko) Chrome/76.0.3809.132 YaBrowser/19.9.3.358 (beta) Yowser/2.5 Safari/537.36','03ae9b347fef0e4eb823d90450264a0a','LogOut','2019-10-18 05:39:52'),(253,1,1571377919,'2019-10-18 07:03:56',1571382236,3232235926,'Mozilla/5.0 (X11; Linux x86_64) AppleWebKit/537.36 (KHTML, like Gecko) Chrome/76.0.3809.132 YaBrowser/19.9.3.358 (beta) Yowser/2.5 Safari/537.36','03ae9b347fef0e4eb823d90450264a0a','TimeOut','2019-10-18 05:52:00'),(254,1,1571382243,'2019-10-18 07:43:46',1571384621,3232235926,'Mozilla/5.0 (X11; Linux x86_64) AppleWebKit/537.36 (KHTML, like Gecko) Chrome/76.0.3809.132 YaBrowser/19.9.3.358 (beta) Yowser/2.5 Safari/537.36','03ae9b347fef0e4eb823d90450264a0a','LogOut','2019-10-18 07:04:03'),(255,1,1571384630,'2019-10-18 08:09:11',1571386151,3232235926,'Mozilla/5.0 (X11; Linux x86_64) AppleWebKit/537.36 (KHTML, like Gecko) Chrome/76.0.3809.132 YaBrowser/19.9.3.358 (beta) Yowser/2.5 Safari/537.36','03ae9b347fef0e4eb823d90450264a0a','TimeOut','2019-10-18 07:43:50'),(256,1,1571386156,'2019-10-18 08:40:33',1571388033,3232235926,'Mozilla/5.0 (X11; Linux x86_64) AppleWebKit/537.36 (KHTML, like Gecko) Chrome/76.0.3809.132 YaBrowser/19.9.3.358 (beta) Yowser/2.5 Safari/537.36','03ae9b347fef0e4eb823d90450264a0a','353866c930a37b924b6fe4d752bc7e46','2019-10-18 08:09:16'),(257,1,1571388090,NULL,1571388090,3232235926,'Mozilla/5.0 (Linux; Android 6.0; Nexus 5 Build/MRA58N) AppleWebKit/537.36 (KHTML, like Gecko) Chrome/76.0.3809.132 Mobile Safari/537.36','02ced948f219d7135ba37d6ca891bdd5','cd4cd331f1f3a70bd3c42f5fb5b3bc42','2019-10-18 08:41:30'),(258,1,1571388344,'2019-10-18 08:47:30',1571388344,3232235926,'Mozilla/5.0 (Linux; Android 6.0; Nexus 5 Build/MRA58N) AppleWebKit/537.36 (KHTML, like Gecko) Chrome/76.0.3809.132 Mobile Safari/537.36','02ced948f219d7135ba37d6ca891bdd5','LogOut','2019-10-18 08:45:44'),(259,1,1571388454,'2019-10-18 09:01:33',1571389293,3232235926,'Mozilla/5.0 (X11; Linux x86_64) AppleWebKit/537.36 (KHTML, like Gecko) Chrome/76.0.3809.132 YaBrowser/19.9.3.358 (beta) Yowser/2.5 Safari/537.36','03ae9b347fef0e4eb823d90450264a0a','209377465c3f87b3a12e0f18d57aa939','2019-10-18 08:47:34'),(260,1,1571389472,'2019-10-18 11:03:42',1571396622,3232235926,'Mozilla/5.0 (Linux; Android 6.0; Nexus 5 Build/MRA58N) AppleWebKit/537.36 (KHTML, like Gecko) Chrome/76.0.3809.132 Mobile Safari/537.36','02ced948f219d7135ba37d6ca891bdd5','TimeOut','2019-10-18 09:04:32'),(261,1,1571398975,NULL,1571398975,3232235926,'Mozilla/5.0 (Linux; Android 6.0; Nexus 5 Build/MRA58N) AppleWebKit/537.36 (KHTML, like Gecko) Chrome/76.0.3809.132 Mobile Safari/537.36','02ced948f219d7135ba37d6ca891bdd5','c613296d527c31b1338b4f40d69869da','2019-10-18 11:42:55'),(262,1,1571399137,'2019-10-18 13:25:35',1571405135,3232235926,'Mozilla/5.0 (X11; Linux x86_64) AppleWebKit/537.36 (KHTML, like Gecko) Chrome/76.0.3809.132 YaBrowser/19.9.3.358 (beta) Yowser/2.5 Safari/537.36','03ae9b347fef0e4eb823d90450264a0a','TimeOut','2019-10-18 11:45:37'),(263,1,1571722358,'2019-10-22 06:13:57',1571724713,3232235926,'Mozilla/5.0 (X11; Linux x86_64) AppleWebKit/537.36 (KHTML, like Gecko) Chrome/76.0.3809.132 YaBrowser/19.9.3.358 (beta) Yowser/2.5 Safari/537.36','03ae9b347fef0e4eb823d90450264a0a','LogOut','2019-10-22 05:32:38'),(264,2,1571724842,'2019-10-22 06:15:02',1571724842,3232235926,'Mozilla/5.0 (X11; Linux x86_64) AppleWebKit/537.36 (KHTML, like Gecko) Chrome/76.0.3809.132 YaBrowser/19.9.3.358 (beta) Yowser/2.5 Safari/537.36','03ae9b347fef0e4eb823d90450264a0a','LogOut','2019-10-22 06:14:02'),(265,2,1571724903,'2019-10-22 06:15:22',1571724903,3232235926,'Mozilla/5.0 (X11; Linux x86_64) AppleWebKit/537.36 (KHTML, like Gecko) Chrome/76.0.3809.132 YaBrowser/19.9.3.358 (beta) Yowser/2.5 Safari/537.36','03ae9b347fef0e4eb823d90450264a0a','LogOut','2019-10-22 06:15:03'),(266,2,1571724927,'2019-10-22 06:15:31',1571724927,3232235926,'Mozilla/5.0 (X11; Linux x86_64) AppleWebKit/537.36 (KHTML, like Gecko) Chrome/76.0.3809.132 YaBrowser/19.9.3.358 (beta) Yowser/2.5 Safari/537.36','03ae9b347fef0e4eb823d90450264a0a','LogOut','2019-10-22 06:15:27'),(267,2,1571724932,'2019-10-22 06:31:42',1571725748,3232235926,'Mozilla/5.0 (X11; Linux x86_64) AppleWebKit/537.36 (KHTML, like Gecko) Chrome/76.0.3809.132 YaBrowser/19.9.3.358 (beta) Yowser/2.5 Safari/537.36','03ae9b347fef0e4eb823d90450264a0a','LogOut','2019-10-22 06:15:32'),(268,1,1571725913,'2019-10-22 06:55:07',1571727307,3232235926,'Mozilla/5.0 (X11; Linux x86_64) AppleWebKit/537.36 (KHTML, like Gecko) Chrome/76.0.3809.132 YaBrowser/19.9.3.358 (beta) Yowser/2.5 Safari/537.36','03ae9b347fef0e4eb823d90450264a0a','LogOut','2019-10-22 06:31:53'),(269,2,1571727310,'2019-10-22 06:59:36',1571727310,3232235926,'Mozilla/5.0 (X11; Linux x86_64) AppleWebKit/537.36 (KHTML, like Gecko) Chrome/76.0.3809.132 YaBrowser/19.9.3.358 (beta) Yowser/2.5 Safari/537.36','03ae9b347fef0e4eb823d90450264a0a','LogOut','2019-10-22 06:55:10'),(270,2,1571727608,'2019-10-22 07:10:20',1571728181,3232235926,'Mozilla/5.0 (X11; Linux x86_64) AppleWebKit/537.36 (KHTML, like Gecko) Chrome/76.0.3809.132 YaBrowser/19.9.3.358 (beta) Yowser/2.5 Safari/537.36','03ae9b347fef0e4eb823d90450264a0a','LogOut','2019-10-22 07:00:08'),(271,1,1571728226,NULL,1571728226,3232235926,'Mozilla/5.0 (Linux; Android 6.0; Nexus 5 Build/MRA58N) AppleWebKit/537.36 (KHTML, like Gecko) Chrome/76.0.3809.132 Mobile Safari/537.36','02ced948f219d7135ba37d6ca891bdd5','dfce815dd865c85d6ff6f9377fefcca8','2019-10-22 07:10:26'),(272,1,1571728359,'2019-10-22 07:14:19',1571728359,3232235926,'Mozilla/5.0 (X11; Linux x86_64) AppleWebKit/537.36 (KHTML, like Gecko) Chrome/76.0.3809.132 YaBrowser/19.9.3.358 (beta) Yowser/2.5 Safari/537.36','03ae9b347fef0e4eb823d90450264a0a','LogOut','2019-10-22 07:12:39'),(273,1,1571728464,'2019-10-22 07:23:53',1571729033,3232235926,'Mozilla/5.0 (X11; Linux x86_64) AppleWebKit/537.36 (KHTML, like Gecko) Chrome/76.0.3809.132 YaBrowser/19.9.3.358 (beta) Yowser/2.5 Safari/537.36','03ae9b347fef0e4eb823d90450264a0a','aa9d9e47b6bb80899c6e2dec016012b2','2019-10-22 07:14:24'),(274,1,1571729327,NULL,1571729327,3232235926,'Mozilla/5.0 (Linux; Android 6.0; Nexus 5 Build/MRA58N) AppleWebKit/537.36 (KHTML, like Gecko) Chrome/76.0.3809.132 Mobile Safari/537.36','02ced948f219d7135ba37d6ca891bdd5','5c0cc4c874aa1b779f95c9c23520ec97','2019-10-22 07:28:47'),(275,1,1571729450,'2019-10-22 08:05:07',1571731507,3232235926,'Mozilla/5.0 (X11; Linux x86_64) AppleWebKit/537.36 (KHTML, like Gecko) Chrome/76.0.3809.132 YaBrowser/19.9.3.358 (beta) Yowser/2.5 Safari/537.36','03ae9b347fef0e4eb823d90450264a0a','a2dc5effd62daa733222c29ac56d2756','2019-10-22 07:30:50'),(276,1,1571731508,'2019-10-22 10:37:20',1571740640,3232235926,'Mozilla/5.0 (Linux; Android 6.0; Nexus 5 Build/MRA58N) AppleWebKit/537.36 (KHTML, like Gecko) Chrome/76.0.3809.132 Mobile Safari/537.36','02ced948f219d7135ba37d6ca891bdd5','TimeOut','2019-10-22 08:05:08'),(277,1,1571740642,'2019-10-22 10:50:15',1571741415,3232235926,'Mozilla/5.0 (Linux; Android 6.0; Nexus 5 Build/MRA58N) AppleWebKit/537.36 (KHTML, like Gecko) Chrome/76.0.3809.132 Mobile Safari/537.36','02ced948f219d7135ba37d6ca891bdd5','17d97f993f7b171ee65324aa4dc8ff48','2019-10-22 10:37:22'),(278,1,1571741417,'2019-10-22 11:26:57',1571743617,3232235926,'Mozilla/5.0 (X11; Linux x86_64) AppleWebKit/537.36 (KHTML, like Gecko) Chrome/76.0.3809.132 YaBrowser/19.9.3.358 (beta) Yowser/2.5 Safari/537.36','03ae9b347fef0e4eb823d90450264a0a','TimeOut','2019-10-22 10:50:17'),(279,1,1571743618,'2019-10-22 12:29:44',1571747384,3232235926,'Mozilla/5.0 (X11; Linux x86_64) AppleWebKit/537.36 (KHTML, like Gecko) Chrome/76.0.3809.132 YaBrowser/19.9.3.358 (beta) Yowser/2.5 Safari/537.36','03ae9b347fef0e4eb823d90450264a0a','TimeOut','2019-10-22 11:26:59'),(280,1,1571747385,'2019-10-22 13:23:05',1571750585,3232235926,'Mozilla/5.0 (X11; Linux x86_64) AppleWebKit/537.36 (KHTML, like Gecko) Chrome/76.0.3809.132 YaBrowser/19.9.3.358 (beta) Yowser/2.5 Safari/537.36','03ae9b347fef0e4eb823d90450264a0a','TimeOut','2019-10-22 12:29:46'),(281,1,1571750587,'2019-10-22 13:49:55',1571752195,3232235926,'Mozilla/5.0 (X11; Linux x86_64) AppleWebKit/537.36 (KHTML, like Gecko) Chrome/76.0.3809.132 YaBrowser/19.9.3.358 (beta) Yowser/2.5 Safari/537.36','03ae9b347fef0e4eb823d90450264a0a','TimeOut','2019-10-22 13:23:07'),(282,1,1571752197,'2019-10-22 14:02:56',1571752921,3232235926,'Mozilla/5.0 (Linux; Android 6.0; Nexus 5 Build/MRA58N) AppleWebKit/537.36 (KHTML, like Gecko) Chrome/76.0.3809.132 Mobile Safari/537.36','02ced948f219d7135ba37d6ca891bdd5','LogOut','2019-10-22 13:49:57'),(283,1,1571752977,'2019-10-22 14:09:55',1571753395,3232235926,'Mozilla/5.0 (X11; Linux x86_64) AppleWebKit/537.36 (KHTML, like Gecko) Chrome/76.0.3809.132 YaBrowser/19.9.3.358 (beta) Yowser/2.5 Safari/537.36','03ae9b347fef0e4eb823d90450264a0a','cbc709f1056a6de888a024f35224d967','2019-10-22 14:02:57'),(284,1,1571809319,'2019-10-23 07:12:33',1571814753,3232235926,'Mozilla/5.0 (X11; Linux x86_64) AppleWebKit/537.36 (KHTML, like Gecko) Chrome/76.0.3809.132 YaBrowser/19.9.3.358 (beta) Yowser/2.5 Safari/537.36','03ae9b347fef0e4eb823d90450264a0a','TimeOut','2019-10-23 05:41:59'),(285,1,1571818806,'2019-10-23 08:20:12',1571818806,3232235926,'Mozilla/5.0 (X11; Linux x86_64) AppleWebKit/537.36 (KHTML, like Gecko) Chrome/76.0.3809.132 YaBrowser/19.9.3.358 (beta) Yowser/2.5 Safari/537.36','03ae9b347fef0e4eb823d90450264a0a','LogOut','2019-10-23 08:20:06'),(286,1,1571818814,'2019-10-23 09:21:10',1571822279,3232235926,'Mozilla/5.0 (X11; Linux x86_64) AppleWebKit/537.36 (KHTML, like Gecko) Chrome/76.0.3809.132 YaBrowser/19.9.3.358 (beta) Yowser/2.5 Safari/537.36','03ae9b347fef0e4eb823d90450264a0a','LogOut','2019-10-23 08:20:14'),(287,1,1571822471,'2019-10-23 10:58:01',1571828281,3232235926,'Mozilla/5.0 (X11; Linux x86_64) AppleWebKit/537.36 (KHTML, like Gecko) Chrome/76.0.3809.132 YaBrowser/19.9.3.358 (beta) Yowser/2.5 Safari/537.36','03ae9b347fef0e4eb823d90450264a0a','TimeOut','2019-10-23 09:21:11'),(288,1,1571828282,'2019-10-23 11:03:38',1571828618,3232235926,'Mozilla/5.0 (X11; Linux x86_64) AppleWebKit/537.36 (KHTML, like Gecko) Chrome/76.0.3809.132 YaBrowser/19.9.3.358 (beta) Yowser/2.5 Safari/537.36','03ae9b347fef0e4eb823d90450264a0a','797c4847c3b2efe04a5c7fb9b420c703','2019-10-23 10:58:02'),(289,1,1571828628,'2019-10-23 12:46:15',1571834775,3232235926,'Mozilla/5.0 (Linux; Android 6.0; Nexus 5 Build/MRA58N) AppleWebKit/537.36 (KHTML, like Gecko) Chrome/76.0.3809.132 Mobile Safari/537.36','02ced948f219d7135ba37d6ca891bdd5','TimeOut','2019-10-23 11:03:48'),(290,1,1571834776,'2019-10-23 13:41:24',1571838084,3232235926,'Mozilla/5.0 (Linux; Android 6.0; Nexus 5 Build/MRA58N) AppleWebKit/537.36 (KHTML, like Gecko) Chrome/76.0.3809.132 Mobile Safari/537.36','02ced948f219d7135ba37d6ca891bdd5','0587fcde693dabf6d91f36a9615cf098','2019-10-23 12:46:16'),(291,1,1571838085,'2019-10-23 13:44:13',1571838085,3232235926,'Mozilla/5.0 (X11; Linux x86_64) AppleWebKit/537.36 (KHTML, like Gecko) Chrome/76.0.3809.132 YaBrowser/19.9.3.358 (beta) Yowser/2.5 Safari/537.36','03ae9b347fef0e4eb823d90450264a0a','LogOut','2019-10-23 13:41:25'),(292,1,1571838254,'2019-10-23 14:14:17',1571840057,3232235926,'Mozilla/5.0 (X11; Linux x86_64) AppleWebKit/537.36 (KHTML, like Gecko) Chrome/76.0.3809.132 YaBrowser/19.9.3.358 (beta) Yowser/2.5 Safari/537.36','03ae9b347fef0e4eb823d90450264a0a','8fc30cf2dc94688012dc88763a22b3fc','2019-10-23 13:44:14'),(293,1,1571895878,'2019-10-24 08:25:01',1571905501,3232235926,'Mozilla/5.0 (X11; Linux x86_64) AppleWebKit/537.36 (KHTML, like Gecko) Chrome/76.0.3809.132 YaBrowser/19.9.3.358 (beta) Yowser/2.5 Safari/537.36','03ae9b347fef0e4eb823d90450264a0a','TimeOut','2019-10-24 05:44:39'),(294,1,1571909331,'2019-10-24 11:37:07',1571917027,3232235926,'Mozilla/5.0 (X11; Linux x86_64) AppleWebKit/537.36 (KHTML, like Gecko) Chrome/76.0.3809.132 YaBrowser/19.9.3.358 (beta) Yowser/2.5 Safari/537.36','03ae9b347fef0e4eb823d90450264a0a','TimeOut','2019-10-24 09:28:51'),(295,1,1571917041,'2019-10-24 12:40:58',1571920858,3232235926,'Mozilla/5.0 (X11; Linux x86_64) AppleWebKit/537.36 (KHTML, like Gecko) Chrome/76.0.3809.132 YaBrowser/19.9.3.358 (beta) Yowser/2.5 Safari/537.36','03ae9b347fef0e4eb823d90450264a0a','TimeOut','2019-10-24 11:37:21'),(296,1,1571920860,'2019-10-24 13:14:46',1571922886,3232235926,'Mozilla/5.0 (X11; Linux x86_64) AppleWebKit/537.36 (KHTML, like Gecko) Chrome/76.0.3809.132 YaBrowser/19.9.3.358 (beta) Yowser/2.5 Safari/537.36','03ae9b347fef0e4eb823d90450264a0a','TimeOut','2019-10-24 12:41:00'),(297,1,1571922888,'2019-10-24 13:20:33',1571923233,3232235926,'Mozilla/5.0 (X11; Linux x86_64) AppleWebKit/537.36 (KHTML, like Gecko) Chrome/76.0.3809.132 YaBrowser/19.9.3.358 (beta) Yowser/2.5 Safari/537.36','03ae9b347fef0e4eb823d90450264a0a','LogOut','2019-10-24 13:14:48'),(298,1,1571923331,'2019-10-24 13:59:21',1571925561,3232235926,'Mozilla/5.0 (X11; Linux x86_64) AppleWebKit/537.36 (KHTML, like Gecko) Chrome/76.0.3809.132 YaBrowser/19.9.3.358 (beta) Yowser/2.5 Safari/537.36','03ae9b347fef0e4eb823d90450264a0a','TimeOut','2019-10-24 13:22:11'),(299,1,1571984866,'2019-10-25 06:27:52',1571984866,3232235926,'Mozilla/5.0 (X11; Linux x86_64) AppleWebKit/537.36 (KHTML, like Gecko) Chrome/76.0.3809.132 YaBrowser/19.9.3.358 (beta) Yowser/2.5 Safari/537.36','03ae9b347fef0e4eb823d90450264a0a','LogOut','2019-10-25 06:27:46'),(300,1,1571984874,'2019-10-25 07:04:16',1571987056,3232235926,'Mozilla/5.0 (X11; Linux x86_64) AppleWebKit/537.36 (KHTML, like Gecko) Chrome/76.0.3809.132 YaBrowser/19.9.3.358 (beta) Yowser/2.5 Safari/537.36','03ae9b347fef0e4eb823d90450264a0a','TimeOut','2019-10-25 06:27:54'),(301,1,1571987058,'2019-10-25 08:05:51',1571990751,3232235926,'Mozilla/5.0 (X11; Linux x86_64) AppleWebKit/537.36 (KHTML, like Gecko) Chrome/76.0.3809.132 YaBrowser/19.9.3.358 (beta) Yowser/2.5 Safari/537.36','03ae9b347fef0e4eb823d90450264a0a','TimeOut','2019-10-25 07:04:18'),(302,1,1571990752,'2019-10-25 08:36:31',1571992591,3232235926,'Mozilla/5.0 (X11; Linux x86_64) AppleWebKit/537.36 (KHTML, like Gecko) Chrome/76.0.3809.132 YaBrowser/19.9.3.358 (beta) Yowser/2.5 Safari/537.36','03ae9b347fef0e4eb823d90450264a0a','TimeOut','2019-10-25 08:05:52'),(303,1,1571992592,'2019-10-25 09:12:36',1571994756,3232235926,'Mozilla/5.0 (X11; Linux x86_64) AppleWebKit/537.36 (KHTML, like Gecko) Chrome/76.0.3809.132 YaBrowser/19.9.3.358 (beta) Yowser/2.5 Safari/537.36','03ae9b347fef0e4eb823d90450264a0a','TimeOut','2019-10-25 08:36:32'),(304,1,1571994757,'2019-10-25 09:54:47',1571997287,3232235926,'Mozilla/5.0 (X11; Linux x86_64) AppleWebKit/537.36 (KHTML, like Gecko) Chrome/76.0.3809.132 YaBrowser/19.9.3.358 (beta) Yowser/2.5 Safari/537.36','03ae9b347fef0e4eb823d90450264a0a','f2eff0c93df372b8d77c8422736b3573','2019-10-25 09:12:37'),(305,1,1571997414,NULL,1571997414,3232235926,'Mozilla/5.0 (Linux; Android 6.0; Nexus 5 Build/MRA58N) AppleWebKit/537.36 (KHTML, like Gecko) Chrome/76.0.3809.132 Mobile Safari/537.36','02ced948f219d7135ba37d6ca891bdd5','d9d4a393433531e8e2a5dfcf67ef6771','2019-10-25 09:56:54'),(306,1,1571997535,'2019-10-25 10:00:49',1571997535,3232235926,'Mozilla/5.0 (X11; Linux x86_64) AppleWebKit/537.36 (KHTML, like Gecko) Chrome/76.0.3809.132 YaBrowser/19.9.3.358 (beta) Yowser/2.5 Safari/537.36','03ae9b347fef0e4eb823d90450264a0a','LogOut','2019-10-25 09:58:55'),(307,1,1571997651,'2019-10-25 10:39:19',1571999958,3232235926,'Mozilla/5.0 (X11; Linux x86_64) AppleWebKit/537.36 (KHTML, like Gecko) Chrome/76.0.3809.132 YaBrowser/19.9.3.358 (beta) Yowser/2.5 Safari/537.36','03ae9b347fef0e4eb823d90450264a0a','TimeOut','2019-10-25 10:00:51'),(308,1,1571999960,'2019-10-25 11:08:55',1572001735,3232235926,'Mozilla/5.0 (X11; Linux x86_64) AppleWebKit/537.36 (KHTML, like Gecko) Chrome/76.0.3809.132 YaBrowser/19.9.3.358 (beta) Yowser/2.5 Safari/537.36','03ae9b347fef0e4eb823d90450264a0a','TimeOut','2019-10-25 10:39:20'),(309,1,1572001736,'2019-10-25 12:53:22',1572008002,3232235926,'Mozilla/5.0 (X11; Linux x86_64) AppleWebKit/537.36 (KHTML, like Gecko) Chrome/76.0.3809.132 YaBrowser/19.9.3.358 (beta) Yowser/2.5 Safari/537.36','03ae9b347fef0e4eb823d90450264a0a','TimeOut','2019-10-25 11:08:56'),(310,1,1572008003,'2019-10-25 13:48:50',1572011330,3232235926,'Mozilla/5.0 (X11; Linux x86_64) AppleWebKit/537.36 (KHTML, like Gecko) Chrome/76.0.3809.132 YaBrowser/19.9.3.358 (beta) Yowser/2.5 Safari/537.36','03ae9b347fef0e4eb823d90450264a0a','TimeOut','2019-10-25 12:53:23'),(311,1,1572011331,'2019-10-25 14:03:34',1572012165,3232235926,'Mozilla/5.0 (Linux; Android 6.0; Nexus 5 Build/MRA58N) AppleWebKit/537.36 (KHTML, like Gecko) Chrome/76.0.3809.132 Mobile Safari/537.36','02ced948f219d7135ba37d6ca891bdd5','LogOut','2019-10-25 13:48:51'),(312,1,1572067865,'2019-10-26 05:34:32',1572067865,3232235926,'Mozilla/5.0 (X11; Linux x86_64) AppleWebKit/537.36 (KHTML, like Gecko) Chrome/76.0.3809.132 YaBrowser/19.9.3.358 (beta) Yowser/2.5 Safari/537.36','03ae9b347fef0e4eb823d90450264a0a','LogOut','2019-10-26 05:31:05'),(313,1,1572068073,'2019-10-26 08:36:51',1572079010,3232235926,'Mozilla/5.0 (X11; Linux x86_64) AppleWebKit/537.36 (KHTML, like Gecko) Chrome/76.0.3809.132 YaBrowser/19.9.3.358 (beta) Yowser/2.5 Safari/537.36','03ae9b347fef0e4eb823d90450264a0a','TimeOut','2019-10-26 05:34:33'),(314,1,1572079011,'2019-10-26 12:53:33',1572094413,3232235926,'Mozilla/5.0 (X11; Linux x86_64) AppleWebKit/537.36 (KHTML, like Gecko) Chrome/76.0.3809.132 YaBrowser/19.9.3.358 (beta) Yowser/2.5 Safari/537.36','03ae9b347fef0e4eb823d90450264a0a','TimeOut','2019-10-26 08:36:51'),(315,1,1572094414,'2019-10-26 13:57:22',1572098207,3232235926,'Mozilla/5.0 (X11; Linux x86_64) AppleWebKit/537.36 (KHTML, like Gecko) Chrome/76.0.3809.132 YaBrowser/19.9.3.358 (beta) Yowser/2.5 Safari/537.36','03ae9b347fef0e4eb823d90450264a0a','LogOut','2019-10-26 12:53:34'),(316,3,1572098255,'2019-10-26 13:57:47',1572098255,3232235926,'Mozilla/5.0 (X11; Linux x86_64) AppleWebKit/537.36 (KHTML, like Gecko) Chrome/76.0.3809.132 YaBrowser/19.9.3.358 (beta) Yowser/2.5 Safari/537.36','03ae9b347fef0e4eb823d90450264a0a','LogOut','2019-10-26 13:57:35'),(317,2,1572098273,'2019-10-26 14:04:09',1572098649,3232235926,'Mozilla/5.0 (X11; Linux x86_64) AppleWebKit/537.36 (KHTML, like Gecko) Chrome/76.0.3809.132 YaBrowser/19.9.3.358 (beta) Yowser/2.5 Safari/537.36','03ae9b347fef0e4eb823d90450264a0a','3d13e8105f53b0302b780c864938e61a','2019-10-26 13:57:53'),(318,1,1572253168,'2019-10-28 10:57:43',1572260263,3232235926,'Mozilla/5.0 (X11; Linux x86_64) AppleWebKit/537.36 (KHTML, like Gecko) Chrome/76.0.3809.132 YaBrowser/19.9.3.358 (beta) Yowser/2.5 Safari/537.36','03ae9b347fef0e4eb823d90450264a0a','TimeOut','2019-10-28 08:59:28'),(319,1,1572260264,'2019-10-28 11:58:16',1572263896,3232235926,'Mozilla/5.0 (X11; Linux x86_64) AppleWebKit/537.36 (KHTML, like Gecko) Chrome/76.0.3809.132 YaBrowser/19.9.3.358 (beta) Yowser/2.5 Safari/537.36','03ae9b347fef0e4eb823d90450264a0a','TimeOut','2019-10-28 10:57:44'),(320,1,1572263897,NULL,1572263897,3232235926,'Mozilla/5.0 (X11; Linux x86_64) AppleWebKit/537.36 (KHTML, like Gecko) Chrome/76.0.3809.132 YaBrowser/19.9.3.358 (beta) Yowser/2.5 Safari/537.36','03ae9b347fef0e4eb823d90450264a0a','d570e3b1471beaf05a23d33968e82bc7','2019-10-28 11:58:17'),(321,1,1572264046,'2019-10-28 12:14:19',1572264859,3232235926,'Mozilla/5.0 (Linux; Android 6.0; Nexus 5 Build/MRA58N) AppleWebKit/537.36 (KHTML, like Gecko) Chrome/76.0.3809.132 Mobile Safari/537.36','02ced948f219d7135ba37d6ca891bdd5','3936001bf3328b18dd6f1644fba53267','2019-10-28 12:00:46'),(322,1,1572264991,'2019-10-28 13:02:16',1572267736,3232235926,'Mozilla/5.0 (X11; Linux x86_64) AppleWebKit/537.36 (KHTML, like Gecko) Chrome/76.0.3809.132 YaBrowser/19.9.3.358 (beta) Yowser/2.5 Safari/537.36','03ae9b347fef0e4eb823d90450264a0a','TimeOut','2019-10-28 12:16:31'),(323,1,1572267737,'2019-10-28 13:02:25',1572267737,3232235926,'Mozilla/5.0 (X11; Linux x86_64) AppleWebKit/537.36 (KHTML, like Gecko) Chrome/76.0.3809.132 YaBrowser/19.9.3.358 (beta) Yowser/2.5 Safari/537.36','03ae9b347fef0e4eb823d90450264a0a','LogOut','2019-10-28 13:02:17'),(324,3,1572267752,'2019-10-28 13:16:10',1572268533,3232235926,'Mozilla/5.0 (X11; Linux x86_64) AppleWebKit/537.36 (KHTML, like Gecko) Chrome/76.0.3809.132 YaBrowser/19.9.3.358 (beta) Yowser/2.5 Safari/537.36','03ae9b347fef0e4eb823d90450264a0a','LogOut','2019-10-28 13:02:32'),(325,1,1572268573,'2019-10-28 14:08:39',1572271719,3232235926,'Mozilla/5.0 (X11; Linux x86_64) AppleWebKit/537.36 (KHTML, like Gecko) Chrome/76.0.3809.132 YaBrowser/19.9.3.358 (beta) Yowser/2.5 Safari/537.36','03ae9b347fef0e4eb823d90450264a0a','cb923048c7cacde4648b390f8005a679','2019-10-28 13:16:13'),(326,1,1572328270,'2019-10-29 07:16:00',1572333360,3232235926,'Mozilla/5.0 (X11; Linux x86_64) AppleWebKit/537.36 (KHTML, like Gecko) Chrome/76.0.3809.132 YaBrowser/19.9.3.358 (beta) Yowser/2.5 Safari/537.36','03ae9b347fef0e4eb823d90450264a0a','TimeOut','2019-10-29 05:51:10'),(327,1,1572333361,'2019-10-29 07:47:33',1572335253,3232235926,'Mozilla/5.0 (X11; Linux x86_64) AppleWebKit/537.36 (KHTML, like Gecko) Chrome/76.0.3809.132 YaBrowser/19.9.3.358 (beta) Yowser/2.5 Safari/537.36','03ae9b347fef0e4eb823d90450264a0a','f656e388f6754c3adc34c5b3dc2929db','2019-10-29 07:16:01'),(328,1,1572335462,NULL,1572335462,3232235926,'Mozilla/5.0 (Linux; Android 6.0; Nexus 5 Build/MRA58N) AppleWebKit/537.36 (KHTML, like Gecko) Chrome/76.0.3809.132 Mobile Safari/537.36','02ced948f219d7135ba37d6ca891bdd5','c31c9ee1eaf9d5d239ec0db7230689ea','2019-10-29 07:51:02'),(329,1,1572335706,NULL,1572335706,3232235926,'Mozilla/5.0 (X11; Linux x86_64) AppleWebKit/537.36 (KHTML, like Gecko) Chrome/76.0.3809.132 YaBrowser/19.9.3.358 (beta) Yowser/2.5 Safari/537.36','03ae9b347fef0e4eb823d90450264a0a','fa08b2ad4f5f537a634024eb91eddda6','2019-10-29 07:55:07'),(330,1,1572335829,'2019-10-29 08:49:57',1572338997,3232235926,'Mozilla/5.0 (Linux; Android 6.0; Nexus 5 Build/MRA58N) AppleWebKit/537.36 (KHTML, like Gecko) Chrome/76.0.3809.132 Mobile Safari/537.36','02ced948f219d7135ba37d6ca891bdd5','85ab96fb8ba828f2cb05ff44f2f2afba','2019-10-29 07:57:09'),(331,1,1572338999,'2019-10-29 09:13:31',1572340411,3232235926,'Mozilla/5.0 (X11; Linux x86_64) AppleWebKit/537.36 (KHTML, like Gecko) Chrome/76.0.3809.132 YaBrowser/19.9.3.358 (beta) Yowser/2.5 Safari/537.36','03ae9b347fef0e4eb823d90450264a0a','94aeb8577029e7bbb88574d4d26f1027','2019-10-29 08:49:59'),(332,1,1572340536,'2019-10-29 09:42:38',1572342158,3232235926,'Mozilla/5.0 (Linux; Android 6.0; Nexus 5 Build/MRA58N) AppleWebKit/537.36 (KHTML, like Gecko) Chrome/76.0.3809.132 Mobile Safari/537.36','02ced948f219d7135ba37d6ca891bdd5','b751d1db81b78b9b8ac430d003280eb2','2019-10-29 09:15:36'),(333,1,1572342160,'2019-10-29 11:46:47',1572349607,3232235926,'Mozilla/5.0 (X11; Linux x86_64) AppleWebKit/537.36 (KHTML, like Gecko) Chrome/76.0.3809.132 YaBrowser/19.9.3.358 (beta) Yowser/2.5 Safari/537.36','03ae9b347fef0e4eb823d90450264a0a','TimeOut','2019-10-29 09:42:40'),(334,1,1572349608,'2019-10-29 12:28:36',1572352116,3232235926,'Mozilla/5.0 (X11; Linux x86_64) AppleWebKit/537.36 (KHTML, like Gecko) Chrome/76.0.3809.132 YaBrowser/19.9.3.358 (beta) Yowser/2.5 Safari/537.36','03ae9b347fef0e4eb823d90450264a0a','TimeOut','2019-10-29 11:46:48'),(335,1,1572352118,'2019-10-29 13:04:45',1572354284,3232235926,'Mozilla/5.0 (X11; Linux x86_64) AppleWebKit/537.36 (KHTML, like Gecko) Chrome/76.0.3809.132 YaBrowser/19.9.3.358 (beta) Yowser/2.5 Safari/537.36','03ae9b347fef0e4eb823d90450264a0a','TimeOut','2019-10-29 12:28:38'),(336,1,1572354286,'2019-10-29 14:07:55',1572358075,3232235926,'Mozilla/5.0 (X11; Linux x86_64) AppleWebKit/537.36 (KHTML, like Gecko) Chrome/76.0.3809.132 YaBrowser/19.9.3.358 (beta) Yowser/2.5 Safari/537.36','03ae9b347fef0e4eb823d90450264a0a','TimeOut','2019-10-29 13:04:46'),(337,1,1572358076,NULL,1572358076,3232235926,'Mozilla/5.0 (X11; Linux x86_64) AppleWebKit/537.36 (KHTML, like Gecko) Chrome/76.0.3809.132 YaBrowser/19.9.3.358 (beta) Yowser/2.5 Safari/537.36','03ae9b347fef0e4eb823d90450264a0a','df5b9a10108ee1a1bdd7200c0971d6c9','2019-10-29 14:07:56'),(338,1,1572413457,'2019-10-30 06:35:17',1572417317,3232235926,'Mozilla/5.0 (X11; Linux x86_64) AppleWebKit/537.36 (KHTML, like Gecko) Chrome/76.0.3809.132 YaBrowser/19.9.3.358 (beta) Yowser/2.5 Safari/537.36','03ae9b347fef0e4eb823d90450264a0a','TimeOut','2019-10-30 05:30:58'),(339,1,1572417319,'2019-10-30 08:09:56',1572422996,3232235926,'Mozilla/5.0 (X11; Linux x86_64) AppleWebKit/537.36 (KHTML, like Gecko) Chrome/76.0.3809.132 YaBrowser/19.9.3.358 (beta) Yowser/2.5 Safari/537.36','03ae9b347fef0e4eb823d90450264a0a','TimeOut','2019-10-30 06:35:19'),(340,1,1572422997,'2019-10-30 10:02:50',1572429770,3232235926,'Mozilla/5.0 (X11; Linux x86_64) AppleWebKit/537.36 (KHTML, like Gecko) Chrome/76.0.3809.132 YaBrowser/19.9.3.358 (beta) Yowser/2.5 Safari/537.36','03ae9b347fef0e4eb823d90450264a0a','TimeOut','2019-10-30 08:09:58'),(341,1,1572429772,'2019-10-30 12:40:51',1572439250,3232235926,'Mozilla/5.0 (Linux; Android 6.0; Nexus 5 Build/MRA58N) AppleWebKit/537.36 (KHTML, like Gecko) Chrome/76.0.3809.132 Mobile Safari/537.36','02ced948f219d7135ba37d6ca891bdd5','TimeOut','2019-10-30 10:02:52'),(342,1,1572439252,'2019-10-30 12:54:38',1572440078,3232235926,'Mozilla/5.0 (Linux; Android 6.0; Nexus 5 Build/MRA58N) AppleWebKit/537.36 (KHTML, like Gecko) Chrome/76.0.3809.132 Mobile Safari/537.36','02ced948f219d7135ba37d6ca891bdd5','c1f2c5620e5f04f8bbba69a3cf5aee35','2019-10-30 12:40:52'),(343,1,1572502772,'2019-10-31 06:52:13',1572504732,3232235926,'Mozilla/5.0 (X11; Linux x86_64) AppleWebKit/537.36 (KHTML, like Gecko) Chrome/76.0.3809.132 YaBrowser/19.9.3.358 (beta) Yowser/2.5 Safari/537.36','03ae9b347fef0e4eb823d90450264a0a','TimeOut','2019-10-31 06:19:32'),(344,1,1572504734,'2019-10-31 09:47:20',1572515240,3232235926,'Mozilla/5.0 (X11; Linux x86_64) AppleWebKit/537.36 (KHTML, like Gecko) Chrome/76.0.3809.132 YaBrowser/19.9.3.358 (beta) Yowser/2.5 Safari/537.36','03ae9b347fef0e4eb823d90450264a0a','TimeOut','2019-10-31 06:52:14'),(345,1,1572515241,'2019-10-31 10:41:38',1572518498,3232235926,'Mozilla/5.0 (X11; Linux x86_64) AppleWebKit/537.36 (KHTML, like Gecko) Chrome/76.0.3809.132 YaBrowser/19.9.3.358 (beta) Yowser/2.5 Safari/537.36','03ae9b347fef0e4eb823d90450264a0a','TimeOut','2019-10-31 09:47:21'),(346,1,1572518500,'2019-10-31 11:18:15',1572520695,3232235926,'Mozilla/5.0 (X11; Linux x86_64) AppleWebKit/537.36 (KHTML, like Gecko) Chrome/76.0.3809.132 YaBrowser/19.9.3.358 (beta) Yowser/2.5 Safari/537.36','03ae9b347fef0e4eb823d90450264a0a','TimeOut','2019-10-31 10:41:40'),(347,1,1572520697,'2019-10-31 12:00:46',1572523246,3232235926,'Mozilla/5.0 (X11; Linux x86_64) AppleWebKit/537.36 (KHTML, like Gecko) Chrome/76.0.3809.132 YaBrowser/19.9.3.358 (beta) Yowser/2.5 Safari/537.36','03ae9b347fef0e4eb823d90450264a0a','TimeOut','2019-10-31 11:18:17'),(348,1,1572523247,'2019-10-31 12:28:41',1572524921,3232235926,'Mozilla/5.0 (X11; Linux x86_64) AppleWebKit/537.36 (KHTML, like Gecko) Chrome/76.0.3809.132 YaBrowser/19.9.3.358 (beta) Yowser/2.5 Safari/537.36','03ae9b347fef0e4eb823d90450264a0a','TimeOut','2019-10-31 12:00:47'),(349,1,1572524931,'2019-10-31 14:06:01',1572530761,3232235926,'Mozilla/5.0 (X11; Linux x86_64) AppleWebKit/537.36 (KHTML, like Gecko) Chrome/76.0.3809.132 YaBrowser/19.9.3.358 (beta) Yowser/2.5 Safari/537.36','03ae9b347fef0e4eb823d90450264a0a','29d9be598589971dd7c37d647716c789','2019-10-31 12:28:51'),(350,1,1572588621,'2019-11-01 07:10:53',1572592253,3232235926,'Mozilla/5.0 (X11; Linux x86_64) AppleWebKit/537.36 (KHTML, like Gecko) Chrome/76.0.3809.132 YaBrowser/19.9.3.358 (beta) Yowser/2.5 Safari/537.36','03ae9b347fef0e4eb823d90450264a0a','TimeOut','2019-11-01 06:10:21'),(351,1,1572592254,'2019-11-01 08:04:59',1572595462,3232235926,'Mozilla/5.0 (X11; Linux x86_64) AppleWebKit/537.36 (KHTML, like Gecko) Chrome/76.0.3809.132 YaBrowser/19.9.3.358 (beta) Yowser/2.5 Safari/537.36','03ae9b347fef0e4eb823d90450264a0a','LogOut','2019-11-01 07:10:54'),(352,2,1572595503,'2019-11-01 08:23:21',1572596601,3232235926,'Mozilla/5.0 (X11; Linux x86_64) AppleWebKit/537.36 (KHTML, like Gecko) Chrome/76.0.3809.132 YaBrowser/19.9.3.358 (beta) Yowser/2.5 Safari/537.36','03ae9b347fef0e4eb823d90450264a0a','LogOut','2019-11-01 08:05:03'),(353,1,1572596610,'2019-11-01 08:55:10',1572598510,3232235926,'Mozilla/5.0 (X11; Linux x86_64) AppleWebKit/537.36 (KHTML, like Gecko) Chrome/76.0.3809.132 YaBrowser/19.9.3.358 (beta) Yowser/2.5 Safari/537.36','03ae9b347fef0e4eb823d90450264a0a','TimeOut','2019-11-01 08:23:30'),(354,1,1572598512,'2019-11-01 10:21:04',1572603664,3232235926,'Mozilla/5.0 (X11; Linux x86_64) AppleWebKit/537.36 (KHTML, like Gecko) Chrome/76.0.3809.132 YaBrowser/19.9.3.358 (beta) Yowser/2.5 Safari/537.36','03ae9b347fef0e4eb823d90450264a0a','TimeOut','2019-11-01 08:55:12'),(355,1,1572603665,'2019-11-01 11:26:16',1572607576,3232235926,'Mozilla/5.0 (X11; Linux x86_64) AppleWebKit/537.36 (KHTML, like Gecko) Chrome/76.0.3809.132 YaBrowser/19.9.3.358 (beta) Yowser/2.5 Safari/537.36','03ae9b347fef0e4eb823d90450264a0a','834d299450e03ca6e60fbb4bbe5c24b0','2019-11-01 10:21:05'),(356,1,1572699865,'2019-11-02 13:24:27',1572701040,3232235926,'Mozilla/5.0 (X11; Linux x86_64) AppleWebKit/537.36 (KHTML, like Gecko) Chrome/76.0.3809.132 YaBrowser/19.9.3.358 (beta) Yowser/2.5 Safari/537.36','03ae9b347fef0e4eb823d90450264a0a','LogOut','2019-11-02 13:04:25'),(357,1,1572701068,NULL,1572701068,3232235926,'Mozilla/5.0 (X11; Linux x86_64) AppleWebKit/537.36 (KHTML, like Gecko) Chrome/76.0.3809.132 YaBrowser/19.9.3.358 (beta) Yowser/2.5 Safari/537.36','03ae9b347fef0e4eb823d90450264a0a','1300be962933b789f70af9bc975cbf93','2019-11-02 13:24:28'),(358,1,1572865320,'2019-11-04 11:50:08',1572868208,3232235926,'Mozilla/5.0 (X11; Linux x86_64) AppleWebKit/537.36 (KHTML, like Gecko) Chrome/76.0.3809.132 YaBrowser/19.9.3.358 (beta) Yowser/2.5 Safari/537.36','03ae9b347fef0e4eb823d90450264a0a','615de9735c25dacbbe21be27d5dde701','2019-11-04 11:02:00'),(359,1,1572868209,NULL,1572868209,3232235926,'Mozilla/5.0 (Linux; Android 6.0; Nexus 5 Build/MRA58N) AppleWebKit/537.36 (KHTML, like Gecko) Chrome/76.0.3809.132 Mobile Safari/537.36','02ced948f219d7135ba37d6ca891bdd5','f89bbf0b5705ed3be88a16b4ecf0a6e2','2019-11-04 11:50:10'),(360,1,1572868503,'2019-11-04 12:46:28',1572871588,3232235926,'Mozilla/5.0 (X11; Linux x86_64) AppleWebKit/537.36 (KHTML, like Gecko) Chrome/76.0.3809.132 YaBrowser/19.9.3.358 (beta) Yowser/2.5 Safari/537.36','03ae9b347fef0e4eb823d90450264a0a','602915518a49cb7a74644718126d733c','2019-11-04 11:55:03'),(361,1,1572934615,'2019-11-05 06:27:50',1572935270,3232235926,'Mozilla/5.0 (X11; Linux x86_64) AppleWebKit/537.36 (KHTML, like Gecko) Chrome/76.0.3809.132 YaBrowser/19.9.3.358 (beta) Yowser/2.5 Safari/537.36','03ae9b347fef0e4eb823d90450264a0a','265d2e27082191db2300c002df41d769','2019-11-05 06:16:56'),(362,1,1572935348,'2019-11-05 06:37:42',1572935862,3232235926,'Mozilla/5.0 (Linux; Android 6.0; Nexus 5 Build/MRA58N) AppleWebKit/537.36 (KHTML, like Gecko) Chrome/76.0.3809.132 Mobile Safari/537.36','02ced948f219d7135ba37d6ca891bdd5','2df6ed98918030dfd8e0f5ad30e81c66','2019-11-05 06:29:08'),(363,1,1572935864,'2019-11-05 07:08:12',1572937692,3232235926,'Mozilla/5.0 (X11; Linux x86_64) AppleWebKit/537.36 (KHTML, like Gecko) Chrome/76.0.3809.132 YaBrowser/19.9.3.358 (beta) Yowser/2.5 Safari/537.36','03ae9b347fef0e4eb823d90450264a0a','f276771a136ae90e7814a34196892c44','2019-11-05 06:37:44'),(364,1,1572937738,'2019-11-05 07:16:13',1572938173,3232235926,'Mozilla/5.0 (Linux; Android 6.0; Nexus 5 Build/MRA58N) AppleWebKit/537.36 (KHTML, like Gecko) Chrome/76.0.3809.132 Mobile Safari/537.36','02ced948f219d7135ba37d6ca891bdd5','3a73065e4282f5f8721b0ad62ac57ea2','2019-11-05 07:08:58'),(365,1,1572938300,'2019-11-05 08:31:46',1572942706,3232235926,'Mozilla/5.0 (X11; Linux x86_64) AppleWebKit/537.36 (KHTML, like Gecko) Chrome/76.0.3809.132 YaBrowser/19.9.3.358 (beta) Yowser/2.5 Safari/537.36','03ae9b347fef0e4eb823d90450264a0a','9ec54d9c003f4e14a7b83d57a7dde16f','2019-11-05 07:18:20'),(366,1,1572942841,'2019-11-05 08:47:48',1572943668,3232235926,'Mozilla/5.0 (Linux; Android 6.0; Nexus 5 Build/MRA58N) AppleWebKit/537.36 (KHTML, like Gecko) Chrome/76.0.3809.132 Mobile Safari/537.36','02ced948f219d7135ba37d6ca891bdd5','a6950181c3922554e283416f38c6cbe1','2019-11-05 08:34:02'),(367,1,1572943847,'2019-11-05 09:06:23',1572944783,3232235926,'Mozilla/5.0 (X11; Linux x86_64) AppleWebKit/537.36 (KHTML, like Gecko) Chrome/76.0.3809.132 YaBrowser/19.9.3.358 (beta) Yowser/2.5 Safari/537.36','03ae9b347fef0e4eb823d90450264a0a','95d6a1428334490437668ce8ff5ec443','2019-11-05 08:50:47'),(368,1,1572944936,NULL,1572944936,3232235926,'Mozilla/5.0 (Linux; Android 6.0; Nexus 5 Build/MRA58N) AppleWebKit/537.36 (KHTML, like Gecko) Chrome/76.0.3809.132 Mobile Safari/537.36','02ced948f219d7135ba37d6ca891bdd5','b82c2648e1175e954d6041554c301c3a','2019-11-05 09:08:56'),(369,1,1572945057,'2019-11-05 09:37:07',1572946627,3232235926,'Mozilla/5.0 (X11; Linux x86_64) AppleWebKit/537.36 (KHTML, like Gecko) Chrome/76.0.3809.132 YaBrowser/19.9.3.358 (beta) Yowser/2.5 Safari/537.36','03ae9b347fef0e4eb823d90450264a0a','df071b3b734c5a88a7b2519e9a9bd2ee','2019-11-05 09:10:57'),(370,1,1572946629,NULL,1572946629,3232235926,'Mozilla/5.0 (Linux; Android 6.0; Nexus 5 Build/MRA58N) AppleWebKit/537.36 (KHTML, like Gecko) Chrome/76.0.3809.132 Mobile Safari/537.36','02ced948f219d7135ba37d6ca891bdd5','19f1288c13352b36229e471b5e92c036','2019-11-05 09:37:09'),(371,1,1572946895,'2019-11-05 10:25:43',1572949543,3232235926,'Mozilla/5.0 (X11; Linux x86_64) AppleWebKit/537.36 (KHTML, like Gecko) Chrome/76.0.3809.132 YaBrowser/19.9.3.358 (beta) Yowser/2.5 Safari/537.36','03ae9b347fef0e4eb823d90450264a0a','904e3549f4a17fa430db428541f93cfb','2019-11-05 09:41:35'),(372,1,1572949723,NULL,1572949723,3232235926,'Mozilla/5.0 (Linux; Android 6.0; Nexus 5 Build/MRA58N) AppleWebKit/537.36 (KHTML, like Gecko) Chrome/76.0.3809.132 Mobile Safari/537.36','02ced948f219d7135ba37d6ca891bdd5','5c8d09ad98673991631f9640c4f0db90','2019-11-05 10:28:44'),(373,1,1572949872,'2019-11-05 10:37:46',1572950266,3232235926,'Mozilla/5.0 (X11; Linux x86_64) AppleWebKit/537.36 (KHTML, like Gecko) Chrome/76.0.3809.132 YaBrowser/19.9.3.358 (beta) Yowser/2.5 Safari/537.36','03ae9b347fef0e4eb823d90450264a0a','01dfa169531ad973902fb76a5e2434b0','2019-11-05 10:31:12'),(374,1,1572950268,NULL,1572950268,3232235926,'Mozilla/5.0 (Linux; Android 6.0; Nexus 5 Build/MRA58N) AppleWebKit/537.36 (KHTML, like Gecko) Chrome/76.0.3809.132 Mobile Safari/537.36','02ced948f219d7135ba37d6ca891bdd5','6acc8688d164b35bf20bf24be644eabe','2019-11-05 10:37:48'),(375,1,1572950420,'2019-11-05 11:01:24',1572951684,3232235926,'Mozilla/5.0 (X11; Linux x86_64) AppleWebKit/537.36 (KHTML, like Gecko) Chrome/76.0.3809.132 YaBrowser/19.9.3.358 (beta) Yowser/2.5 Safari/537.36','03ae9b347fef0e4eb823d90450264a0a','d82e78f1055388522cebd9f2f9ddbe34','2019-11-05 10:40:20'),(376,1,1573455997,'2019-11-11 11:58:46',1573473525,3232235926,'Mozilla/5.0 (X11; Linux x86_64) AppleWebKit/537.36 (KHTML, like Gecko) Chrome/76.0.3809.132 YaBrowser/19.9.3.358 (beta) Yowser/2.5 Safari/537.36','03ae9b347fef0e4eb823d90450264a0a','TimeOut','2019-11-11 07:06:38'),(377,1,1573473527,NULL,1573473527,3232235926,'Mozilla/5.0 (Linux; Android 6.0; Nexus 5 Build/MRA58N) AppleWebKit/537.36 (KHTML, like Gecko) Chrome/76.0.3809.132 Mobile Safari/537.36','02ced948f219d7135ba37d6ca891bdd5','b314c56d221845618a748b84914f3224','2019-11-11 11:58:47'),(378,1,1573538055,'2019-11-12 10:46:31',1573555591,3232235926,'Mozilla/5.0 (X11; Linux x86_64) AppleWebKit/537.36 (KHTML, like Gecko) Chrome/76.0.3809.132 YaBrowser/19.9.3.358 (beta) Yowser/2.5 Safari/537.36','03ae9b347fef0e4eb823d90450264a0a','TimeOut','2019-11-12 05:54:15'),(379,1,1573555601,'2019-11-12 11:25:20',1573557920,3232235926,'Mozilla/5.0 (X11; Linux x86_64) AppleWebKit/537.36 (KHTML, like Gecko) Chrome/76.0.3809.132 YaBrowser/19.9.3.358 (beta) Yowser/2.5 Safari/537.36','03ae9b347fef0e4eb823d90450264a0a','TimeOut','2019-11-12 10:46:41'),(380,1,1573560270,'2019-11-12 12:33:27',1573561888,3232235926,'Mozilla/5.0 (X11; Linux x86_64) AppleWebKit/537.36 (KHTML, like Gecko) Chrome/76.0.3809.132 YaBrowser/19.9.3.358 (beta) Yowser/2.5 Safari/537.36','03ae9b347fef0e4eb823d90450264a0a','LogOut','2019-11-12 12:04:30'),(381,1,1573562010,'2019-11-12 12:39:09',1573562349,3232235926,'Mozilla/5.0 (X11; Linux x86_64) AppleWebKit/537.36 (KHTML, like Gecko) Chrome/76.0.3809.132 YaBrowser/19.9.3.358 (beta) Yowser/2.5 Safari/537.36','03ae9b347fef0e4eb823d90450264a0a','52297cc61b77b3934cb0f038f5dc6140','2019-11-12 12:33:30');
/*!40000 ALTER TABLE `cisco_users_log_data` ENABLE KEYS */;
UNLOCK TABLES;

--
-- Table structure for table `cisco_users_role`
--

DROP TABLE IF EXISTS `cisco_users_role`;
/*!40101 SET @saved_cs_client     = @@character_set_client */;
/*!40101 SET character_set_client = utf8 */;
CREATE TABLE `cisco_users_role` (
  `id` int(11) NOT NULL AUTO_INCREMENT,
  `role` varchar(50) NOT NULL,
  `alias_name` varchar(100) NOT NULL,
  PRIMARY KEY (`id`)
) ENGINE=InnoDB AUTO_INCREMENT=4 DEFAULT CHARSET=utf8;
/*!40101 SET character_set_client = @saved_cs_client */;

--
-- Dumping data for table `cisco_users_role`
--

LOCK TABLES `cisco_users_role` WRITE;
/*!40000 ALTER TABLE `cisco_users_role` DISABLE KEYS */;
INSERT INTO `cisco_users_role` VALUES (1,'admin','Администратор'),(2,'moderator','Модератор'),(3,'user','Пользователь');
/*!40000 ALTER TABLE `cisco_users_role` ENABLE KEYS */;
UNLOCK TABLES;

--
-- Table structure for table `cisco_views_menu_data`
--

DROP TABLE IF EXISTS `cisco_views_menu_data`;
/*!40101 SET @saved_cs_client     = @@character_set_client */;
/*!40101 SET character_set_client = utf8 */;
CREATE TABLE `cisco_views_menu_data` (
  `id` int(11) NOT NULL AUTO_INCREMENT,
  `title` varchar(50) NOT NULL,
  `alias` varchar(50) NOT NULL,
  `description` varchar(50) NOT NULL,
  `position` int(11) NOT NULL,
  `class` varchar(200) NOT NULL,
  PRIMARY KEY (`id`)
) ENGINE=InnoDB AUTO_INCREMENT=7 DEFAULT CHARSET=utf8;
/*!40101 SET character_set_client = @saved_cs_client */;

--
-- Dumping data for table `cisco_views_menu_data`
--

LOCK TABLES `cisco_views_menu_data` WRITE;
/*!40000 ALTER TABLE `cisco_views_menu_data` DISABLE KEYS */;
INSERT INTO `cisco_views_menu_data` VALUES (1,'Инфо','info','Дополнительные сведения по wifi точкам',100,'icon-books'),(2,'Добавить wifi точку','add_point','Добавление новой точки в систему',20,'icon-plus-circle icon-position-right'),(3,'Точки wifi','points','Список точек wifi',40,'icon-podcast icon-position-left'),(4,'Карта','points_maps','Карта всех точек Cisco',60,'icon-pushpin3'),(5,'Поиск','search','Поиск по БД',80,'icon-spinner9'),(6,'Организации','bussiness','Заказчики точек wifi',50,'icon-library3');
/*!40000 ALTER TABLE `cisco_views_menu_data` ENABLE KEYS */;
UNLOCK TABLES;

--
-- Table structure for table `cisco_views_role_menu`
--

DROP TABLE IF EXISTS `cisco_views_role_menu`;
/*!40101 SET @saved_cs_client     = @@character_set_client */;
/*!40101 SET character_set_client = utf8 */;
CREATE TABLE `cisco_views_role_menu` (
  `id` int(11) NOT NULL AUTO_INCREMENT,
  `id_role` int(11) NOT NULL,
  `id_menu` int(11) NOT NULL,
  PRIMARY KEY (`id`),
  KEY `id_role` (`id_role`),
  KEY `id_menu` (`id_menu`),
  CONSTRAINT `cisco_views_role_menu_ibfk_1` FOREIGN KEY (`id_role`) REFERENCES `cisco_users_role` (`id`),
  CONSTRAINT `cisco_views_role_menu_ibfk_2` FOREIGN KEY (`id_menu`) REFERENCES `cisco_views_menu_data` (`id`)
) ENGINE=InnoDB AUTO_INCREMENT=14 DEFAULT CHARSET=utf8;
/*!40101 SET character_set_client = @saved_cs_client */;

--
-- Dumping data for table `cisco_views_role_menu`
--

LOCK TABLES `cisco_views_role_menu` WRITE;
/*!40000 ALTER TABLE `cisco_views_role_menu` DISABLE KEYS */;
INSERT INTO `cisco_views_role_menu` VALUES (1,1,2),(2,2,1),(3,1,1),(4,3,1),(5,2,2),(6,1,3),(7,2,3),(8,3,3),(9,1,4),(10,1,5),(11,2,5),(12,1,6),(13,2,6);
/*!40000 ALTER TABLE `cisco_views_role_menu` ENABLE KEYS */;
UNLOCK TABLES;
/*!40103 SET TIME_ZONE=@OLD_TIME_ZONE */;

/*!40101 SET SQL_MODE=@OLD_SQL_MODE */;
/*!40014 SET FOREIGN_KEY_CHECKS=@OLD_FOREIGN_KEY_CHECKS */;
/*!40014 SET UNIQUE_CHECKS=@OLD_UNIQUE_CHECKS */;
/*!40101 SET CHARACTER_SET_CLIENT=@OLD_CHARACTER_SET_CLIENT */;
/*!40101 SET CHARACTER_SET_RESULTS=@OLD_CHARACTER_SET_RESULTS */;
/*!40101 SET COLLATION_CONNECTION=@OLD_COLLATION_CONNECTION */;
/*!40111 SET SQL_NOTES=@OLD_SQL_NOTES */;

-- Dump completed on 2019-11-12 15:53:48
