-- phpMyAdmin SQL Dump
-- version 4.9.7
-- https://www.phpmyadmin.net/
--
-- Host: localhost
-- Generation Time: Jul 09, 2021 at 08:44 PM
-- Server version: 5.7.21-20-beget-5.7.21-20-1-log
-- PHP Version: 5.6.40

SET SQL_MODE = "NO_AUTO_VALUE_ON_ZERO";
SET AUTOCOMMIT = 0;
START TRANSACTION;
SET time_zone = "+00:00";


/*!40101 SET @OLD_CHARACTER_SET_CLIENT=@@CHARACTER_SET_CLIENT */;
/*!40101 SET @OLD_CHARACTER_SET_RESULTS=@@CHARACTER_SET_RESULTS */;
/*!40101 SET @OLD_COLLATION_CONNECTION=@@COLLATION_CONNECTION */;
/*!40101 SET NAMES utf8mb4 */;

--
-- Database: `c29550yu_cisco`
--

-- --------------------------------------------------------

--
-- Table structure for table `cisco_auth_error`
--
-- Creation: Dec 25, 2019 at 09:42 AM
-- Last update: Jul 09, 2021 at 05:43 PM
--

DROP TABLE IF EXISTS `cisco_auth_error`;
CREATE TABLE `cisco_auth_error` (
  `id` int(11) NOT NULL,
  `time` timestamp NOT NULL DEFAULT CURRENT_TIMESTAMP,
  `ip` int(28) UNSIGNED NOT NULL,
  `reason` varchar(300) NOT NULL
) ENGINE=InnoDB DEFAULT CHARSET=utf8;

--
-- Dumping data for table `cisco_auth_error`
--

INSERT INTO `cisco_auth_error` (`id`, `time`, `ip`, `reason`) VALUES
(1, '2019-11-16 12:04:33', 2994477805, 'Ошибка. Проверьте ваши данные для доступа'),
(2, '2019-11-20 11:42:20', 2994511868, 'Ошибка. Проверьте ваши данные для доступа'),
(3, '2020-02-06 17:59:08', 2994211824, 'Ошибка. Проверьте ваши данные для доступа'),
(4, '2020-02-06 17:59:14', 2994211824, 'Ошибка. Проверьте ваши данные для доступа'),
(5, '2020-02-06 17:59:18', 2994211824, 'Ошибка. Проверьте ваши данные для доступа'),
(6, '2020-02-06 17:59:29', 2994211824, 'Ошибка. Проверьте ваши данные для доступа'),
(7, '2020-02-06 17:59:37', 2994211824, 'Ошибка. Проверьте ваши данные для доступа'),
(8, '2020-02-06 17:59:43', 2994211824, 'Ошибка. Проверьте ваши данные для доступа'),
(9, '2020-02-06 17:59:49', 2994211824, 'Ошибка. Проверьте ваши данные для доступа'),
(10, '2020-02-12 07:11:30', 2994354100, 'Ошибка. Проверьте ваши данные для доступа'),
(11, '2020-02-12 07:11:37', 2994354100, 'Ошибка. Проверьте ваши данные для доступа'),
(12, '2020-03-17 21:33:56', 2994223182, 'Ошибка. Проверьте ваши данные для доступа'),
(13, '2020-03-17 21:34:07', 2994223182, 'Ошибка. Проверьте ваши данные для доступа'),
(14, '2020-03-17 21:34:15', 2994223182, 'Ошибка. Проверьте ваши данные для доступа'),
(15, '2020-03-17 21:34:53', 2994223182, 'Ошибка. Проверьте ваши данные для доступа'),
(16, '2020-04-22 10:00:38', 623721437, 'Ошибка. Проверьте ваши данные для доступа'),
(17, '2020-05-27 08:58:53', 2994475071, 'Ошибка. Проверьте ваши данные для доступа'),
(18, '2020-05-28 13:19:52', 2994475957, 'Ошибка. Проверьте ваши данные для доступа'),
(19, '2020-05-28 13:19:57', 2994475957, 'Ошибка. Проверьте ваши данные для доступа'),
(20, '2020-05-28 13:20:02', 2994475957, 'Ошибка. Проверьте ваши данные для доступа'),
(21, '2020-06-03 11:42:01', 623721390, 'Ошибка. Проверьте ваши данные для доступа'),
(22, '2020-06-18 05:39:58', 2994475834, 'Ошибка. Проверьте ваши данные для доступа'),
(23, '2020-06-18 05:40:01', 2994475834, 'Ошибка. Проверьте ваши данные для доступа'),
(24, '2020-09-08 13:10:45', 2994478063, 'Ошибка. Проверьте ваши данные для доступа'),
(25, '2020-10-01 08:21:26', 623721978, 'Ошибка. Проверьте ваши данные для доступа'),
(26, '2020-10-01 08:21:43', 623721978, 'Ошибка. Проверьте ваши данные для доступа'),
(27, '2020-10-22 11:05:13', 623720283, 'Ошибка. Проверьте ваши данные для доступа'),
(28, '2021-01-06 06:22:41', 623719113, 'Ошибка. Проверьте ваши данные для доступа'),
(29, '2021-01-06 09:27:40', 623719113, 'Ошибка. Проверьте ваши данные для доступа'),
(30, '2021-01-13 08:35:49', 623719739, 'Ошибка. Проверьте ваши данные для доступа'),
(31, '2021-07-09 17:43:12', 634772062, 'Ошибка. Проверьте ваши данные для доступа');

-- --------------------------------------------------------

--
-- Table structure for table `cisco_business`
--
-- Creation: Dec 25, 2019 at 09:42 AM
--

DROP TABLE IF EXISTS `cisco_business`;
CREATE TABLE `cisco_business` (
  `id` int(11) NOT NULL,
  `name` varchar(200) NOT NULL,
  `description` varchar(100) DEFAULT NULL,
  `placemark_color` varchar(50) NOT NULL DEFAULT 'green'
) ENGINE=InnoDB DEFAULT CHARSET=utf8;

--
-- Dumping data for table `cisco_business`
--

INSERT INTO `cisco_business` (`id`, `name`, `description`, `placemark_color`) VALUES
(43, 'Кафе Бургер', NULL, 'green'),
(44, 'ООО «Битория»', NULL, 'green'),
(45, 'EвроСпар', NULL, 'green'),
(46, 'РУП \"Белтелеком\"', '', '#0A78CC'),
(47, 'Колледж связи', NULL, 'green'),
(48, 'Аэропорт Брест', 'Брестский аэропорт', '#64FF3D'),
(49, 'ГОСТИНИЦА ЭНЕРГИЯ', NULL, 'green'),
(50, 'Кафе \"Сваяк\"', NULL, 'green'),
(51, 'Гостиница Веста', NULL, 'green'),
(52, 'Представительство Национального Олимпийского комитета', NULL, 'green'),
(53, 'Гостиница \"Беларусь\"', '', '#FF4B1F'),
(54, 'ЧУП \"Бремондкук\"', NULL, 'green'),
(56, 'Белоруснефть', NULL, 'green'),
(57, '\"БеларусБанк\"', '', '#52FF57'),
(58, 'Гостиница \"Интурист\"', NULL, 'green'),
(59, 'Гостиница \"БУГ\"', NULL, 'green'),
(60, 'ГУ «Областной спортивный комплекс «Брестский»', NULL, 'green'),
(61, 'ООО \"Белтрансойл-Сервис\"', NULL, 'green'),
(62, 'ЗАО Альфабанк', NULL, 'green'),
(63, 'ИООО Лукойл Белоруссия', '', '#5542FF'),
(64, 'ИООО Синэво', NULL, 'green'),
(66, 'АПП Варшавский мост', NULL, 'green'),
(67, 'ГУ \"Брестская областная специализированная детско-юношеская школа олимпийского резерва\"', NULL, 'green'),
(68, 'Туристический комплекс «Усадьба Рыньковка»', NULL, 'green'),
(69, 'Торговое унитарное предприятие\"Брестский рынок\"', NULL, 'green'),
(71, 'ОАО \"Белагропромбанк\"', NULL, 'green'),
(72, 'БТА Банк', NULL, 'green'),
(73, 'ООО \"Евроторг\"', NULL, 'green'),
(74, 'СП ООО\"Санта -Бремор\"', NULL, 'green'),
(75, 'ОАО \"Белгазпромбанк\"', NULL, 'green'),
(76, 'Брестский областной ЦОР по футболу', NULL, 'green'),
(77, 'ОАО Белагропромбанк', NULL, 'green'),
(78, 'ОАО Приорбанк', NULL, 'green'),
(79, 'УО \"Брестский государственный технический университет\"', '', '#8084FF'),
(81, 'ООО Михфуд', NULL, 'green'),
(82, 'ИООО РН-ЗАПАД АЗС 39', NULL, 'green'),
(83, 'ООО Медицинский центр Новамед', NULL, 'green'),
(84, 'ООО \"Радотин\"', NULL, 'green'),
(85, 'ИООО \"РН-Запад\"', NULL, 'green'),
(86, 'ООО Белвнешэкономбанк', NULL, 'green'),
(87, 'Общество с ограниченной ответственностью \"НАНЕКС\"', '', '#FFFFFF'),
(88, 'ООО Бургер КИнг', NULL, 'green'),
(90, 'Гребной канал', '', '#FFB029'),
(91, 'Корона Торговый центр Филиал Табак-Инвест', NULL, 'green'),
(92, 'ООО Бэбибол', NULL, 'green'),
(93, 'КСУП «Спортивный клуб «Строитель»»', NULL, 'green'),
(94, 'УК «Брестский областной краеведческий музей»', NULL, 'green'),
(95, 'Белорусское общество красного креста', NULL, 'green'),
(96, 'Зао Идея Банк', NULL, 'green'),
(97, 'НЛ Белинтрейд   вход со стороны 17 сентября', NULL, 'green'),
(98, 'Магазин Алми', NULL, 'green'),
(99, 'ООО \"ПрофНоулГрупп\"', NULL, 'green'),
(100, 'Брестский областной лицей имени П.М.Машерова', NULL, 'green'),
(101, 'ОДО « Динарика»', NULL, 'green'),
(102, 'Частное унитарное торгово-производственное предприятие \"Аист\"', NULL, 'green'),
(103, 'ОАО Локон', NULL, 'green'),
(104, 'ООО Аскпрофиль', NULL, 'green'),
(106, 'Унитарное предприятие \"АСБ Санаторий Солнечный\"', '', '#FFB48F'),
(107, 'ИООО Капш Телематик Сервиз', NULL, 'green'),
(108, 'ЧУП НАИРдент', NULL, 'green'),
(109, 'Сытые кумовья', NULL, 'green'),
(110, 'ЧТПУП ЛогиКоВкус', NULL, 'green'),
(111, 'ООО Шумели и Пери Джелсма (Эльгреко)', '', '#C0FF6E'),
(112, 'ООО \"Рестфудгрупп\" (пицца Суши)', NULL, 'green'),
(113, 'ЧП \"АСПИРЭЙШН\"/ТРАКТИР НА КОВЕЛЬСКОЙ', NULL, 'green'),
(114, 'ИП Смирнов В.И.', NULL, 'green'),
(115, 'ОАО \"Рестфудгрупп\"', NULL, 'green'),
(116, '\"Белавтолюкс\"', NULL, 'green'),
(117, '\"Докадо\" (Ренессанс)', NULL, 'green'),
(118, 'Автовокзал', NULL, 'green'),
(119, 'ВТБ  банк', NULL, 'green'),
(120, 'ЗАО МНБ КАПИТАЛ ГРУПП', NULL, 'green'),
(121, 'ОДО \"Гермес и Ко\"', NULL, 'green'),
(122, 'ООО ГАСТРОДВОР', NULL, 'green'),
(123, 'ИП Чернышова ТГ', NULL, 'green'),
(124, 'ООО \"Рестфудгрупп\", кафе \"Кайот\"', NULL, 'green'),
(125, 'ООО \"Рестфудгрупп\", кафе \"Гагарин\"', NULL, 'green'),
(126, 'Форпост Авто', NULL, 'green'),
(127, 'ОАО \"Паритетбанк\"', NULL, 'green'),
(128, 'ООО Корлен инвест', NULL, 'green'),
(129, 'ЧУП по ОУ \"Улыбка Мед\"', NULL, 'green'),
(130, 'ЧП \"АНЛАРСАН\"(бар Лесной)', NULL, 'green'),
(131, 'ООО \"Димирус\"', NULL, 'green'),
(132, 'ЧП \"ЛанчТорг\"', NULL, 'green'),
(133, 'ООО \"Идея\"', NULL, 'green'),
(134, 'УП \"Букмекерская контора Марафон\"', NULL, 'green'),
(135, 'ООО Алиби', NULL, 'green'),
(136, 'ЧАСТНОЕ ПРЕДПРИЯТИЕ \"НИКИТОША\"', NULL, 'green'),
(137, 'СП ООО\"Санта-Бремор\" ЦУМ', NULL, 'green'),
(138, 'Иностранное общество с ограниченной ответственностью \"Синэво\"', NULL, 'green'),
(139, '\"Брестский центр подготовки, повышения квалификации и переподготовки рабочих\"', NULL, 'green'),
(140, 'Белпочта ОПС', NULL, 'green'),
(141, 'ИП Косач Юрий Анатольевич', NULL, 'green'),
(142, 'ООО \"БергФуд\"', NULL, 'green'),
(143, 'ИП \"Парфенюк Виолетта Сергеевна\"', NULL, 'green'),
(144, 'ООО АРТВУДКИДС', NULL, 'green'),
(145, 'ООО «Алексеева И К»', NULL, 'green'),
(146, 'ООО «Кофейня «Время»', NULL, 'green'),
(147, 'ООО \"Автоаптека\"', NULL, 'green'),
(148, 'БрестОблГаз', NULL, 'green'),
(149, 'ГСУСУ \"Брестский областной центр олимпийского резерва по гребле\"', NULL, 'green'),
(150, 'ЗАО ЦептерБанк', NULL, 'green'),
(151, 'ГУ \"Цент по обеспечению деятельности бюджетных организаций г.Бреста\"', NULL, 'green'),
(152, 'Брестский областной исполнительный комитет', NULL, 'green'),
(153, 'РУП \"Белтаможсервис\"', NULL, 'green'),
(154, 'ИООО \"Татбелнефтепродукт\"', NULL, 'green'),
(155, 'РУП \'\'БЕЛОРУСНЕФТЬ-БРЕСТОБЛНЕФТЕПРОДУКТ\'\'', NULL, 'green'),
(156, 'ГУ \"Хоккейный клуб\"Брест\"', NULL, 'green'),
(157, 'Волейбольный клуб Брест', NULL, 'green'),
(158, 'ООО Белавтономия', NULL, 'green'),
(159, 'Брестский областной ЦОР \"Виктория\" имени Анатолия Петровича Мешкова', 'Спорт-комплекс', '#638AFF'),
(160, 'ГУО Бр.обл.центр туризма и краеведения детей и молодежи', NULL, 'green'),
(161, 'ООО «Астомстрой»', NULL, 'green'),
(162, 'Концерн\"Брестмясомолпром\"', NULL, 'green'),
(163, 'ООО \"Комфорт плэйс\"', NULL, 'green'),
(164, 'СООО \"АВТОПЕРСОНА\"', NULL, 'green'),
(165, 'ООО \"ФИТНЕС-ЦЕНТР ГРАФИТ\"', 'фитнес', '#B8D1FF'),
(166, 'ЧАСТНОЕ УНИТАРНОЕ ПРЕДПРИЯТИЕ \"ГАВАНАТРЕЙД\"', NULL, 'green'),
(167, 'Филиала «Брестские электрические сети» РУП «Брестэнерго»', NULL, 'green'),
(168, 'ООО Белгруфрут', NULL, 'green'),
(169, 'ООО \"Евро Отель\"', NULL, 'green'),
(170, 'ООО \"Пицца Стар\"', NULL, 'green'),
(171, 'ООО \"Инвестиции и Качество плюс\"', NULL, 'green'),
(172, 'РИВЕР СТАЙЛ', NULL, 'green'),
(173, 'КиЛерайн', NULL, 'green'),
(174, 'ИП Данилькевич Михаил Владимирович', NULL, 'green'),
(175, 'ИООО \"Синево\"', NULL, 'green'),
(176, 'Индивидуальный предприниматель Самута Эдуард Николаевич', NULL, 'green');

-- --------------------------------------------------------

--
-- Table structure for table `cisco_permissions`
--
-- Creation: Dec 25, 2019 at 09:42 AM
--

DROP TABLE IF EXISTS `cisco_permissions`;
CREATE TABLE `cisco_permissions` (
  `id` int(11) NOT NULL,
  `permissions` varchar(50) NOT NULL
) ENGINE=InnoDB DEFAULT CHARSET=utf8;

--
-- Dumping data for table `cisco_permissions`
--

INSERT INTO `cisco_permissions` (`id`, `permissions`) VALUES
(1, 'info'),
(3, 'home'),
(4, 'point'),
(6, 'console'),
(7, 'search'),
(8, 'bussiness');

-- --------------------------------------------------------

--
-- Table structure for table `cisco_points_model`
--
-- Creation: Dec 25, 2019 at 09:42 AM
--

DROP TABLE IF EXISTS `cisco_points_model`;
CREATE TABLE `cisco_points_model` (
  `id` int(11) NOT NULL,
  `model` varchar(150) NOT NULL
) ENGINE=InnoDB DEFAULT CHARSET=utf8;

--
-- Dumping data for table `cisco_points_model`
--

INSERT INTO `cisco_points_model` (`id`, `model`) VALUES
(1, 'Cisco AIR-CAP702I-E-K9'),
(2, 'Cisco AIR-CAP702w-E-K9'),
(3, 'Cisco AIR-LAP1131G-E-K9'),
(4, 'Cisco AIR-LAP1310G-E-K9R '),
(5, 'Cisco AIR-CAP1532E-E-K9\r\n'),
(6, 'Cisco AIR-AP1815I-E-K9');

-- --------------------------------------------------------

--
-- Table structure for table `cisco_point_address`
--
-- Creation: Dec 25, 2019 at 09:42 AM
--

DROP TABLE IF EXISTS `cisco_point_address`;
CREATE TABLE `cisco_point_address` (
  `id` int(11) NOT NULL,
  `address` varchar(300) NOT NULL
) ENGINE=InnoDB DEFAULT CHARSET=utf8;

--
-- Dumping data for table `cisco_point_address`
--

INSERT INTO `cisco_point_address` (`id`, `address`) VALUES
(1, 'Беларусь, Брест, Московская улица, 202'),
(2, 'Беларусь, Брест, Московская улица, 210'),
(3, 'Беларусь, Брест, Пионерская улица, 50'),
(4, 'Беларусь, Брест, улица Гоголя, 65'),
(5, 'Россия, Москва'),
(6, 'Россия, Иркутская область, Ангарск, 123-й квартал'),
(7, 'Беларусь, Брест, микрорайон Киевка, 3-й Заводской переулок'),
(8, 'Беларусь, Брест, улица Гоголя, 87'),
(9, 'Беларусь, Брэст, садовыя ўчасткі'),
(11, 'Беларусь, Брест, микрорайон Киевка, 3-й Заводской переулок, 11'),
(12, 'Беларусь, Брестская область, Брестский район, Тельминский сельсовет, деревня Тельмы-2'),
(13, 'Беларусь, Брестская область, Кобрин, улица Гоголя'),
(14, 'Беларусь, Брест, улица Гоголя'),
(15, 'Беларусь, Брестская область, Брестский район, Тельминский сельсовет, деревня Тельмы-1'),
(16, 'Беларусь, Брест, улица 17 Сентября, 1'),
(17, 'Беларусь, Брест, 3-й Северный переулок'),
(18, 'Казахстан, Восточно-Казахстанская область, Семей, квартал 343'),
(19, 'Беларусь, Брест, Советская улица'),
(20, 'Беларусь, Брест, микрорайон Киевка, 3-й Заводской переулок 11'),
(21, 'Беларусь, Брест, улица Гоголя, 1Г'),
(22, 'Беларусь, Брест, улица Гоголя, 85'),
(23, 'Беларусь, Брест, улица Орджоникидзе, 22'),
(24, 'Беларусь, Брест, улица Горького, 27'),
(25, 'Беларусь, Брест, улица Карла Маркса, 3'),
(26, 'Беларусь, Брест, микрорайон Киевка, 3-й Заводской переулок, 34А'),
(27, 'Россия, Москва, Московский, 3-й микрорайон'),
(28, 'Казахстан, Актобе, 12-й микрорайон'),
(29, 'Беларусь, Минск, улица Героев 120-й Дивизии'),
(30, 'Беларусь, Брест, 2-я Заводская улица'),
(31, 'Беларусь, Брестская область, Брестский район, агрогородок Мухавец, улица 60 лет Октября'),
(32, 'Беларусь, Брест, 2-я Заводская улица, 5'),
(33, 'Беларусь, Брест, улица 17 Сентября, 12'),
(34, 'Беларусь, Брест, улица 17 Сентября, 12А'),
(35, 'Беларусь, Брест, бульвар Космонавтов, 115'),
(36, 'Беларусь, Брест, микрорайон Киевка, 3-й Заводской переулок, 13'),
(37, 'Беларусь, Брест, 5-я Вересковая улица'),
(38, 'Беларусь, Брест, улица 28 Июля'),
(39, 'Россия, Санкт-Петербург, 13-я линия Васильевского острова'),
(40, 'Россия, Московская область, Балашиха, микрорайон 1 Мая'),
(41, 'Россия, Москва, МКАД, 51-й километр'),
(42, 'Россия, Москва, МКАД, 14-й километр'),
(43, 'Беларусь, Брест, улица 28 Июля, 29'),
(44, 'Россия, Москва, Проектируемый проезд № 1250'),
(45, 'Россия, Москва, улица 50 лет Октября'),
(46, 'Беларусь, Брест, бульвар Космонавтов'),
(47, 'Беларусь, Брест, улица Куйбышева, 28/1'),
(48, 'Беларусь, Брест, улица Карбышева, 28'),
(49, 'Беларусь, Брест, проспект Машерова, 17'),
(50, 'Беларусь, Брест, улица Гоголя, 86'),
(51, 'Беларусь, Брест, улица Гоголя, 82'),
(52, 'Беларусь, Брест, 2-я Заводская улица, 2'),
(53, 'Беларусь, Брестская область, Барановичи, 5-й Садовый переулок, 5'),
(54, 'Беларусь, Брест, проспект Машерова, 16'),
(55, 'Беларусь, Брест, проспект Машерова, 23А'),
(56, 'Беларусь, Брест, 8-я Вересковая улица'),
(57, 'Брестская крепость-герой'),
(58, 'Беларусь, Брестская область, Брестский район, аэропорт Брест'),
(59, 'Беларусь, Брест, улица Карбышева, 30'),
(60, 'Беларусь, Брест, улица Карбышева 28'),
(61, 'Беларусь, Брестская область, Кобрин'),
(62, 'Беларусь, Брест, улица Ленина, 2'),
(63, 'Беларусь, Брест, улица Крупской, 16'),
(64, 'Беларусь, Брест, Пушкинская улица, 5'),
(65, 'Беларусь, Брест, улица Леваневского, 17'),
(66, 'Беларусь, Брест, бульвар Шевченко, 6'),
(67, 'Беларусь, Брест, улица 17 Сентября'),
(68, 'Беларусь, Брест, Пушкинская улица, 20'),
(69, 'Беларусь, Брест, улица Гоголя, 11'),
(70, 'Беларусь, Брест, Московская улица, 263'),
(71, 'Беларусь, Брест, Советская улица, 33'),
(72, 'Беларусь, Брест, проспект Машерова, 21'),
(73, 'Беларусь, Брест, улица Кирова, 82'),
(74, 'Беларусь, Брест, улица Дзержинского, 58'),
(75, 'Беларусь, Брест, улица Мицкевича 36'),
(76, 'Беларусь, Брест, Советская улица 14'),
(77, 'Беларусь, Брест, улица 28 Июля, 37А'),
(78, 'не установлена'),
(79, 'Беларусь, Брест, бульвар Шевченко, 6/1'),
(80, 'Беларусь, Брест, Варшавское шоссе'),
(81, 'Беларусь, Брест, улица Суворова, 200'),
(82, 'г. Брест, ул. Московская АЗС1'),
(83, 'Беларусь, Брест, проспект Машерова, 15'),
(84, 'Беларусь, Брест, Московская улица, 335'),
(85, 'Беларусь, Брест, улица Писателя Смирнова, 155А'),
(86, 'Беларусь, Брест, улица Гоголя, 9'),
(87, 'г. Брест, ул. Гоголя, 9'),
(88, 'ул. Катин Бор, 99'),
(89, 'Беларусь, Брест, Московская улица, 253'),
(90, 'Беларусь, Брест, Советская улица, 56'),
(91, 'ул. Карьерная,11'),
(92, 'Беларусь, Брест, улица Суворова, 105/2'),
(93, 'Беларусь, Брест, улица Янки Купалы, 117'),
(94, 'Беларусь, Брест, Коммерческая улица, 34'),
(95, 'Беларусь, Брест, улица Лейтенанта Рябцева, 110'),
(96, 'ул. Комсомольская,3, пом. 44'),
(97, 'Беларусь, Брест, Комсомольская улица, 3'),
(98, 'Беларусь, Брест, Московская улица, 267'),
(99, 'ул. Московская, 267'),
(100, 'б-р. Космонавтов, 94'),
(101, 'Беларусь, Брест, улица Ленина, 18'),
(102, 'г. Брест Варшавское шоссе 1'),
(103, 'г. Брест, ул. Московская, 151'),
(104, 'Тюхиничи, 1 Дом №1'),
(105, 'Тюхиничи, 1 Дом №2'),
(106, 'Тюхиничи, 1 Дом №3'),
(107, 'Тюхиничи,'),
(108, 'Тюхиничи, 1 Дом №5'),
(109, 'Тюхиничи, 1 Дом №4'),
(110, 'Тюхиничи, 1 Баня Дом № 6'),
(111, 'Тюхиничи, 1'),
(112, 'Тюхиничи, 1  Дом № 6'),
(113, ' БРЕСТ КАРБЫШЕВА улица д 25'),
(114, 'БРЕСТ КАРБЫШЕВА улица д 25'),
(115, 'Беларусь, Брест, Радужная улица, 150'),
(116, 'г. Брест, ул. Радужная, 150'),
(117, 'г. Брест, ул. Воровского, 11'),
(118, 'г.Брест ул.Ленина 2'),
(119, 'г.Брест ул.Ленина 48'),
(120, 'г. Брест, Варшавское шоссе, 11-1'),
(121, 'Беларусь, Брест, Варшавское шоссе, 11'),
(122, 'г.Брест,ул. Машерова 17'),
(123, 'г. Брест, б-р. Космонавтов, 90'),
(124, 'г. Брест, ул. Высокая, 19'),
(125, 'г. Брест, ул. С. Конституции, 15'),
(126, 'г. Брест, Партизанский п-т, 8/49'),
(127, 'г. Брест, ул. Куйбышева, 76'),
(128, 'г. Брест, б-р. Шевченко, 6/1'),
(129, 'г. Брест, ул. Московская, 267/2'),
(130, 'г. Брест, пр. Машерова, 21'),
(131, 'г. Брест, ул. Гоголя, 45-1'),
(132, 'г. Брест, Варшавское шоссе'),
(133, 'г. Брест, ул. Пионерская, 37/1'),
(134, 'г. Брест, пр-т. Республики, 1'),
(135, 'Беларусь, Брест, проспект Республики, 1'),
(136, 'г. Брест, ул. Советская, 34'),
(137, 'г. Брест, ул. Дубровская,  27/5'),
(138, 'г. Брест ул. Ленина 68'),
(139, 'г. Брест, ул. Махновича, 6'),
(140, 'Беларусь, Брест, улица Октябрьской Революции, 2'),
(141, 'г. Брест, ул. Московская, 273В'),
(142, 'г. Брест, ул. К. Маркса, 68/66'),
(143, 'г. Брест, ул. Ленинградская, 2'),
(144, 'г. Брест, ул. К. Маркса, 60'),
(145, 'г. Брест, ул. Ленина, 22'),
(146, 'г. Брест, ул. Советская,59А'),
(147, 'г. Брест .ул.Дзержинского 34 офис 39'),
(148, 'Беларусь, Брест, Московская улица, 352'),
(149, 'г. Брест ул. Светской Конституции 10Д'),
(150, 'Беларусь, Брест, проспект Машерова, 25'),
(151, 'Беларусь, Брест, Комсомольская улица, 8'),
(152, 'Беларусь, Брест, Пушкинская улица, 16/1'),
(153, 'г. Брест,пр. Машерова, 76'),
(154, 'г. Брест, ул. Гоголя, 65'),
(155, 'г. Брест, ул. Московская 263'),
(156, 'Беларусь, Брестская область, Брестский район, Мухавецкий сельсовет, деревня Волки'),
(157, 'Беларусь, Брест, Краснознамённая улица, 30'),
(158, 'г. Брест, ул. Морозова,1'),
(159, 'г. Брест, ул. Пушкинская, 1-64'),
(160, 'г Брест ул. Московская 1'),
(161, 'Беларусь, Брест, Советская улица, 14'),
(162, 'Беларусь, Брест, Московская улица, 328'),
(163, 'Беларусь, Брест, Московская улица, 267/2'),
(164, 'Беларусь, Брест, Луцкая улица, 2A'),
(165, 'Беларусь, Брест, улица Октябрьской Революции, 7А'),
(166, 'Беларусь, Брест, Ковельская улица, 36'),
(167, 'Беларусь, Брест, улица Сикорского, 82'),
(168, 'Беларусь, Брест, проспект Машерова, 52'),
(169, 'Беларусь, Брест, Спокойная улица, 2'),
(170, 'Беларусь, Брест, проспект Машерова, 30'),
(171, 'Беларусь, Брест, улица Орджоникидзе'),
(172, 'Беларусь, Брест, Московская улица, 208'),
(173, 'Беларусь, Брест, Вульковская улица, 88'),
(174, 'Беларусь, Брест, улица Куйбышева, 33'),
(175, 'Беларусь, Брест, улица Куйбышева 33'),
(176, 'Беларусь, Брест, улица Советских Пограничников, 42'),
(177, 'Беларусь, Брест, Комсомольская улица, 31/1'),
(178, 'Беларусь, Брест, Дубровская улица, 36'),
(179, 'Беларусь, Брест, улица Дзержинского, 14'),
(180, 'Беларусь, Брест, Варшавское шоссе, 7'),
(181, 'Беларусь, Брест, Советская улица, 12'),
(182, 'Беларусь, Брест, проспект Машерова, 6А'),
(183, 'Беларусь, Брест, улица Халтурина, 2/1'),
(184, 'Беларусь, Брест, микрорайон Вычулки, Ландшафтная улица, 27'),
(185, 'Беларусь, Брест, Интернациональная улица, 21/1'),
(186, 'Беларусь, Брест, набережная Франциска Скорины, 2А'),
(187, 'Беларусь, Брест, Луцкая улица, 3'),
(188, 'Беларусь, Брест, Луцкая улица, 56'),
(189, 'Беларусь, Брест, улица Рокоссовского 3'),
(190, 'Беларусь, Брест, улица Рокоссовского, 3'),
(191, 'Беларусь, Брест, Московская улица, 247'),
(192, 'Беларусь, Брест, улица Брестских Дивизий, 27'),
(193, 'Беларусь, Брест, проспект Машерова, 32'),
(194, 'Беларусь, Брест, Партизанский проспект, 10А'),
(195, 'Беларусь, Брест, улица 17 Сентября, 5'),
(196, 'Беларусь, Брест, улица Карбышева, 25'),
(197, 'Беларусь, Брест, улица Махновича, 11'),
(198, 'Беларусь, Брест, Советская улица, 80'),
(199, 'Беларусь, Брест, Ленинградская улица, 2'),
(200, 'Беларусь, Брест, улица Янки Купалы 19А/2'),
(201, 'Янки купалы 80'),
(202, 'Беларусь, Брест, улица Янки Купалы, 80'),
(203, 'Беларусь, Брест, Советская улица, 34'),
(204, 'Беларусь, Брест, бульвар Шевченко, 3'),
(205, 'Беларусь, Брест, улица Чкалова, 3'),
(206, 'Беларусь, Брест, улица Чкалова 3'),
(207, 'Беларусь, Брест, улица Чкалова, 4'),
(208, 'Беларусь, Брест, улица Лейтенанта Рябцева, 45'),
(209, 'Беларусь, Брест, улица Катин Бор, 56'),
(210, 'Беларусь, Брест, улица Героев Обороны Брестской Крепости, 3В'),
(211, 'Беларусь, Брест, Московская улица, 151А'),
(212, 'Беларусь, Брест, улица Дзержинского, 46'),
(213, 'Беларусь, Брест, улица Дворникова, 1'),
(214, 'Беларусь, Брест, Ленинградская улица, 4'),
(215, 'Беларусь, Брест, проспект Машерова, 22'),
(216, 'Беларусь, Брест, микрорайон Ковалёво, Карьерная улица, 9Б'),
(217, 'Беларусь, Брест, улица Карбышева, 119'),
(218, 'Беларусь, Брест, Советская улица, 73'),
(219, 'Беларусь, Брестская область, Брестский район, Мотыкальский сельсовет, деревня Тюхиничи, Новая улица, 17'),
(220, 'Беларусь, Брест, Орловская улица, 10'),
(221, 'Беларусь, Брест, Комсомольская улица, 25/2'),
(222, 'Беларусь, Брест, улица Янки Купалы, 15А'),
(223, 'Беларусь, Брест, улица Морозова, 28А'),
(224, 'Беларусь, Брест, Пионерская улица, 39'),
(225, 'Беларусь, Брест, Московская улица, 275А'),
(226, 'Беларусь, Брест, Волгоградская улица, 28А'),
(227, 'Беларусь, Брест, улица Гоголя, 40'),
(228, 'Беларусь, Брест, Советская улица, 76'),
(229, 'Беларусь, Брест, Советская улица, 58'),
(230, 'Беларусь, Брест, улица Катин Бор, 95А'),
(231, 'Беларусь, Брест, улица Мошенского, 92'),
(232, 'Беларусь, Брест, улица Махновича, 13'),
(233, 'Беларусь, Брест, бульвар Шевченко, 8'),
(234, 'Беларусь, Брест, улица Советской Конституции, 14');

-- --------------------------------------------------------

--
-- Table structure for table `cisco_point_data`
--
-- Creation: Dec 25, 2019 at 09:42 AM
-- Last update: Jul 06, 2021 at 09:07 AM
--

DROP TABLE IF EXISTS `cisco_point_data`;
CREATE TABLE `cisco_point_data` (
  `id` int(11) NOT NULL,
  `ip` int(25) NOT NULL,
  `latitude` float NOT NULL,
  `longitude` float NOT NULL,
  `id_address` int(11) DEFAULT NULL,
  `id_business` int(11) DEFAULT NULL,
  `notice` text NOT NULL,
  `set_place` varchar(150) NOT NULL,
  `speed_download` float NOT NULL,
  `speed_upload` float NOT NULL,
  `id_ssid` int(11) DEFAULT NULL,
  `type` varchar(100) NOT NULL,
  `payment` varchar(15) NOT NULL,
  `responsibility` varchar(15) NOT NULL,
  `id_model` int(11) DEFAULT NULL,
  `mac` varchar(50) NOT NULL,
  `installation_date` date NOT NULL,
  `schema_connect` text NOT NULL,
  `customer` varchar(200) NOT NULL
) ENGINE=InnoDB DEFAULT CHARSET=utf8;

--
-- Dumping data for table `cisco_point_data`
--

INSERT INTO `cisco_point_data` (`id`, `ip`, `latitude`, `longitude`, `id_address`, `id_business`, `notice`, `set_place`, `speed_download`, `speed_upload`, `id_ssid`, `type`, `payment`, `responsibility`, `id_model`, `mac`, `installation_date`, `schema_connect`, `customer`) VALUES
(108, 172062275, 52.0959, 23.6903, 68, 43, '', '', 4, 4, 98, 'Внутреняя', 'pay', 'gts', 6, '70:0F:6A:C5:5F:D8', '2019-08-15', '', '+375297218343'),
(109, 172062274, 52.0909, 23.6848, 69, 44, '', '', 4, 4, 20, 'Внутреняя', '', '', 6, '00:FD:22:81:B1:F8', '2019-11-12', '', '+375297250689'),
(110, 172062780, 52.0972, 23.7547, 70, 45, '', '', 4, 4, 21, 'Внутреняя', '', '', 6, '00:Ff:d2:28:1d:3e', '2019-11-12', '', ''),
(111, 172062227, 52.0949, 23.6904, 71, 46, '', 'ул. Советская, 33 сервисный центр', 2, 2, 22, 'Внутреняя', 'free', '', 1, '00:38:DF:0A:06:EE', '2019-11-13', '', ''),
(112, 172062228, 52.095, 23.6905, 71, 46, '', 'Советская, 33  call центр', 2, 2, 22, 'Внутреняя', 'free', '', 1, '00:59:DC:84:66:0A', '2019-11-13', '', ''),
(113, 172065829, 52.0949, 23.6907, 71, 46, '', 'Советская, 33 административный вход', 4, 4, 22, 'Внешняя', 'free', '', 3, '00:25:84:8F:19:EE', '2019-11-13', '', ''),
(114, 172061969, 52.0858, 23.697, 72, 46, '', 'Беларусь, Брест, проспект Машерова, 21 (юргруппа)', 4, 4, 22, 'Внешняя', 'free', 'gts', 4, '00:25:84:8f:19:96', '2019-11-13', 'По выделенной линии 5/05 порт 60', ''),
(115, 172091488, 52.0909, 23.7045, 73, 47, '', 'ул.Кирова, 82, библиотека, 3-й этаж', 2, 2, 23, 'Внутреняя', 'free', 'gts', 3, '00:1b:53:7b:10:e1', '2019-11-13', '', ''),
(116, 172066172, 52.1113, 23.8999, 58, 48, '', 'Аэропорт Зал ожидания', 2, 2, 23, 'Внешняя', 'pay', 'sts', 4, 'C8:4C:75:BB:DA:74', '2019-11-13', '', ''),
(117, 172061501, 52.0894, 23.6986, 74, 49, '', 'Беларусь, Брест, улица Дзержинского, 58 ГОСТ. ЭНЕРГИЯ   Серверная', 2, 2, 11, 'Внешняя', '', '', 5, '00:C1:64:9B:C1:E8', '2019-11-13', 'коммутатор', ''),
(118, 172066085, 52.0942, 23.6868, 64, 50, '', '', 10, 10, 72, 'Внутреняя', '', '', 2, 'F0:B2:E5:C4:3D:78', '2019-11-13', '', ''),
(119, 1849783077, 52.0917, 23.6821, 63, 51, '', 'г. Брест, ул. Крупской, 16  в кафе', 2, 2, 23, 'Внутреняя', '', '', 3, '00:1e:f7:ed:f8:9a', '2016-06-16', '217049', ''),
(120, 172091561, 52.0939, 23.6789, 65, 52, '', 'Брест, ул. Леваневского, 17', 4, 4, 17, 'Внутреняя', '', '', 3, '00:24:97:6F:42:04', '2016-07-08', '528993 vdsl', ''),
(121, 172065862, 52.0859, 23.7043, 66, 53, '', 'Брест, ул. Б-р Шевченко,6 ФОЙЕ ПОД ПОДВЕСНЫМ ПОТОЛКОМ', 2, 2, 18, 'Внутреняя', '', '', 2, 'F0:B2:E5:BE:48:F8', '2016-07-18', 'ПС 1883 VDSL', ''),
(122, 172065860, 52.086, 23.7043, 66, 53, '', 'Брест, ул. Б-р Шевченко,6  БИЛЛИЯРАДНАЯ', 2, 2, 18, 'Внутреняя', '', '', 4, 'C8:4C:75:BB:DA:1E', '2016-07-18', '259097 VDSL', ''),
(123, 172065861, 52.0861, 23.7043, 66, 53, '', 'Брест, ул. Б-р Шевченко,6  КОНФЕРЕНЦ ЗАЛ', 2, 2, 18, 'Внутреняя', '', '', 2, 'F0:B2:E5:BE:4D:78', '2016-07-18', '259097 VDSL', ''),
(124, 172065858, 52.0856, 23.7045, 66, 53, '', 'Брест, ул. Б-р Шевченко,6 РЕСТОРАН  НА ИНТЕРЬЕРНОМ ПОТОЛКЕ', 2, 2, 18, 'Внутреняя', '', '', 4, 'C8:4C:75:BB:DA:30', '2016-07-10', '259228 VDSL', ''),
(125, 172091458, 52.086, 23.7044, 66, 53, '', 'Брест, ул. Б-р Шевченко,6 МАЛОЕ КРЫЛО 2 ЭТАЖ 1 СТОЯК', 2, 2, 23, 'Внутреняя', '', '', 3, '00:1E:F7:ED:FD:DC', '2016-07-18', '574642 VDSL', ''),
(126, 172062215, 52.0992, 23.6913, 75, 54, '', '', 4, 4, 28, 'Внутреняя', '', '', 1, 'D4:2C:44:82:2E:8C', '2017-05-01', '545490 номер линии', ''),
(130, 172091537, 52.0856, 23.7046, 66, 53, '', 'Брест, ул. Б-р Шевченко,6 БОЛЬШОЕ КРЫЛО, 4 ЭТАЖ, 3 СТОЯК', 2, 2, 18, 'Внешняя', '', '', 4, '00:24:97:39:fd:b6', '2016-07-18', '574643 VDSL', ''),
(131, 172091460, 52.0856, 23.7046, 66, 53, '', 'Брест, ул. Б-р Шевченко,6 БОЛЬШОЕ КРЫЛО, 4 ЭТАЖ, 4 СТОЯК', 2, 2, 18, 'Внешняя', '', '', 4, '00:25:84:28:F7:1C', '2016-07-18', '574644 VDSL', ''),
(132, 172065859, 52.0856, 23.7046, 66, 53, '', 'Брест, ул. Б-р Шевченко,6 БОЛЬШОЕ КРЫЛО, 4 ЭТАЖ, 4 СТОЯК', 2, 2, 18, 'Внешняя', 'pay', 'gts', 4, '00:25:84:28:F7:1C', '2019-11-16', '', ''),
(133, 172091461, 52.0857, 23.7046, 66, 53, '', 'Брест, ул. Б-р Шевченко,6 БОЛЬШОЕ КРЫЛО, 5 ЭТАЖ, 2 СТОЯК', 2, 2, 18, 'Внешняя', '', '', 4, '00:25:84:8F:1A:78', '2019-11-16', '574647 VDSL', ''),
(134, 172091462, 52.0856, 23.7046, 66, 53, '', 'Брест, ул. Б-р Шевченко,6 БОЛЬШОЕ КРЫЛО, 5 ЭТАЖ, 4 СТОЯК', 2, 2, 18, 'Внешняя', 'pay', 'gts', 4, '00:21:A0:0A:81:2A', '2016-07-18', '574647 VDSL', ''),
(135, 172091464, 52.086, 23.7044, 66, 53, '', 'Брест, ул. Б-р Шевченко,6 МАЛОЕ КРЫЛО 6 ЭТАЖ 1 СТОЯК', 2, 2, 18, 'Внешняя', '', '', 4, 'd0:d0:fd:70:74:54', '2016-07-18', '574649 VDSL', ''),
(136, 172091465, 52.0856, 23.7046, 66, 53, '', 'Брест, ул. Б-р Шевченко,6 БОЛЬШОЕ КРЫЛО, 6 ЭТАЖ, 3 СТОЯК', 2, 2, 18, 'Внешняя', '', '', 4, '00:25:84:8F:1A:42', '2016-07-18', '574650 VDSL', ''),
(137, 172091466, 52.0855, 23.7046, 66, 53, '', 'Брест, ул. Б-р Шевченко,6 БОЛЬШОЕ КРЫЛО, 6 ЭТАЖ, 4 СТОЯК', 2, 2, 18, 'Внешняя', '', '', 4, '00:21:A0:0A:81:2A', '2016-07-18', '574651 VDSL', ''),
(138, 172091459, 52.0861, 23.7043, 66, 53, '', 'Брест, ул. Б-р Шевченко,6 МАЛОЕ КРЫЛО 7 ЭТАЖ 1 СТОЯК', 2, 2, 18, 'Внутреняя', '', '', 2, 'F0:B2:E5:BE:40:A8', '2016-07-18', '574655 VDSL', ''),
(139, 172091153, 52.0858, 23.7046, 66, 53, '', 'Брест, ул. Б-р Шевченко,6 БОЛЬШОЕ КРЫЛО, 7 ЭТАЖ, 2 СТОЯК', 2, 2, 18, 'Внутреняя', '', '', 2, 'F0:B2:E5:BE:4C:F8', '2019-11-16', '574656 VDSL', ''),
(140, 172091467, 52.0855, 23.7047, 66, 53, '', 'Брест, ул. Б-р Шевченко,6 БОЛЬШОЕ КРЫЛО, 7 ЭТАЖ, 4 СТОЯК', 2, 2, 18, 'Внутреняя', '', '', 2, 'F0:B2:E5:BE:4D:68', '2016-07-18', '574652 VDSL', ''),
(141, 172091457, 52.0861, 23.7044, 66, 53, '', 'Брест, ул. Б-р Шевченко,6 МАЛОЕ КРЫЛО 8 ЭТАЖ 1 СТОЯК', 2, 2, 18, 'Внутреняя', '', '', 3, '00:1E:F7:ED:FF:D2', '2016-07-18', '574655 VDSL', ''),
(142, 172091469, 52.0856, 23.7045, 79, 53, '', 'Брест, ул. Б-р Шевченко,6 БОЛЬШОЕ КРЫЛО, 8 ЭТАЖ, 3 СТОЯК', 2, 2, 18, 'Внутреняя', '', '', 3, '00:1e:f7:ed:fd:b0', '2019-11-16', '574654 VDSL', ''),
(144, 172066049, 52.077, 23.7237, 80, 56, '', 'г. Брест, ул. Варшавское шоссе, АЗС 6', 4, 4, 30, 'Внутреняя', '', '', 3, '00:24:97:6F:44:5E', '2016-06-15', '515132 ADSL', 'к.т 6080625 Александр'),
(145, 172065865, 52.0805, 23.7694, 81, 56, '', 'Брест, ул. Суворова, 200  (перекресток Октябрьской революции и Красный двор)', 2, 2, 30, 'Внешняя', '', '', 4, '00:25:84:8F:19:90', '2016-08-08', 'ПС 629 ADSL', 'к.т 6080625'),
(146, 172066237, 52.1077, 23.801, 82, 56, '', 'г. Брест, ул. Московская, АЗС 1', 2, 2, 30, 'Внутреняя', '', '', 2, 'F0:B2:E5:BE:4C:A8', '2016-09-13', 'ПС 121 ADSL', 'к.т 6080625'),
(147, 172066145, 52.0944, 23.7323, 1, 57, '', 'г. Брест, ул. Московская, 202', 2, 2, 23, 'Внутреняя', '', '', 2, 'F0:B2:E5:BE:3C:A0', '2016-09-13', 'ПC 1993 VDSL', 'связист 232-09-65'),
(148, 172091424, 52.0855, 23.692, 83, 58, '', 'Пр-т Машерова, 15,   фойе 1 этаж  холл под подвесным потолком', 4, 4, 23, 'Внутреняя', '', '', 3, '00:1b:53:7b:0f:f4', '2016-08-25', 'ПС1882 VDSL', ''),
(149, 172091197, 52.1035, 23.79, 84, 56, '', 'Беларусь, Брест, Московская улица, 335  Автозаправка АЗС  №15 Белоруснефть', 2, 2, 30, 'Внутреняя', '', '', 2, 'F0:B2:E5:BE:45:00', '2016-09-30', '406081 Таксофон', 'к.т 6080625'),
(150, 172061517, 52.1211, 23.6336, 85, 56, '', 'г. Брест, ул. Писателя Смирнова, д. 155А', 2, 2, 30, 'Внешняя', '', '', 2, 'F0:B2:E5:C4:24:48', '2016-10-03', '514851 ADSL', 'к.т 6080625'),
(151, 172065921, 52.0854, 23.692, 83, 58, '', 'Пр-т Машерова, 15,   фойе 2 этаж  актовый зал, угол помещения', 2, 2, 10, 'Внутреняя', '', '', 2, '', '2016-10-30', '205261 ADSL', '725-42-92 Александр Николаевич'),
(152, 172061761, 52.0971, 23.6815, 62, 59, '', 'г.Брест ул.Ленина 2,гост. \"Буг-Серсис\",первый этаж,серверная', 2, 2, 14, 'Внутреняя', '', '', 1, '00:8E:73:73:F1:F0', '2016-12-02', 'коммутатор', '7269245,  Александр'),
(153, 172061762, 52.0973, 23.6817, 62, 59, '', 'г.Брест ул.Ленина 2,гост. \"Буг-Серсис\",2 этаж,левое крыло,за потолком', 2, 2, 14, 'Внутреняя', '', '', 1, '00:8E:73:73:F6:96', '2016-12-02', 'коммутатор', '7269245,  Александр'),
(154, 172061763, 52.0972, 23.6815, 62, 59, '', 'г.Брест ул.Ленина 2,гост. \"Буг-Серсис\",3 этаж,левое крыло,за потолком', 2, 2, 14, 'Внутреняя', '', '', 1, '00:8E:73:73:F2:96', '2016-12-02', 'коммутатор', '7269245,  Александр'),
(155, 172061777, 52.0971, 23.6814, 62, 59, '', 'г.Брест ул.Ленина 2,гост. \"Буг-Серсис\",1 этаж,слева вверх(около гл.инж.)', 2, 2, 14, 'Внешняя', '', '', 5, '00:C1:64:9B:D6:3A', '2017-01-17', 'коммутатор', '7269245,  Александр'),
(156, 172061778, 52.0972, 23.6815, 62, 59, '', 'г.Брест ул.Ленина 2,гост. \"Буг-Серсис\",2 этаж,левое крыло,за потолком', 2, 2, 14, 'Внешняя', '', '', 5, '00:C1:64:9B:D6:30', '2017-01-17', 'коммутатор', '7269245,  Александр'),
(157, 172061779, 52.0972, 23.6815, 62, 59, '', 'г.Брест ул.Ленина 2,гост. \"Буг-Серсис\",3 этаж,левое крыло,за потолком', 2, 2, 14, 'Внешняя', '', '', 5, '00:C1:64:9B:D7:8A', '2017-01-17', 'коммутатор', '7269245,  Александр'),
(158, 172062213, 52.097, 23.6816, 62, 59, '', 'г.Брест ул.Ленина 2,гост. \"Буг-Серсис\",2  этаж,правое крыло,за потолком', 2, 2, 14, 'Внутреняя', '', '', 1, 'D4:2C:44:82:37:48', '2017-03-17', 'коммутатор', '7269245,  Александр'),
(159, 172062214, 52.097, 23.6816, 62, 59, '', 'г.Брест ул.Ленина 2,гост. \"Буг-Серсис\",2 этаж,правое крыло,за потолком', 2, 2, 14, 'Внутреняя', '', '', 1, 'D4:2C:44:82:37:4E', '2017-03-17', 'коммутатор', '7269245,  Александр'),
(160, 172061954, 52.0896, 23.6827, 86, 60, '', 'г. Брест, ул. Гоголя, 9,6 этаж,слева', 2, 2, 31, 'Внутреняя', '', '', 1, 'D4:2C:44:82:2E:12', '2017-02-17', 'коммутатор', ''),
(161, 172061955, 52.0896, 23.6827, 86, 60, '', 'г. Брест, ул. Гоголя, 9,6 этаж,справа', 2, 2, 31, 'Внутреняя', '', '', 1, 'D4:2C:44:82:31:FA', '2017-02-17', 'коммутатор', ''),
(162, 172061956, 52.0894, 23.6827, 86, 60, '', 'г. Брест, ул. Гоголя, 9,4 этаж,справа(дальняя)', 2, 2, 31, 'Внутреняя', '', '', 1, 'D4:2C:44:82:32:CC', '2017-02-17', 'коммутатор', ''),
(163, 172061957, 52.0899, 23.6827, 86, 60, '', 'г. Брест, ул. Гоголя, 9,3 этаж,справа(ближняя)', 2, 2, 31, 'Внутреняя', '', '', 1, 'D4:2C:44:82:30:C2', '2017-02-20', 'коммутатор', ''),
(164, 172061958, 52.0899, 23.6826, 86, 60, '', 'г. Брест, ул. Гоголя, 9,4 этаж,левое крыло(ближняя)', 2, 2, 31, 'Внутреняя', '', '', 1, 'D4:2C:44:82:32:BA', '2017-02-21', 'коммутатор', ''),
(165, 172061959, 52.0898, 23.6828, 86, 60, '', 'г. Брест, ул. Гоголя, 9,4 этаж,левое крыло(дальняя)', 2, 2, 31, 'Внутреняя', '', '', 1, 'D4:2C:44:82:2F:8A', '2017-02-22', 'коммутатор', ''),
(166, 172061960, 52.0898, 23.6826, 86, 60, '', 'г. Брест, ул. Гоголя, 9,6 этаж,центр', 2, 2, 31, 'Внутреняя', '', '', 1, 'D4:2C:44:82:35:8C', '2017-02-22', 'коммутатор', ''),
(167, 172061961, 52.0897, 23.6827, 86, 60, '', 'г. Брест, ул. Гоголя, 9,3 этаж ,справа', 2, 2, 31, 'Внутреняя', '', '', 1, 'D4:2C:44:82:2D:FE', '2017-02-27', 'коммутатор', ''),
(168, 172061962, 52.0898, 23.6825, 86, 60, '', 'г. Брест, ул. Гоголя, 9,3 этаж,фойе', 2, 2, 31, 'Внутреняя', '', '', 1, 'D4:2C:44:82:2D:F8', '2017-02-27', 'коммутатор', ''),
(169, 172061963, 52.0901, 23.6826, 86, 60, '', 'г. Брест, ул. Гоголя, 9,кафе \"Пять Колец\",под навес. Потолком', 2, 2, 31, 'Внутреняя', '', '', 1, '00:8E:73:73:F6:60', '2017-02-28', 'коммутатор', ''),
(170, 172061964, 52.0898, 23.6828, 86, 60, '', 'г. Брест, ул. Гоголя, 9', 2, 2, 31, 'Внутреняя', '', '', 1, '00:1e:f7:ed:fd:76', '2017-03-13', 'коммутатор', ''),
(171, 172061965, 52.0896, 23.6828, 86, 60, '', 'г. Брест, ул. Гоголя, 9', 2, 2, 31, 'Внутреняя', '', '', 3, '00:23:04:25:1e:c0', '2017-03-13', 'коммутатор', ''),
(172, 172061966, 52.0897, 23.6829, 86, 60, '', 'г. Брест, ул. Гоголя, 9', 2, 2, 31, 'Внутреняя', 'pay', 'gts', 3, '00:23:04:25:1f:84', '2017-03-15', 'коммутатор', ''),
(173, 172061967, 52.0898, 23.6832, 86, 60, '', 'г. Брест, ул. Гоголя, 9,над трибунами', 2, 2, 31, 'Внешняя', '', '', 4, 'd0:d0:fd:70:74:62', '2017-03-15', 'коммутатор', ''),
(174, 172061968, 52.0896, 23.6827, 86, 60, '', 'г. Брест, ул. Гоголя, 9,2 этаж,конференцзал', 2, 2, 31, 'Внешняя', '', '', 5, '00:C1:64:9B:D7:9E', '2017-03-16', 'коммутатор', ''),
(175, 172062210, 52.1413, 23.6614, 88, 61, '', 'г. Брест, ул. Катин Бор, 99(вагончик на стоянке для фур)', 4, 1, 32, 'Внешняя', '', '', 5, '00:C1:64:9B:D7:9A', '2017-05-20', '537844', ''),
(176, 172062725, 52.097, 23.7525, 89, 62, '', 'г. Брест, ул. Московская, 253(над серверным шкафом)', 2, 2, 1, 'Внутреняя', '', '', 1, 'D4:2C:44:82:32:10', '2017-04-12', '513135', ''),
(177, 172062218, 52.0917, 23.6944, 90, 62, '', 'г.Брест,ул Советская 56(под потолком)', 2, 2, 1, 'Внутреняя', '', '', 1, 'D4:2C:44:82:30:FC', '2017-04-18', '532894', ''),
(178, 172062219, 52.0917, 23.6944, 90, 62, '', 'г.Брест,ул Советская 56(под потолком)', 2, 2, 1, 'Внутреняя', '', '', 1, 'D4:2C:44:82:31:7C', '2017-04-18', '536980', ''),
(179, 172062988, 52.0648, 23.7577, 91, 63, '', 'г. Брест, ул. Карьерная,11', 2, 2, 33, 'Внутреняя', '', '', 1, 'D4:2C:44:82:30:84', '2017-05-18', '1018', ''),
(180, 172062998, 52.0709, 23.7633, 92, 63, '', 'г. Брест, ул. Суворова, 105/2', 2, 2, 33, 'Внутреняя', '', '', 1, '00:38:DF:0A:06:66', '2017-08-16', '1082', ''),
(181, 172062726, 52.113, 23.7707, 93, 63, '', 'г. Брест, ул. Янки Купалы, 117', 2, 2, 33, 'Внутреняя', '', '', 1, 'D4:2C:44:82:34:2E', '2017-05-18', '475699', ''),
(182, 172062727, 52.1325, 23.7686, 94, 63, '', 'г. Брест, ул. Коммерческая, 34', 2, 2, 33, 'Внутреняя', '', '', 1, 'D4:2C:44:82:35:92', '2017-05-18', '1017', ''),
(183, 172063234, 52.1386, 23.6747, 95, 63, '', 'г. Брест, ул. Лейтенанта Рябцева, 110', 2, 2, 33, 'Внутреняя', '', '', 1, 'D4:2C:44:82:37:94', '2015-05-18', '297686', ''),
(184, 172062216, 52.0984, 23.6845, 97, 64, '', 'Помещение. 44', 2, 2, 23, 'Внутреняя', '', '', 1, 'D4:2C:44:82:32:5C', '2017-02-03', '214330', ''),
(185, 172062728, 52.0959, 23.758, 98, 79, '', 'г. Брест, ул. Московская, 267', 2, 2, 34, 'Внутреняя', '', '', 1, 'D4:2C:44:82:31:F4', '2017-05-22', '1038', ''),
(187, 172062729, 52.0958, 23.758, 98, 79, '', 'г. Брест, ул. Московская, 267', 2, 2, 34, 'Внутреняя', 'pay', 'gts', 1, 'D4:2C:44:82:34:48', '2017-05-19', '1039', ''),
(188, 172061970, 52.0913, 23.7015, 100, 57, '', 'г. Брест, б-р. Космонавтов, 94', 2, 2, 3, 'Внутреняя', '', '', 1, 'D4:2C:44:82:35:E4', '2017-06-08', '531263', ''),
(189, 172062220, 52.095, 23.684, 101, 57, 'включена через многопорт', 'г. Брест, Ленина 18', 2, 2, 3, 'Внутреняя', '', '', 1, 'D4:2C:44:82:32:B8', '2017-06-08', '528 многопорт', ''),
(190, 172062467, 52.0746, 23.6597, 102, 66, '', 'г. Брест Варшавское шоссе 1', 4, 4, 35, 'Внутреняя', 'free', 'gts', 1, 'D4:2C:44:82:30:80', '2017-06-15', '', ''),
(191, 172062468, 52.0739, 23.6582, 102, 66, '', 'г. Брест Варшавское шоссе 1', 4, 4, 35, 'Внутреняя', 'free', 'gts', 1, 'D4:2C:44:82:37:8A', '2017-06-15', '', ''),
(192, 172062469, 52.0749, 23.6609, 102, 66, '', 'г. Брест Варшавское шоссе 1', 4, 4, 35, 'Внутреняя', 'free', 'gts', 1, 'D4:2C:44:82:30:52', '2017-06-30', 'ПС 4000 XPON', ''),
(193, 172062470, 52.0733, 23.6599, 102, 66, '', 'г. Брест Варшавское шоссе 1', 4, 4, 35, 'Внутреняя', 'free', 'gts', 1, 'D4:2C:44:82:37:22', '2017-06-30', 'ПС 4001 XPON', ''),
(194, 172062222, 52.0925, 23.7381, 103, 67, '2 ТОЧКИ НА ОДНОМ МОДЕМЕ', 'г. Брест, ул. Московская, 151 МАНЕЖ ХОЛЛ', 20, 20, 99, 'Внутреняя', 'pay', 'gts', 1, 'D4:2C:44:82:37:6A', '2017-07-05', 'ПС 4002 XPON', '7209280 Андрей'),
(195, 172062223, 52.0926, 23.7385, 103, 67, '', 'г. Брест, ул. Московская, 151 МАНЕЖ   МАНЕЖ', 20, 20, 99, 'Внутреняя', 'pay', 'gts', 1, 'D4:2C:44:82:2F:10', '2017-07-05', 'ПС 4002 XPON', '7209280 Андрей'),
(196, 172063235, 52.1522, 23.6757, 104, 68, '', 'Тюхиничи, 1 Дом №1', 2, 2, 36, 'Внутреняя', '', '', 1, '00:38:DF:0A:07:0A', '2017-07-07', '530733', 'Сергей Сергеевич +375297202805, Вадим +375292222468'),
(197, 172063236, 52.1521, 23.6753, 105, 68, '', 'Тюхиничи, 1 Дом №2', 2, 2, 36, 'Внутреняя', '', '', 1, '00:38:DF:0A:06:82', '2017-07-07', '531604', 'Сергей Сергеевич +375297202805, Вадим +375292222468'),
(198, 172063237, 52.1523, 23.6751, 106, 68, '', 'Тюхиничи, 1 Дом №3', 2, 2, 36, 'Внутреняя', '', '', 1, 'D4:2C:44:82:30:70', '2017-07-07', '531890', 'Сергей Сергеевич +375297202805, Вадим +375292222468'),
(199, 172063238, 52.1524, 23.6754, 109, 68, '', 'Тюхиничи, 1 Дом №4', 2, 2, 36, 'Внутреняя', '', '', 1, 'D4:2C:44:82:34:50', '2017-07-07', '531914', 'Сергей Сергеевич +375297202805, Вадим +375292222468'),
(200, 172063239, 52.1527, 23.6758, 108, 68, '', 'Тюхиничи, 1 Дом №5', 2, 2, 36, 'Внутреняя', '', '', 1, 'D4:2C:44:82:34:3C', '2017-07-07', '534516', 'Сергей Сергеевич +375297202805, Вадим +375292222468'),
(201, 172063240, 52.1519, 23.6741, 112, 68, '', 'Тюхиничи, 1 Баня Дом № 6', 2, 2, 36, 'Внутреняя', '', '', 1, 'D4:2C:44:82:34:4C', '2017-07-07', '534828', 'Сергей Сергеевич +375297202805, Вадим +375292222468'),
(202, 172063241, 52.1514, 23.676, 111, 68, '', 'Тюхиничи, 1 Палац  большой зал  стол заказов', 2, 2, 36, 'Внутреняя', '', '', 1, 'D4:2C:44:82:30:78', '2017-07-07', '550888', 'Сергей Сергеевич +375297202805, Вадим +375292222468'),
(203, 172063242, 52.1517, 23.675, 111, 68, '', 'Тюхиничи, 1 Палац  большой зал сцена', 2, 2, 36, 'Внутреняя', '', '', 1, 'D4:2C:44:82:30:B6', '2017-07-07', '535048', 'Сергей Сергеевич +375297202805, Вадим +375292222468'),
(204, 172063243, 52.1514, 23.676, 111, 68, '', 'Тюхиничи, 1 Палац  vip комната', 2, 2, 36, 'Внутреняя', '', '', 1, 'D4:2C:44:82:30:88', '2017-07-07', '551851', 'Сергей Сергеевич +375297202805, Вадим +375292222468'),
(205, 172063244, 52.1516, 23.6756, 111, 68, '2 ТОЧКИ НА ОДНОМ МОДЕМЕ', 'Тюхиничи, 1 Гостиница бар', 2, 2, 36, 'Внутреняя', '', '', 1, 'D4:2C:44:82:31:36', '2017-07-07', '551856', 'Сергей Сергеевич +375297202805, Вадим +375292222468'),
(206, 172063245, 52.152, 23.6764, 111, 68, '2 ТОЧКИ НА ОДНОМ МОДЕМЕ', 'Тюхиничи, 1 Гостиница ресторан', 2, 2, 36, 'Внешняя', '', '', 5, '00:C1:64:9B:D2:62', '2017-07-07', '551856', 'Сергей Сергеевич +375297202805, Вадим +375292222468'),
(207, 172063246, 52.1512, 23.6758, 111, 68, '', 'Тюхиничи, 1 Гостиница vip зал', 2, 2, 36, 'Внутреняя', '', '', 1, 'D4:2C:44:82:31:0E', '2017-07-07', '536562', 'Сергей Сергеевич +375297202805, Вадим +375292222468'),
(208, 172063247, 52.1514, 23.676, 111, 68, 'Подключение LAN2 PON AT4  (LAN1 для byfly)', 'Тюхиничи, 1 Ресепшин(Здание на улице)', 2, 2, 36, 'Внутреняя', '', '', 1, '00:59:DC:84:63:72', '2017-07-07', '518051', 'Сергей Сергеевич +375297202805, Вадим +375292222468'),
(209, 172063252, 52.152, 23.6766, 111, 68, '', 'Тюхиничи, 1 Гостиница номер 22', 2, 2, 36, 'Внутреняя', '', '', 1, '00:38:DF:0A:28:E6', '2017-08-11', '539071', 'Сергей Сергеевич +375297202805, Вадим +375292222468'),
(210, 172062229, 52.0972, 23.6923, 113, 69, '', 'БРЕСТ КАРБЫШЕВА улица д 25', 2, 2, 37, 'Внутреняя', '', '', 1, '00:59:DC:84:64:A6', '2017-08-01', '592821', 'Максим 8022873'),
(211, 172062230, 52.0971, 23.6923, 114, 69, '', 'БРЕСТ КАРБЫШЕВА улица д 25', 6, 6, 37, 'Внутреняя', '', '', 1, '00:59:DC:84:64:20', '2017-08-01', '592820', 'Максим 8022873'),
(212, 172063248, 52.1242, 23.7018, 115, 73, '', 'г. Брест, ул. Радужная, 150', 2, 2, 38, 'Внутреняя', '', '', 1, '00:38:DF:0A:2E:4C', '2017-08-15', 'УВ 51027', ''),
(213, 172063249, 52.1239, 23.702, 115, 73, '', 'г. Брест, ул. Радужная, 150', 2, 2, 38, 'Внутреняя', 'pay', 'gts', 1, '00:38:DF:0A:2C:E6', '2017-08-15', 'УВ 51027', ''),
(214, 172063250, 52.1238, 23.7019, 115, 73, '', 'г. Брест, ул. Радужная, 150', 2, 2, 38, 'Внутреняя', 'pay', 'gts', 1, '00:38:DF:0A:36:54', '2017-08-15', 'УВ 51027', ''),
(215, 172063251, 52.1237, 23.702, 115, 73, '', 'г. Брест, ул. Радужная, 150', 2, 2, 38, 'Внутреняя', 'pay', 'gts', 1, '00:38:DF:0A:29:88', '2017-08-15', 'УВ 51027', ''),
(216, 172061972, 52.0883, 23.6837, 117, 71, '', 'г. Брест, ул. Воровского, 11', 2, 2, 23, 'Внутреняя', '', '', 1, 'D4:2C:44:82:30:7C', '2017-09-27', 'ПС 4004', ''),
(217, 172062232, 52.0971, 23.6815, 62, 59, '', 'г.Брест ул.Ленина 2,гост. \"Буг-Серсис\"(порт 10)', 2, 2, 14, 'Внутреняя', '', '', 1, 'D4:2C:44:82:32:06', '2019-11-20', '5003', ''),
(218, 172062233, 52.0971, 23.6814, 62, 59, '', 'г.Брест ул.Ленина 2,гост. \"Буг-Серсис\"(порт 11)', 2, 2, 14, 'Внутреняя', '', '', 1, 'D4:2C:44:82:38:46', '2019-11-20', '5004', ''),
(219, 172062234, 52.0971, 23.6815, 62, 59, '', 'г.Брест ул.Ленина 2,гост. \"Буг-Серсис\"(порт 12)', 2, 2, 14, 'Внутреняя', '', '', 1, 'D4:2C:44:82:35:2E', '2019-11-20', '5005', ''),
(220, 172062235, 52.0971, 23.6815, 62, 59, '', 'г.Брест ул.Ленина 2,гост. \"Буг-Серсис\"(порт 13)', 2, 2, 14, 'Внутреняя', 'pay', 'gts', 1, 'D4:2C:44:82:32:A0', '2019-11-20', '5006', ''),
(221, 172062224, 52.0907, 23.687, 119, 72, '', 'г.Брест ул.Ленина 48', 2, 2, 39, 'Внутреняя', '', '', 1, 'D4:2C:44:82:32:32', '2017-10-30', '593572', ''),
(222, 172062471, 52.0758, 23.7182, 121, 73, '', 'г. Брест, Варшавское шоссе, 11-1(порт 1)', 2, 2, 38, 'Внутреняя', 'pay', 'gts', 1, '00:38:DF:0A:2B:60', '2017-11-21', '4007', ''),
(223, 172062472, 52.0756, 23.7178, 121, 73, '', 'г. Брест, Варшавское шоссе, 11-1(порт 1)', 2, 2, 38, 'Внутреняя', 'pay', 'gts', 1, '00:38:DF:0A:06:DA', '2017-11-21', '4008', ''),
(224, 172062473, 52.0752, 23.7178, 121, 73, '', 'г. Брест, Варшавское шоссе, 11-1(порт 3)', 2, 2, 38, 'Внутреняя', '', '', 1, '00:59:DC:84:65:D8', '2017-11-21', '4009', ''),
(225, 172062474, 52.0752, 23.7178, 121, 73, '', 'Варшавское шоссе, 11-1(порт 4)', 2, 2, 38, 'Внутреняя', '', '', 1, '00:59:DF:0A:06:9C', '2017-11-21', '4010', ''),
(226, 172062475, 52.0752, 23.7178, 121, 73, '', 'г. Брест, Варшавское шоссе, 11-1(порт 5)', 2, 2, 38, 'Внутреняя', '', '', 1, '00:38:DF:0A:06:D2', '2017-11-21', '4011', ''),
(227, 172062476, 52.0756, 23.7183, 121, 73, '', 'г. Брест, Варшавское шоссе, 11-1(порт 6)', 2, 2, 38, 'Внутреняя', 'pay', 'gts', 1, '00:38:DF:0A:06:D4', '2017-11-21', '4012', ''),
(228, 172061974, 52.0851, 23.6949, 122, 137, '', 'г.Брест,ул. Машерова 17(3 этаж)', 2, 2, 40, 'Внутреняя', 'pay', 'gts', 1, '00:38:DF:0A:29:72', '2017-12-05', '40143 порт', ''),
(229, 172061975, 52.0851, 23.695, 122, 74, '', 'г.Брест,ул. Машерова 17(3 этаж)', 2, 2, 40, 'Внутреняя', 'pay', '', 1, '00:38:DF:0A:2D:44', '2017-12-05', '4015( 4 порт)', ''),
(230, 172061976, 52.0851, 23.6949, 122, 74, '', 'г.Брест,ул. Машерова 17(3 этаж)', 2, 2, 40, 'Внутреняя', '', '', 1, '00:38:DF:0A:29:6E', '2017-12-05', '4016 ( 5 порт)', ''),
(231, 172061977, 52.085, 23.6948, 122, 74, '', 'г.Брест,ул. Машерова 17(цокольный этаж)', 2, 2, 40, 'Внутреняя', '', '', 1, '00:38:DF:0A:24:A0', '2017-12-05', '4017(6порт)', ''),
(232, 172061978, 52.0851, 23.6947, 122, 74, '', 'г.Брест,ул. Машерова 17(цокольный этаж)', 2, 2, 40, 'Внутреняя', '', '', 1, '00:38:DF:0A:24:10', '2017-12-05', '4018(7порт)', ''),
(233, 172061979, 52.0851, 23.6947, 122, 74, '', 'г.Брест,ул. Машерова 17(1 этаж)', 2, 2, 40, 'Внутреняя', '', '', 1, '00:38:DF:0A:24:6E', '2017-12-05', '4019(8порт)', ''),
(234, 172061980, 52.0851, 23.6947, 122, 74, '', 'г.Брест,ул. Машерова 17(1 этаж)', 2, 2, 40, 'Внутреняя', '', '', 1, '00:38:DF:0A:23:9C', '2017-12-05', '4020(9порт)', ''),
(235, 172061981, 52.0851, 23.6947, 122, 74, '', 'г.Брест,ул. Машерова 17(1 этаж в пристройке  справа)', 2, 2, 40, 'Внутреняя', '', '', 1, '00:38:DF:0A:24:30', '2019-11-20', '4021(10порт)', ''),
(236, 172061982, 52.0852, 23.6947, 122, 74, '', 'г.Брест,ул. Машерова 17(2 этаж в пристройке справа)', 2, 2, 40, 'Внутреняя', '', '', 1, '00:38:DF:0A:29:A2', '2017-12-05', '4022(11порт)', ''),
(237, 172061983, 52.0851, 23.6947, 122, 74, '', 'г.Брест,ул. Машерова 17(3 этаж в пристройке справа)', 2, 2, 40, 'Внутреняя', '', '', 1, '00:38:DF:0A:2A:20', '2017-12-05', '4023(12порт)', ''),
(238, 172061984, 52.0851, 23.6947, 122, 74, '', 'г.Брест,ул. Машерова 17(1 этаж)', 2, 2, 40, 'Внутреняя', '', '', 1, '00:38:DF:0A:29:CC', '2017-12-05', '4024(13порт)', ''),
(239, 172061985, 52.0851, 23.6947, 122, 74, '', 'г.Брест,ул. Машерова 17(1 этаж)', 2, 2, 40, 'Внутреняя', '', '', 1, '00:38:DF:0A:2A:18', '2017-12-05', '4025(14порт)', ''),
(240, 172061986, 52.0852, 23.6948, 49, 74, '', 'г.Брест,ул. Машерова 17(1 этаж)', 2, 2, 40, 'Внутреняя', '', '', 1, '00:38:DF:0A:06:8A', '2017-12-05', '4026(15порт)', ''),
(241, 172061987, 52.0852, 23.6947, 122, 74, '', 'г.Брест,ул. Машерова 17(2 этаж)', 2, 2, 40, 'Внутреняя', '', '', 1, '00:38:DF:0A:2B:EA', '2017-12-05', '4027(16порт)', ''),
(242, 172061988, 52.0851, 23.6947, 122, 74, '', 'г.Брест,ул. Машерова 17(2 этаж)', 2, 2, 40, 'Внутреняя', '', '', 1, '00:38:DF:0A:06:FC', '2017-12-05', '4028(17порт)', ''),
(243, 172062225, 52.0927, 23.7011, 123, 75, '', 'г. Брест, б-р. Космонавтов, 90(в зале под потолком)', 2, 2, 41, 'Внутреняя', '', '', 1, '00:38:DF:0A:32:26', '2017-12-21', 'ПС-1131', ''),
(244, 172063491, 52.0967, 23.7278, 124, 76, '', 'г. Брест, ул. Высокая, 19(2 этаж)', 2, 2, 42, 'Внутреняя', '', '', 1, '00:59:DC:84:64:AE', '2018-01-08', 'ПС-1134', ''),
(245, 172062731, 52.1054, 23.7508, 125, 75, '', 'г. Брест, ул. С. Конституции, 15(делали сами)', 2, 2, 41, 'Внутреняя', '', '', 1, '00:38:DF:0A:27:E8', '2018-01-30', 'пс-4029', ''),
(246, 172062732, 52.1054, 23.7508, 125, 75, '', 'г. Брест, ул. С. Конституции, 15(делали сами)', 2, 2, 41, 'Внутреняя', '', '', 1, '00:59:DC:84:64:C2', '2018-02-01', 'пс-4030', ''),
(247, 172062733, 52.1014, 23.7621, 126, 57, '', 'г. Брест, Партизанский п-т, 8/49(делали сами)', 2, 2, 3, 'Внутреняя', '', '', 1, '00:59:CC:84:62:92', '2018-02-12', '408247', ''),
(248, 172065922, 52.0889, 23.6976, 127, 77, '', 'г. Брест, ул. Куйбышева, 76', 2, 2, 43, 'Внутреняя', '', '', 1, '28:52:61:5E:01:CE', '2018-03-27', 'пс1233', ''),
(249, 172061990, 52.0861, 23.7051, 128, 78, '', 'г. Брест, б-р. Шевченко, 6/1', 8, 0.5, 44, 'Внутреняя', '', '', 1, '28:52:61:5E:02:AC', '2018-04-10', 'пс1242', ''),
(250, 172062734, 52.1071, 23.7522, 234, 163, '', '', 4, 4, 127, 'Внутреняя', 'pay', 'gts', 1, '28:52:61:5E:01:56', '2018-04-20', '584765 xPon', 'т. 29-528-44-44 Павел'),
(251, 172062735, 52.0944, 23.7619, 129, 79, '', 'г. Брест, ул. Московская, 267/2', 2, 2, 45, 'Внутреняя', '', '', 1, '28:52:61:5E:00:F2', '2018-04-20', 'пс 4032', ''),
(252, 172062736, 52.0943, 23.7619, 129, 79, '', 'г. Брест, ул. Московская, 267/2', 2, 2, 45, 'Внутреняя', '', '', 1, '28:52:61:5E:02:1A', '2018-04-20', 'пс 4033', ''),
(253, 172062737, 52.0946, 23.7618, 129, 79, '', 'г. Брест, ул. Московская, 267/2', 2, 2, 45, 'Внутреняя', '', '', 1, '28:52:61:5E:01:04', '2018-04-20', 'пс 4034', ''),
(254, 172062738, 52.0948, 23.7617, 129, 79, '', 'г. Брест, ул. Московская, 267/2', 2, 2, 45, 'Внутреняя', '', '', 1, '28:52:61:5E:02:06', '2018-04-20', 'пс 4035', ''),
(255, 172062739, 52.0941, 23.762, 129, 79, '', 'г. Брест, ул. Московская, 267/2', 2, 2, 45, 'Внутреняя', '', '', 1, '28:52:61:5E:01:54', '2018-04-20', 'пс 4036', ''),
(256, 172061971, 52.0859, 23.6969, 130, 46, '', 'г. Брест, пр. Машерова, 21', 2, 2, 46, 'Внутреняя', 'free', 'gts', 1, '28:52:61:5E:02:3C', '2018-04-26', '555211', ''),
(257, 172062226, 52.0923, 23.6919, 131, 81, '', 'г. Брест, ул. Гоголя, 45-1', 4, 4, 47, 'Внутреняя', '', '', 1, '28:52:61:5E:01:9E', '2018-05-02', 'Пс 1249', ''),
(258, 172062477, 52.074, 23.6967, 132, 82, '', 'г. Брест, Варшавское шоссе, АЗС 39', 8, 6, 48, 'Внутреняя', '', '', 1, '', '2018-05-14', '593978', ''),
(259, 172063492, 52.1028, 23.7197, 133, 82, '', 'г. Брест, ул. Пионерская, 37/1', 8, 6, 48, 'Внутреняя', '', '', 1, '', '2018-05-16', '460805', ''),
(260, 172062740, 52.0973, 23.7631, 134, 83, '', 'г. Брест, пр-т. Республики, 1', 2, 2, 49, 'Внутреняя', '', '', 1, '', '2018-06-04', 'ПС4044', ''),
(261, 172062741, 52.0973, 23.7631, 134, 83, '', 'г. Брест, пр-т. Республики, 1', 2, 2, 49, 'Внутреняя', '', '', 1, '', '2018-06-04', 'ПС4045', ''),
(262, 172062742, 52.0973, 23.7632, 135, 83, '', 'г. Брест, пр-т. Республики, 1', 2, 2, 49, 'Внутреняя', '', '', 1, '28:52:61:E5:05:0C', '2018-06-04', 'ПС4046', ''),
(263, 172062743, 52.0973, 23.7631, 134, 83, '', 'г. Брест, пр-т. Республики, 1', 2, 2, 49, 'Внутреняя', '', '', 1, '28:52:61:6E:0B:B2', '2018-06-04', 'ПС4047', ''),
(264, 172062744, 52.0973, 23.7631, 134, 83, '', 'г. Брест, пр-т. Республики, 1', 2, 2, 49, 'Внутреняя', '', '', 1, '28:52:61:6E:05:7E', '2018-06-04', 'ПС4048', ''),
(265, 172062236, 52.0942, 23.6928, 136, 84, '', 'г. Брест, ул. Советская, 34(в центре на столе)', 4, 4, 88, 'Внутреняя', 'pay', 'gts', 1, '28:52:61:6E:05:7E', '2018-06-04', '252515', 'кт 37529-2222515 лайф, рабочий 252515'),
(266, 172062237, 52.1307, 23.6606, 137, 85, '', 'г. Брест, ул. Дубровская,  27/5', 2, 2, 23, 'Внутреняя', '', '', 1, '28:52:61:5E:00:A0', '2018-06-04', '528265', ''),
(267, 172062238, 52.0887, 23.6873, 138, 86, '', 'г. Брест ул. Ленина 68', 8, 0.5, 23, 'Внутреняя', '', '', 1, '28:52:61:5E:02:76', '2018-06-04', '217548', ''),
(268, 172061989, 52.0853, 23.6923, 83, 87, '', 'МАШЕРОВА ПРОСПЕКТ 15', 2, 2, 50, 'Внутреняя', '', '', 1, '70:0F:6A:B4:EC:30', '2018-07-07', '530234', ''),
(269, 172062478, 52.0732, 23.7066, 139, 88, '', 'г. Брест, ул. Махновича, 6', 50, 50, 23, 'Внутреняя', '', '', 1, '28:52:61:5E:02:80', '2018-10-06', '251337', ''),
(270, 172061992, 52.0824, 23.7414, 140, 90, '', 'Тренажерный зал', 2, 2, 51, 'Внутреняя', '', '', 1, '00:59:DC:84:64:20', '2018-12-10', '290732', ''),
(271, 172061993, 52.0823, 23.7415, 140, 90, '', 'Фойе 2 этаж', 2, 2, 51, 'Внутреняя', '', '', 1, '00:59:DC:84:64:A6', '2018-12-10', '290732', ''),
(272, 172062746, 52.0977, 23.7668, 141, 91, '', 'г. Брест, ул. Московская, 273В возле серверного шкафа', 50, 50, 52, 'Внутреняя', '', '', 6, '70:0F:6A:53:84:C0', '2018-12-10', '321641 3 порт', ''),
(273, 172062747, 52.0976, 23.767, 141, 91, '', 'г. Брест, ул. Московская, 273В возле серверного шкафа', 50, 50, 52, 'Внутреняя', '', '', 6, '70:0F:6A:B0:32:80', '2018-12-10', '321642 3 порт', ''),
(274, 172065923, 52.0888, 23.6894, 142, 92, '', 'г. Брест, ул. К. Маркса, 68/66', 2, 2, 23, 'Внутреняя', '', '', 1, '28:52:61:5E:00:D2', '2018-12-20', '356576', ''),
(275, 172061994, 52.0861, 23.7051, 128, 78, '', 'г. Брест, б-р. Шевченко, 6/1 ХОЛЛ', 2, 2, 53, 'Внутреняя', '', '', 1, '00:38:DF:0A:06:10', '2018-12-21', '221424', ''),
(276, 172062749, 52.1113, 23.7629, 199, 93, '', 'г. Брест, ул. Ленинградская, 2', 2, 2, 54, 'Внутреняя', 'pay', 'gts', 6, '70:0F:6A:53:83:D8', '2019-11-20', '356490 порт5', ''),
(277, 172062750, 52.1112, 23.763, 199, 93, '', 'г. Брест, ул. Ленинградская, 2', 2, 2, 54, 'Внутреняя', 'pay', 'gts', 6, '70:0F:6A:B4:EA:48', '2019-11-20', '356491 порт5', ''),
(278, 172062751, 52.1111, 23.763, 199, 93, '', 'г. Брест, ул. Ленинградская, 2', 2, 2, 54, 'Внутреняя', 'pay', 'gts', 6, '00:FC:BA:6A:B1:70', '2019-11-20', '356492 порт5', ''),
(279, 172062752, 52.1112, 23.7629, 199, 93, '', 'г. Брест, ул. Ленинградская, 2', 2, 2, 54, 'Внутреняя', 'pay', 'gts', 6, '70:0F:6A:C5:6E:F8', '2019-11-20', '356493 порт5', ''),
(280, 172062242, 52.0902, 23.6892, 144, 94, '', 'г. Брест, ул. К. Маркса, 60(возле вахтера слева)', 2, 2, 55, 'Внутреняя', 'pay', '', 6, '70:0F:6A:B0:63:D0', '2019-01-15', '209650', ''),
(281, 172062759, 52.0942, 23.762, 129, 79, 'Холл 2 корпуса напротив ларька\nВсе точки за подвесным потолком', 'г. Брест, ул. Московская, 267/2', 4, 2, 45, 'Внутреняя', '', '', 6, '70:0F:6A:B4:ED:E0', '2019-01-21', '321702', '29-2249222 Виктор Викторович'),
(282, 172062760, 52.0945, 23.7619, 129, 79, 'Холл 2 корпуса с поворотом под галереей\nВсе точки за подвесным потолком', 'г. Брест, ул. Московская, 267/2', 4, 2, 45, 'Внутреняя', '', '', 6, '70:0F:6A:B4:D3:10', '2019-11-20', '321702', '29-2249222 Виктор Викторович'),
(283, 172062761, 52.0946, 23.7618, 129, 79, 'Все точки за подвесным потолком\n2 корпус около 215 кабинета', 'г. Брест, ул. Московская, 267/2', 4, 2, 45, 'Внутреняя', '', '', 6, '70:0F:6A:B4:BE:50', '2019-01-21', '321731', ''),
(284, 172062762, 52.0946, 23.7619, 129, 79, 'Все точки за подвесным потолком\nПереход между 1 и 5 корпусом', 'г. Брест, ул. Московская, 267/2', 4, 2, 45, 'Внутреняя', '', '', 6, '70:0F:6A:B4:EE:60', '2019-01-21', '321780', '33-6930468 Игорь'),
(285, 172062763, 52.0945, 23.7619, 129, 79, 'Все точки за подвесным потолком\nГалерея на фальшбалке', 'г. Брест, ул. Московская, 267/2', 4, 2, 45, 'Внешняя', '', '', 5, '00:C1:64:9B:CC:C0', '2019-01-21', '321780', '33-6930468 Игорь'),
(286, 172062764, 52.0942, 23.7619, 129, 79, 'Холл 1 корпуса у входа в коридор\nВсе точки за подвесным потолком', 'г. Брест, ул. Московская, 267/2', 50, 50, 45, 'Внутреняя', '', '', 6, '70:0F:6A:B4:D7:D0', '2019-01-21', 'ПС5011 3 порт', ''),
(287, 172062247, 52.0946, 23.6851, 145, 95, '', 'г. Брест, ул. Ленина, 22', 8, 0.5, 56, 'Внутреняя', '', '', 6, 'D4:2C:44:82:33:6E', '2019-11-20', '237319', ''),
(288, 172062246, 52.0916, 23.6934, 146, 96, '', 'г. Брест, ул. Советская,59А', 8, 0.5, 57, 'Внутреняя', '', '', 6, 'D4:2C:44:82:31:EA', '2019-11-20', '557775', ''),
(289, 172062258, 52.0888, 23.6933, 147, 97, '', 'г. Брест .ул.Дзержинского 34 офис 39', 50, 50, 58, 'Внутреняя', '', '', 6, '70:0F:6A:B4:B5:20', '2019-11-20', '259342', ''),
(290, 172062784, 52.1032, 23.7789, 148, 98, '', 'Беларусь, Брест, Московская улица, 352', 2, 2, 71, 'Внутреняя', '', '', 6, '70:0F:6A:53:B3:B8', '2019-11-20', '', ''),
(291, 172062781, 52.102, 23.7501, 149, 99, '', 'г. Брест ул. Светской Конституции 10Д', 4, 0.5, 59, 'Внутреняя', '', '', 6, '70:0F:6A:B4:C9:90', '2019-11-20', '282370', ''),
(292, 172061997, 52.0854, 23.6987, 150, 100, '', 'БРЕСТ МАШЕРОВА проспект д. 25', 2, 2, 60, 'Внутреняя', '', '', 6, '70:0F:6A:B0:24:20', '2019-04-05', '291043', ''),
(293, 172062248, 52.0981, 23.6858, 151, 101, '', 'Комсомольская 8', 4, 4, 61, 'Внутреняя', '', '', 6, '70:0F:6A:53:B4:16', '2019-03-20', '230421', '375296213150'),
(294, 172062261, 52.0956, 23.689, 152, 102, '', 'Пушкинская 16/1', 4, 4, 62, 'Внутреняя', '', '', 6, '70:0F:6A:B4:E0:40', '2019-05-29', '932023', '375296017877'),
(295, 172062266, 52.0882, 23.7033, 153, 103, '', 'г. Брест,пр. Машерова, 76', 2, 2, 63, 'Внутреняя', '', '', 6, '00:FD:22:81:C9:10', '2019-06-28', '554816', ''),
(297, 172062792, 52.0992, 23.7681, 225, 169, '', '', 4, 4, 120, 'Внутреняя', 'pay', 'gts', 6, '', '2020-12-24', '571461', '80256229264'),
(299, 172063000, 52.0912, 23.8917, 156, 106, '', '225041 ВОЛКИ Д. Республика Беларусь', 2, 2, 65, 'Внутреняя', 'pay', 'sts', 1, '', '2018-10-03', '519691', ''),
(300, 172063001, 52.091, 23.8916, 156, 106, '', '225042 ВОЛКИ Д. Республика Беларусь', 2, 2, 65, 'Внутреняя', 'pay', 'sts', 1, '', '2018-10-01', '519691', ''),
(301, 172063002, 52.0912, 23.8916, 156, 106, '', '225043 ВОЛКИ Д. Республика Беларусь', 2, 2, 65, 'Внутреняя', 'pay', 'sts', 1, '', '2018-10-03', '519691', ''),
(302, 172063003, 52.0909, 23.8916, 156, 106, '', '225044 ВОЛКИ Д. Республика Беларусь', 2, 2, 65, 'Внутреняя', 'pay', 'sts', 1, '', '2018-10-05', '519694', ''),
(303, 172063004, 52.0911, 23.8918, 156, 106, '', '225045 ВОЛКИ Д. Республика Беларусь', 2, 2, 65, 'Внутреняя', 'pay', 'sts', 1, '', '2018-10-05', '519694', ''),
(304, 172063005, 52.0911, 23.8917, 156, 106, '', '225046 ВОЛКИ Д. Республика Беларусь', 2, 2, 65, 'Внутреняя', 'pay', 'sts', 1, '', '2018-10-05', '519694', ''),
(305, 172062485, 52.0753, 23.7203, 157, 107, '', 'г. Брест, ул. Краснознаменная, 30А, М6, АЗС6 BELLTOLL', 2, 2, 66, 'Внутреняя', '', '', 6, '', '2019-11-22', 'ПС 1344', ''),
(306, 172062487, 52.0755, 23.72, 158, 108, '', 'г. Брест, ул. Морозова,1', 2, 2, 67, 'Внутреняя', 'pay', '', 6, '', '2019-06-28', '534052', ''),
(307, 172062268, 52.0945, 23.6927, 203, 150, '', 'ул. Советская,34', 4, 4, 109, 'Внутреняя', 'pay', 'gts', 6, '', '2019-11-22', 'ПС6412', '375293043486 Валентин'),
(308, 172062269, 52.0986, 23.7546, 160, 110, '', 'г Брест ул. Московская 1', 4, 4, 69, 'Внутреняя', 'pay', 'gts', 6, '', '2019-11-22', 'д', ''),
(309, 172062795, 52.1061, 23.7654, 220, 165, '', '', 4, 4, 23, 'Внутреняя', 'pay', 'gts', 6, '', '2020-11-04', '408833', '80297242270'),
(310, 172062023, 52.0894, 23.6827, 86, 60, '', '', 4, 4, 31, 'Внутреняя', 'pay', 'gts', 6, 'c4:f7:d5:21:57:58', '2019-01-09', '', ''),
(311, 172062021, 52.0892, 23.6828, 86, 60, '', '', 4, 4, 31, 'Внутреняя', 'pay', 'gts', 6, '', '2020-01-09', '', ''),
(312, 172062022, 52.0894, 23.6828, 86, 60, '', '', 4, 4, 31, 'Внутреняя', 'pay', 'gts', 6, '', '2020-01-09', '', ''),
(313, 172062024, 52.0895, 23.6828, 86, 60, '', '', 4, 4, 31, 'Внутреняя', 'pay', 'gts', 6, '', '2019-01-09', '', ''),
(314, 172062025, 52.0894, 23.6827, 86, 60, '', '', 4, 4, 31, 'Внутреняя', 'pay', 'gts', 6, '', '2019-01-09', '', ''),
(315, 172062783, 52.0939, 23.7612, 163, 79, '', '', 2, 2, 34, 'Внутреняя', 'pay', 'gts', 6, '', '2020-01-09', '', ''),
(316, 172062787, 52.0939, 23.7614, 163, 79, '', '', 2, 2, 34, 'Внутреняя', 'pay', 'gts', 6, '', '2019-01-08', '', ''),
(317, 172062786, 52.0948, 23.7615, 163, 79, '', '', 2, 2, 34, 'Внутреняя', 'pay', 'gts', 6, '', '2014-01-09', '', ''),
(318, 172062785, 52.0944, 23.7616, 163, 79, '', '', 2, 2, 34, 'Внутреняя', 'pay', 'gts', 6, '', '2019-01-09', '', ''),
(319, 172062788, 52.094, 23.7616, 163, 79, '', '', 2, 2, 34, 'Внутреняя', 'pay', 'gts', 6, '', '2019-01-09', '', ''),
(320, 172062978, 52.0766, 23.7336, 164, 76, '', '', 8, 0.5, 42, 'Внутреняя', 'pay', 'gts', 6, '6A:B0:24:60:70:0F', '2019-01-09', 'т 342834', ''),
(321, 172062271, 52.0934, 23.6984, 4, 111, '', '', 2, 2, 73, 'Внутреняя', 'pay', 'gts', 6, '', '2019-01-09', 'т 342598', ''),
(322, 172063010, 52.0809, 23.7455, 165, 112, '', '', 2, 2, 74, 'Внутреняя', 'pay', 'gts', 6, '00:fd:22:aa:80:68', '2020-01-09', '43/1/3/14,15, 1/4/0 huawei октябрьской революции 7а', ''),
(323, 172062486, 52.073, 23.7082, 232, 175, '', '', 50, 50, 125, 'Внутреняя', 'pay', 'gts', 6, '00:fd:22:81:ce:b0', '2021-03-16', 'т.524059', '293 100 770'),
(324, 172063493, 52.0933, 23.717, 167, 114, '', '', 2, 2, 76, 'Внутреняя', 'pay', 'gts', 6, '', '2020-01-09', 'т.592869', ''),
(325, 172062015, 52.087, 23.6963, 168, 115, '', '', 2, 2, 77, 'Внутреняя', 'pay', 'gts', 6, 'd4:e8:80:4e:79:78', '2019-10-14', 'на номер 504995 xpon', ''),
(326, 172063496, 52.0893, 23.725, 169, 116, '', '', 4, 4, 78, 'Внутреняя', 'pay', 'gts', 6, '2c:4f:52:fe:db:28', '2019-10-16', '300 м линия   телефон 342034 без услуг, портов ев VDSL нет. SHDSL плата присутвует', '29-7223293, Дмитрий'),
(327, 172062016, 52.0847, 23.7047, 233, 176, '', '', 4, 4, 126, 'Внутреняя', 'pay', 'gts', 6, '70:0f:6a:b0:3e:98', '2021-04-05', '518300 xPon', '375295224036 Эдуард'),
(328, 172062284, 52.0989, 23.6829, 171, 118, '', '', 4, 4, 80, 'Внутреняя', 'pay', 'gts', 6, '70:0f:6a:b4:e6:f0', '2019-10-17', 'многопортовик', ''),
(329, 172062796, 52.0964, 23.7426, 172, 119, '', '', 2, 2, 81, 'Внутреняя', 'pay', 'gts', 6, '', '2019-10-25', 'ПС 5081 Брест                                ТКШ 42067 1/04 порт 12', 'Дайнович Юрий Владиславович – 80162292232, 797-49-27'),
(330, 172062488, 52.0702, 23.7278, 173, 119, '', '', 2, 2, 81, 'Внутреняя', 'pay', 'gts', 6, '', '2019-10-16', '231515', 'Дайнович Юрий Владиславович – 80162292232, 797-49-27'),
(331, 172062286, 52.0939, 23.6942, 174, 120, '', '', 2, 2, 82, 'Внутреняя', 'pay', 'gts', 6, '', '2019-10-25', 'xpon на номер 588769                                  3 точки доступа', '80291458518'),
(332, 172062287, 52.0939, 23.6943, 175, 120, '', '', 2, 2, 82, 'Внутреняя', 'pay', 'gts', 6, '', '2019-10-25', 'xpon на номер 588769                                  3 точки доступа', '80291458518'),
(333, 172062288, 52.0939, 23.6942, 174, 120, '', '', 2, 2, 82, 'Внутреняя', 'pay', 'gts', 6, '', '2019-10-25', 'xpon на номер 588769                                  3 точки доступа', '80291458518'),
(334, 172062017, 52.0855, 23.6915, 176, 121, '', '', 2, 2, 83, 'Внутреняя', 'pay', 'gts', 6, '', '2019-10-22', 'на номер 538828', '(33)6933383 Ирина Анатольевна'),
(335, 172062291, 52.094, 23.6891, 177, 122, '', '', 2, 2, 84, 'Внутреняя', 'pay', 'gts', 6, '', '2020-01-09', 'VDSL  509190', ''),
(336, 172062285, 52.0964, 23.678, 210, 56, '', '', 4, 4, 30, 'Внутреняя', 'pay', 'gts', 6, '', '2020-09-09', '405707', '298 006 442'),
(337, 172062289, 52.0887, 23.6909, 179, 124, '', '', 10, 10, 86, 'Внутреняя', 'pay', 'gts', 6, '', '2019-10-29', 'xPON 507555', '(29)7939112'),
(338, 172062290, 52.0886, 23.6909, 179, 125, '', '', 10, 10, 87, 'Внутреняя', 'pay', 'gts', 6, '', '2020-01-09', 'xPON 507555', '(29)7939112'),
(339, 172062489, 52.0766, 23.7222, 180, 126, '', '', 2, 2, 89, 'Внутреняя', 'pay', 'gts', 6, '', '2019-11-11', '2 точки на номер 505505', ''),
(340, 172062490, 52.0766, 23.7221, 180, 126, '', '', 2, 2, 89, 'Внутреняя', 'pay', 'gts', 6, '', '2020-01-09', '2 точки на номер 505505', ''),
(341, 172062292, 52.0972, 23.6894, 181, 127, '', '', 2, 2, 90, 'Внутреняя', 'pay', 'gts', 6, '', '2019-11-18', 'ПС 5116 на VDSL', ''),
(342, 172062018, 52.0865, 23.679, 182, 128, '', '', 2, 2, 91, 'Внутреняя', 'pay', 'gts', 6, '', '2019-11-13', 'УВ500664 АТС 200 1/12/1:2 МА5620 Цельсий-0эт Eth MA5620(24) H821EPFA 5,6 порт', '7916722, Родион Михайлович'),
(343, 172062019, 52.0865, 23.6791, 182, 128, '', '', 4, 4, 91, 'Внутреняя', 'pay', 'gts', 6, '', '2020-01-09', 'УВ500664 АТС 200 1/12/1:2 МА5620 Цельсий-0эт Eth MA5620(24) H821EPFA 5,6 порт', '7916722, Родион Михайлович'),
(344, 172062294, 52.094, 23.7035, 183, 129, '', '', 2, 2, 92, 'Внутреняя', 'pay', 'gts', 6, '', '2020-01-09', 'xPON 351298  порт настроен', '375293452260 Александр Павлович Ступников'),
(345, 172062797, 52.1034, 23.7946, 184, 130, '', '', 10, 10, 93, 'Внутреняя', 'pay', 'sts', 6, '', '2020-01-09', 'номер 535753 скорость на точку 2/1 Мб', '375297212776 Андрей Михайлович/375292211326 Лариса'),
(346, 172062027, 52.0831, 23.6926, 185, 131, '', '', 2, 2, 94, 'Внутреняя', 'pay', 'gts', 6, '2c:4f:52:ff:10:80', '2020-01-09', 'ПС 5155', '29 7245550 Руслан Анварович'),
(347, 172062026, 52.0833, 23.6987, 186, 132, '', '', 2, 2, 95, 'Внутреняя', 'pay', 'gts', 6, 'c4:f7:d5:21:55:78', '2019-12-10', '537133', '33 3666 800'),
(348, 172063016, 52.0747, 23.7389, 187, 133, '', '', 2, 2, 100, 'Внутреняя', 'pay', 'gts', 6, '', '2019-12-31', '506333 порт VDSL 12 точек', ''),
(349, 172063017, 52.0748, 23.739, 187, 133, '', '', 2, 2, 100, 'Внутреняя', 'pay', 'gts', 6, '', '2019-12-31', '506333 порт VDSL 12 точек', '80297975259 Денис'),
(350, 172063018, 52.0746, 23.7389, 187, 133, '', '', 2, 2, 23, 'Внутреняя', 'pay', 'gts', 6, '', '2019-12-31', '506333 порт', '80297975259 Денис'),
(351, 172063019, 52.0748, 23.739, 187, 133, '', '', 2, 2, 23, 'Внутреняя', 'pay', 'gts', 6, '', '2019-12-31', '', '80297975259 Денис'),
(352, 172063020, 52.0747, 23.7389, 187, 133, '', '', 2, 2, 23, 'Внутреняя', 'pay', 'gts', 6, '', '2019-12-31', '', ''),
(353, 172063021, 52.0747, 23.739, 187, 133, '', '', 2, 2, 23, 'Внутреняя', 'pay', 'gts', 6, '', '2019-12-31', '', ''),
(354, 172063022, 52.0747, 23.739, 187, 133, '', '', 2, 2, 23, 'Внутреняя', 'pay', 'gts', 6, '', '2019-12-31', '', ''),
(355, 172063023, 52.0747, 23.7389, 187, 133, '', '', 2, 2, 23, 'Внутреняя', 'pay', 'gts', 6, '', '2019-12-31', '', ''),
(356, 172063024, 52.0747, 23.739, 187, 133, '', '', 2, 2, 23, 'Внутреняя', 'pay', 'gts', 6, '', '2019-12-31', '', ''),
(357, 172063025, 52.0747, 23.739, 187, 133, '', '', 2, 2, 23, 'Внутреняя', 'pay', 'gts', 6, '', '2019-12-31', '', ''),
(358, 172063026, 52.0747, 23.739, 187, 133, '', '', 2, 2, 23, 'Внутреняя', 'pay', 'gts', 6, '', '2019-12-31', '', ''),
(359, 172063027, 52.0748, 23.7389, 187, 133, '', '', 2, 2, 23, 'Внутреняя', 'pay', 'gts', 6, '', '2019-12-31', '', ''),
(360, 172063014, 52.0772, 23.7535, 188, 134, '', '', 2, 2, 96, 'Внутреняя', 'pay', 'gts', 6, '', '2019-12-10', '433895 xpon', '(44) 5910106 Татьяна'),
(361, 172062491, 52.0597, 23.7375, 189, 135, '', '', 2, 2, 97, 'Внутреняя', 'pay', 'gts', 6, '', '2019-12-10', 'ПС 5160', ''),
(362, 172062492, 52.0596, 23.7374, 190, 135, '', '', 2, 2, 97, 'Внутреняя', 'pay', 'gts', 6, '', '2019-12-10', 'ПС 5160 порт настроен', '80333433411 Полина'),
(363, 172062295, 52.096, 23.6903, 68, 136, '', '', 2, 2, 23, 'Внутреняя', 'pay', 'gts', 6, '', '2020-01-09', 'ПС 5174', ''),
(364, 172062803, 52.0963, 23.7498, 191, 138, '', '', 50, 50, 101, 'Внутреняя', 'pay', 'gts', 6, 'c4:f7:d5:21:59:b8', '2020-01-31', 'xPon  554790', ''),
(365, 172062259, 52.1394, 23.6385, 209, 154, '', '', 8, 8, 23, 'Внутреняя', 'pay', 'gts', 6, '2c:4f:52:fe:e5:d0', '2020-09-25', '291163', '29-1372082 - Минск. Контакт в Бресте - Владимир Дмитриевич, 44-7471017'),
(367, 172062302, 52.0981, 23.693, 48, 54, '', '', 4, 4, 103, 'Внутреняя', 'pay', 'gts', 1, '28:52:61:5e:00:d2', '2020-02-24', '259896 VDSL', '375297975561'),
(368, 172062030, 52.0865, 23.6903, 193, 140, '', '', 50, 50, 23, 'Внутреняя', 'pay', 'gts', 6, '', '2020-02-13', 'Брест УВ500740 АТС 200 1/16/14:3(Брестский фл-л РУП Белпочта) МА5612-1 4 плата (eth) MA5612    3 порт', 'Рулева Светлана Александровна (33) 6604178.'),
(369, 172062804, 52.1019, 23.7602, 194, 133, '', '', 8, 8, 104, 'Внутреняя', 'pay', 'gts', 6, '00:fd:22:65:b3:f0', '2020-03-11', 'xPON 550333', '80297975259 Денис'),
(370, 172062805, 52.1019, 23.7601, 194, 133, '', '', 8, 8, 104, 'Внутреняя', 'pay', 'gts', 6, '00:fd:22:44:14:38', '2020-03-11', 'xPON 550333', '80297975259 Денис'),
(371, 172062806, 52.102, 23.76, 194, 133, '', '', 15, 15, 104, 'Внутреняя', 'pay', 'gts', 6, '00:fd:22:44:18:40', '2020-03-11', 'ПС5181 xPON', 'пр.Партизанский, 10А'),
(372, 172062807, 52.1019, 23.7603, 194, 133, '', '', 4, 4, 104, 'Внутреняя', 'pay', 'gts', 6, '00:fd:22:44:13:10', '2020-03-11', '', '80297975259 Денис'),
(373, 172062808, 52.1019, 23.7604, 194, 133, '', '', 4, 4, 104, 'Внутреняя', 'pay', 'gts', 6, '00:fd:22:65:b5:98', '2020-03-11', 'ПС5181', '80297975259 Денис'),
(374, 172062809, 52.1023, 23.7603, 194, 133, '', '', 4, 4, 104, 'Внутреняя', 'pay', 'gts', 6, '', '2020-03-11', 'ПС5181', '80297975259 Денис'),
(375, 172062307, 52.0939, 23.6823, 207, 152, '', '1 этаж, VIP-переговорная – 1 точка;', 4, 4, 23, 'Внутреняя', 'pay', 'gts', 6, '00:fd:22:81:d3:e8', '2020-09-30', 'ПС6362', '33-6704282 Константин Александрович'),
(376, 172062304, 52.0982, 23.6931, 48, 142, '', '', 15, 15, 106, 'Внутреняя', 'pay', 'gts', 6, '00:fd:22:81:da:30', '2020-03-27', 'ПС5186', '375293090623'),
(377, 172062305, 52.0982, 23.6931, 48, 142, '', '', 15, 15, 106, 'Внутреняя', 'pay', 'gts', 6, '', '2020-03-27', 'ПС5186', '375293090623'),
(378, 172062308, 52.0972, 23.6921, 196, 143, '', 'Под потолком', 4, 4, 23, 'Внутреняя', 'pay', 'gts', 6, '', '2020-03-26', 'ПС5191', '375298015010 Виолетта '),
(379, 172062031, 52.0864, 23.6843, 54, 144, '', '2 этаж', 4, 4, 23, 'Внутреняя', 'pay', 'gts', 6, '', '2020-07-07', '536777 xPON', '80293201588 Игорь Владимирович'),
(380, 172062497, 52.0737, 23.708, 197, 145, '', '', 4, 4, 107, 'Внутреняя', 'pay', 'gts', 6, '00:fd:22:81:d9:c0', '2020-05-11', '232303 xPON', 'Елена 80297409546'),
(381, 172062309, 52.0888, 23.6956, 198, 146, '', '', 50, 50, 108, 'Внутреняя', 'pay', 'gts', 6, '00:fd:22:aa:97:a0', '2020-05-11', '290925 xPON', '80293134714'),
(382, 172062812, 52.1114, 23.7629, 199, 93, '', '', 6, 6, 54, 'Внутреняя', 'pay', 'gts', 6, '', '2020-05-05', 'ПС5205', 'Иван Иванович 29-2000395'),
(383, 172062816, 52.1112, 23.7629, 199, 93, '', '', 6, 6, 54, 'Внутреняя', 'pay', 'gts', 6, '', '2020-05-05', '527752', 'Иван Иванович 29-2000395'),
(384, 172062817, 52.1113, 23.7629, 199, 93, '', '', 6, 6, 54, 'Внутреняя', 'pay', 'gts', 6, '', '2020-05-05', '527752', 'Иван Иванович 29-2000395'),
(385, 172062813, 52.1112, 23.763, 199, 93, '', '', 6, 6, 54, 'Внутреняя', 'pay', 'gts', 6, '', '2020-05-05', 'ПС5206', 'Иван Иванович 29-2000395'),
(386, 172062814, 52.1112, 23.763, 199, 93, '', '', 6, 6, 54, 'Внутреняя', 'pay', 'gts', 6, '', '2020-05-05', 'ПС5207', 'Иван Иванович 29-2000395'),
(387, 172062815, 52.1113, 23.7629, 199, 93, '', '', 6, 6, 54, 'Внутреняя', 'pay', 'gts', 6, '', '2020-05-05', 'ПС5208', 'Иван Иванович 29-2000395'),
(388, 172063498, 52.1143, 23.7371, 231, 174, '', '', 4, 4, 124, 'Внутреняя', 'pay', 'gts', 6, '', '2020-07-01', '580180 xPon vlan70', '(29)8272103'),
(389, 172063499, 52.1077, 23.7434, 202, 148, '', '', 4, 4, 23, 'Внутреняя', 'pay', 'gts', 6, '', '2020-08-12', 'Брест УВ500745 МА5612 1/04 Eth (АТС460 1/11/5:31) MA5612 порт 4, тел. 342018', ''),
(390, 172062057, 52.0822, 23.7411, 140, 149, '', '', 4, 4, 23, 'Внутреняя', 'pay', 'gts', 6, '', '2020-08-31', 'Брест УВ51007 АТС200 1/12/14:10 1плата (eth) MA5612-1 Гребной канал MA5612   2-7 порт   порты настроены, мастер на 20.08', '29-7234392, Николай Павлович'),
(391, 172062058, 52.0822, 23.7412, 140, 149, '', '', 4, 4, 23, 'Внутреняя', 'pay', 'gts', 6, '', '2020-08-31', 'Брест УВ51007 АТС200 1/12/14:10 1плата (eth) MA5612-1 Гребной канал MA5612   2-7 порт   порты настроены, мастер на 20.08', ''),
(392, 172062059, 52.0819, 23.7408, 140, 149, '', '', 4, 4, 23, 'Внутреняя', 'pay', 'gts', 6, '', '2020-08-31', 'Брест УВ51007 АТС200 1/12/14:10 1плата (eth) MA5612-1 Гребной канал MA5612   2-7 порт   порты настроены, мастер на 20.08', '29-7234392, Николай Павлович'),
(393, 172062060, 52.0822, 23.741, 140, 149, '', '', 4, 4, 23, 'Внутреняя', 'pay', 'gts', 6, '', '2020-08-31', 'Брест УВ51007 АТС200 1/12/14:10 1плата (eth) MA5612-1 Гребной канал MA5612   2-7 порт   порты настроены, мастер на 20.08', '29-7234392, Николай Павлович'),
(394, 172062061, 52.0825, 23.7415, 140, 149, '', '', 4, 4, 23, 'Внутреняя', 'pay', 'gts', 6, '', '2020-08-31', 'Брест УВ51007 АТС200 1/12/14:10 1плата (eth) MA5612-1 Гребной канал MA5612   2-7 порт   порты настроены, мастер на 20.08', '29-7234392, Николай Павлович'),
(395, 172062062, 52.0822, 23.741, 140, 149, '', '', 6, 6, 23, 'Внутреняя', 'pay', 'gts', 5, '', '2020-08-31', 'Брест УВ51007 АТС200 1/12/14:10 1плата (eth) MA5612-1 Гребной канал MA5612   2-7 порт   порты настроены, мастер на 20.08', '29-7234392, Николай Павлович'),
(396, 172062112, 52.0818, 23.7406, 140, 149, '', '', 4, 4, 23, 'Внутреняя', 'pay', 'gts', 6, '', '2020-08-31', 'Брест УВ51007 АТС200 1/12/14:10 1плата (eth) MA5612-1 Гребной канал MA5612   2-7 порт   порты настроены, мастер на 20.08', '29-7234392, Николай Павлович'),
(397, 172062113, 52.0821, 23.7412, 140, 149, '', '', 4, 4, 23, 'Внутреняя', 'pay', 'gts', 6, '', '2020-08-31', 'Брест УВ51007 АТС200 1/12/14:10 1плата (eth) MA5612-1 Гребной канал MA5612   2-7 порт   порты настроены, мастер на 20.08', '29-7234392, Николай Павлович'),
(398, 172062114, 52.082, 23.7406, 140, 149, '', '', 4, 4, 23, 'Внутреняя', 'pay', 'gts', 6, '', '2020-08-31', 'Брест УВ51007 АТС200 1/12/14:10 1плата (eth) MA5612-1 Гребной канал MA5612   2-7 порт   порты настроены, мастер на 20.08', '29-7234392, Николай Павлович'),
(399, 172062115, 52.0865, 23.7027, 204, 151, '', '', 4, 4, 110, 'Внутреняя', 'pay', 'gts', 6, '', '2020-10-02', '574577', '80297287900 Светлана Ивановна');
INSERT INTO `cisco_point_data` (`id`, `ip`, `latitude`, `longitude`, `id_address`, `id_business`, `notice`, `set_place`, `speed_download`, `speed_upload`, `id_ssid`, `type`, `payment`, `responsibility`, `id_model`, `mac`, `installation_date`, `schema_connect`, `customer`) VALUES
(400, 172062306, 52.0941, 23.6823, 207, 152, '', 'этаж, переговорный зал – 1 точка;', 10, 10, 23, 'Внутреняя', 'pay', 'gts', 6, '', '2020-09-30', 'ПС6182', '33-6704282 Константин Александрович'),
(401, 172062310, 52.0939, 23.6825, 207, 152, '', '2 этаж, конференц-зал – 1 точка.', 10, 10, 23, 'Внутреняя', 'pay', 'gts', 6, '', '2020-10-14', '517075', '33-6704282 Константин Александрович'),
(402, 172063256, 52.1475, 23.6886, 208, 153, '', '', 4, 4, 23, 'Внутреняя', 'pay', 'gts', 6, '', '2020-09-30', '500173', '33 6703600 Дмитрий Васильевич,  33 6703580 Андрей Евгеньевич'),
(403, 172062100, 52.0917, 23.7384, 211, 156, '', '', 10, 10, 111, 'Внутреняя', 'pay', 'gts', 6, '', '2020-09-30', 'ПС5292', '8233789, Алексей'),
(404, 172062101, 52.0917, 23.7389, 211, 156, '', '', 10, 10, 111, 'Внутреняя', 'pay', 'gts', 6, '', '2020-09-30', 'ПС5293', '8233789, Алексей'),
(405, 172062102, 52.0912, 23.7383, 211, 156, '', '', 10, 10, 111, 'Внутреняя', 'pay', 'gts', 6, '', '2020-09-30', 'ПС5294', '8233789, Алексей'),
(406, 172062103, 52.0912, 23.7388, 211, 156, '', '', 10, 10, 111, 'Внутреняя', 'pay', 'gts', 6, '', '2020-10-14', 'ПС5295', ''),
(407, 172062104, 52.0917, 23.7388, 211, 156, '', '', 10, 10, 111, 'Внутреняя', 'pay', 'gts', 6, '', '2020-09-30', 'ПС5296', '8233789, Алексей'),
(408, 172062105, 52.0913, 23.7389, 211, 156, '', '', 10, 10, 111, 'Внутреняя', 'pay', 'gts', 6, '', '2020-09-30', 'ПС5297', '8233789, Алексей'),
(409, 172062106, 52.0917, 23.7382, 211, 156, '', '', 10, 10, 111, 'Внутреняя', 'pay', 'gts', 6, '', '2020-09-30', 'ПС5298', '8233789, Алексей'),
(410, 172062107, 52.0912, 23.739, 211, 156, '', '', 10, 10, 111, 'Внутреняя', 'pay', 'gts', 6, '', '2020-09-30', 'ПС5299', '8233789, Алексей'),
(411, 172062108, 52.0911, 23.7389, 211, 156, '', '', 10, 10, 111, 'Внутреняя', 'pay', 'gts', 6, '', '2020-09-30', 'ПС5300', '8233789, Алексей'),
(412, 172062109, 52.0917, 23.7384, 211, 156, '', '', 10, 10, 111, 'Внутреняя', 'pay', 'gts', 6, '', '2020-09-30', 'ПС6170', '8233789, Алексей'),
(413, 172062110, 52.0911, 23.7388, 211, 156, '', '', 10, 10, 111, 'Внутреняя', 'pay', 'gts', 6, '', '2020-09-30', 'ПС6172', '8233789, Алексей'),
(414, 172062111, 52.0916, 23.7383, 211, 156, '', '', 10, 10, 111, 'Внутреняя', 'pay', 'gts', 6, '', '2020-09-30', 'ПС6178', '8233789, Алексей'),
(415, 172062063, 52.0917, 23.7383, 211, 156, '', '', 10, 10, 111, 'Внутреняя', 'pay', 'gts', 6, '', '2020-09-30', 'ПС5137', '8233789, Алексей'),
(416, 172062064, 52.0917, 23.7384, 211, 156, '', '', 10, 10, 111, 'Внутреняя', 'pay', 'gts', 6, '', '2020-09-30', 'ПС5256', '8233789, Алексей'),
(417, 172062065, 52.0917, 23.7382, 211, 156, '', '', 10, 10, 111, 'Внутреняя', 'pay', 'gts', 6, '', '2020-09-30', 'ПС5257', '8233789, Алексей'),
(418, 172062066, 52.0917, 23.7384, 211, 156, '', '', 10, 10, 111, 'Внутреняя', 'pay', 'gts', 6, '', '2020-09-30', 'ПС5258', '8233789, Алексей'),
(419, 172062067, 52.0917, 23.7384, 211, 156, '', '', 10, 10, 111, 'Внутреняя', 'pay', 'gts', 6, '', '2020-09-30', 'ПС5259', '8233789, Алексей'),
(420, 172062068, 52.0918, 23.7385, 211, 156, '', '', 10, 10, 111, 'Внутреняя', 'pay', 'gts', 6, '', '2020-09-30', 'ПС5260', '8233789, Алексей'),
(421, 172062069, 52.0917, 23.7386, 211, 156, '', '', 10, 10, 111, 'Внутреняя', 'pay', 'gts', 6, '', '2020-09-30', 'ПС5261', '8233789, Алексей'),
(422, 172062070, 52.0913, 23.7391, 211, 156, '', '', 10, 10, 111, 'Внутреняя', 'pay', 'gts', 6, '', '2020-09-30', 'ПС5262', '8233789, Алексей'),
(423, 172062071, 52.0917, 23.7389, 211, 156, '', '', 10, 10, 111, 'Внутреняя', 'pay', 'gts', 6, '', '2020-09-30', 'ПС5263', '8233789, Алексей'),
(424, 172062072, 52.0917, 23.7383, 211, 156, '', '', 10, 10, 111, 'Внутреняя', 'pay', 'gts', 6, '', '2020-09-30', 'ПС5264', '8233789, Алексей'),
(425, 172062073, 52.0918, 23.7384, 211, 156, '', '', 10, 10, 111, 'Внутреняя', 'pay', 'gts', 6, '', '2020-09-30', 'ПС5265', '8233789, Алексей'),
(426, 172062074, 52.0917, 23.7384, 211, 156, '', '', 10, 10, 111, 'Внутреняя', 'pay', 'gts', 6, '', '2020-09-30', 'ПС5266', '8233789, Алексей'),
(427, 172062075, 52.0914, 23.7387, 211, 156, '', '', 10, 10, 111, 'Внутреняя', 'pay', 'gts', 6, '', '2020-09-30', 'ПС5267', '8233789, Алексей'),
(428, 172062076, 52.0916, 23.7387, 211, 156, '', '', 10, 10, 111, 'Внутреняя', 'pay', 'gts', 6, '', '2020-09-30', 'ПС5268', '8233789, Алексей'),
(429, 172062077, 52.0915, 23.7388, 211, 156, '', '', 10, 10, 111, 'Внутреняя', 'pay', 'gts', 6, '', '2020-09-30', 'ПС5269', '8233789, Алексей'),
(430, 172062078, 52.0914, 23.7387, 211, 156, '', '', 10, 10, 111, 'Внутреняя', 'pay', 'gts', 6, '', '2020-09-30', 'ПС5270', '8233789, Алексей'),
(431, 172062079, 52.0911, 23.7388, 211, 156, '', '', 10, 10, 111, 'Внутреняя', 'pay', 'gts', 6, '', '2020-09-30', 'ПС5271', '8233789, Алексей'),
(432, 172062080, 52.0914, 23.7388, 211, 156, '', '', 10, 10, 111, 'Внутреняя', 'pay', 'gts', 6, '', '2020-09-30', 'ПС5272', '8233789, Алексей'),
(433, 172062081, 52.0914, 23.7387, 211, 156, '', '', 10, 10, 111, 'Внутреняя', 'pay', 'gts', 6, '', '2020-09-30', 'ПС5273', '8233789, Алексей'),
(434, 172062082, 52.0916, 23.7383, 211, 156, '', '', 10, 10, 111, 'Внутреняя', 'pay', 'gts', 6, '', '2020-09-30', 'ПС5274', '8233789, Алексей'),
(435, 172062083, 52.0914, 23.7387, 211, 156, '', '', 10, 10, 111, 'Внутреняя', 'pay', 'gts', 6, '', '2020-09-30', 'ПС5275', '8233789, Алексей'),
(436, 172062084, 52.0914, 23.7386, 211, 156, '', '', 10, 10, 111, 'Внутреняя', 'pay', 'gts', 6, '', '2020-09-30', 'ПС5276', '8233789, Алексей'),
(437, 172062085, 52.0914, 23.7385, 211, 156, '', '', 10, 10, 111, 'Внутреняя', 'pay', 'gts', 6, '', '2020-09-30', 'ПС5277', '8233789, Алексей'),
(438, 172062086, 52.0916, 23.739, 211, 156, '', '', 10, 10, 111, 'Внутреняя', 'pay', 'gts', 6, '', '2020-09-30', 'ПС5278', '8233789, Алексей'),
(439, 172062087, 52.0916, 23.7383, 211, 156, '', '', 10, 10, 111, 'Внутреняя', 'pay', 'gts', 6, '', '2020-09-30', 'ПС5279', '8233789, Алексей'),
(440, 172062088, 52.0913, 23.7388, 211, 156, '', '', 10, 10, 111, 'Внутреняя', 'pay', 'gts', 6, '', '2020-09-30', 'ПС5280', '8233789, Алексей'),
(441, 172062089, 52.0911, 23.7385, 211, 156, '', '', 10, 10, 111, 'Внутреняя', 'pay', 'gts', 6, '', '2020-09-30', 'ПС5281', '8233789, Алексей'),
(442, 172062090, 52.0913, 23.7388, 211, 156, '', '', 10, 10, 111, 'Внутреняя', 'pay', 'gts', 6, '', '2020-09-30', 'ПС5282', '8233789, Алексей'),
(443, 172062091, 52.0918, 23.7384, 211, 156, '', '', 10, 10, 111, 'Внутреняя', 'pay', 'gts', 6, '', '2020-09-30', 'ПС5283', '8233789, Алексей'),
(444, 172062092, 52.0918, 23.7382, 211, 156, '', '', 10, 10, 111, 'Внутреняя', 'pay', 'gts', 6, '', '2020-09-30', 'ПС5284', '8233789, Алексей'),
(445, 172062093, 52.0917, 23.7382, 211, 156, '', '', 10, 10, 111, 'Внутреняя', 'pay', 'gts', 6, '', '2020-09-30', 'ПС5285', '8233789, Алексей'),
(446, 172062094, 52.0912, 23.7391, 211, 156, '', '', 10, 10, 111, 'Внутреняя', 'pay', 'gts', 6, '', '2020-09-30', 'ПС5286', '8233789, Алексей'),
(447, 172062095, 52.0915, 23.7385, 211, 156, '', '', 10, 10, 111, 'Внутреняя', 'pay', 'gts', 6, '', '2020-09-30', 'ПС5287', '8233789, Алексей'),
(448, 172062096, 52.0911, 23.7386, 211, 156, '', '', 10, 10, 111, 'Внутреняя', 'pay', 'gts', 6, '', '2020-09-30', 'ПС5288', '8233789, Алексей'),
(449, 172062097, 52.0912, 23.7385, 211, 156, '', '', 10, 10, 111, 'Внутреняя', 'pay', 'gts', 6, '', '2020-09-30', 'ПС5289', '8233789, Алексей'),
(450, 172062098, 52.0912, 23.7389, 211, 156, '', '', 10, 10, 111, 'Внутреняя', 'pay', 'gts', 6, '', '2020-09-30', 'ПС5290', '8233789, Алексей'),
(451, 172062099, 52.0912, 23.7389, 211, 156, '', '', 10, 10, 111, 'Внутреняя', 'pay', 'gts', 6, '', '2020-09-30', 'ПС5291', '8233789, Алексей'),
(452, 172062314, 52.0891, 23.6959, 212, 157, '', '', 4, 4, 112, 'Внутреняя', 'pay', 'gts', 6, '', '2020-11-11', 'ПС6478', '29-7221633'),
(453, 172062315, 52.0892, 23.6961, 212, 157, '', '', 4, 4, 112, 'Внутреняя', 'pay', 'gts', 6, '', '2020-11-11', 'ПС6478', '29-7221633'),
(454, 172062316, 52.0891, 23.6961, 212, 157, '', '', 4, 4, 112, 'Внутреняя', 'pay', 'gts', 6, '', '2020-11-11', 'ПС6478', '29-7221633'),
(455, 172062211, 52.1059, 23.6633, 213, 158, '', '', 4, 4, 23, 'Внутреняя', 'pay', 'gts', 6, '', '2020-09-17', '291311', 'ЮРИЙ 80336981996'),
(456, 172061999, 52.1139, 23.7783, 214, 159, '', 'точка wi-fi на третьем этаже.', 4, 4, 113, 'Внутреняя', 'pay', 'gts', 6, '', '2020-09-26', 'УВ51014 MA5620 1/01 Eth (A5500 0/0/9) MA5620(24) порт 7 порт настроен', '29-5259408, Дмитрий'),
(457, 172062118, 52.0865, 23.6873, 215, 160, '', '', 4, 4, 114, 'Внутреняя', 'pay', 'gts', 6, '', '2021-01-13', 'ПС5100', '80336985118 Игорь Михайлович'),
(458, 172063034, 52.0642, 23.7567, 216, 161, '', '', 4, 4, 115, 'Внутреняя', 'pay', 'gts', 6, '', '2020-09-30', '507501, Брест АТС 436 1/6/4 (Миле) F821-EI8E_gpon порты 5', '298991661 Роман'),
(459, 172063035, 52.064, 23.7568, 216, 161, '', '', 4, 4, 115, 'Внутреняя', 'pay', 'gts', 6, '', '2020-09-30', '507530 Брест АТС 436 1/6/4 (Миле) F821-EI8E_gpon порт 2', '298991661 Роман'),
(460, 172063036, 52.0641, 23.7563, 216, 161, '', '', 4, 4, 115, 'Внутреняя', 'pay', 'gts', 6, '', '2020-09-30', '507573, Брест АТС 436 1/6/4 (Миле) F821-EI8E_gpon порт 3', '298991661 Роман'),
(461, 172063037, 52.0641, 23.7562, 216, 161, '', '', 4, 4, 115, 'Внутреняя', 'pay', 'gts', 6, '', '2020-09-30', '507616, Брест АТС 436 1/6/4 (Миле) F821-EI8E_gpon порт 8', '298991661 Роман'),
(462, 172062119, 52.0855, 23.701, 217, 162, '', '', 4, 4, 116, 'Внутреняя', 'pay', 'gts', 6, '', '2020-10-03', 'ПС5244,  АТС 200 1/15/6 Карбышева119-olt_(15) SplitterOLT_HUAWEI 5600T(32)  порт:24', '582728 Юрий'),
(463, 172062311, 52.0899, 23.6942, 218, 163, '', '', 4, 4, 23, 'Внутреняя', 'pay', 'gts', 6, '', '2020-10-16', '514791', ''),
(464, 172062312, 52.0899, 23.6942, 218, 163, '', '', 4, 4, 23, 'Внутреняя', 'pay', 'gts', 6, '', '2020-10-16', '514791', '295284444 Павел Павлович'),
(465, 172062313, 52.0899, 23.6942, 218, 163, '', '', 4, 4, 23, 'Внутреняя', 'pay', 'gts', 6, '', '2020-10-16', '514791', '295284444 Павел Павлович'),
(466, 172062317, 52.1592, 23.6604, 219, 164, '', '', 4, 4, 117, 'Внутреняя', 'pay', 'gts', 6, '', '2020-10-21', '511227', '375297988929 Дмитрий'),
(467, 172062319, 52.0948, 23.6883, 221, 166, '', '', 4, 4, 118, 'Внутреняя', 'pay', 'gts', 6, '', '2020-11-12', '575072', '292059330'),
(468, 172062824, 52.1065, 23.744, 222, 167, '', '', 4, 4, 23, 'Внутреняя', 'pay', 'gts', 6, '', '2020-12-01', '340205', '80162271095 Якимчик Алексей Александрович'),
(469, 172062466, 52.0755, 23.7305, 223, 158, 'Брест АТС 350 4/16/15:5Eth (Автономия) порт 5 порт', '', 4, 4, 23, 'Внутреняя', 'pay', 'gts', 6, '', '2021-01-13', '592160', ''),
(470, 172063505, 52.1024, 23.7204, 224, 168, '0 1/15/15 (Пионерская 42/1)-olt_(15) SplitterOLT_HUAWEI 5600T(32)  порт:22', '', 4, 4, 119, 'Внутреняя', 'pay', 'gts', 6, '', '2020-12-09', 'ПС5209', '80296509360 Владимир'),
(471, 172063506, 52.1023, 23.7203, 224, 168, '', '', 4, 4, 119, 'Внутреняя', 'pay', 'gts', 6, '', '2020-12-09', 'ПС5209', '80296509360 Владимир'),
(472, 172062793, 52.099, 23.7684, 225, 169, '', '', 4, 4, 120, 'Внутреняя', 'pay', 'gts', 6, '', '2020-12-24', '571461', '80256229264'),
(473, 172063015, 52.0777, 23.7541, 226, 170, '', '', 4, 4, 23, 'Внутреняя', 'pay', 'gts', 6, '', '2020-12-28', '572351', '29 2078585 Александр'),
(474, 172062260, 52.0924, 23.6894, 227, 171, '', '', 4, 4, 121, 'Внутреняя', 'pay', 'gts', 6, '', '2021-04-14', '570550 xPon', '8029 394-09-40 ОЛЕГ'),
(475, 172062267, 52.0892, 23.6951, 228, 172, '', '', 4, 4, 122, 'Внутреняя', 'pay', 'gts', 6, '', '2021-04-14', '560310 xPon', ''),
(476, 172062320, 52.0914, 23.6953, 229, 57, '', '', 10, 10, 3, 'Внутреняя', 'pay', 'gts', 6, '', '2021-04-14', '533570 xPON', '277469, 29 6631033'),
(477, 172062321, 52.1422, 23.6571, 230, 173, '', '', 4, 4, 123, 'Внутреняя', 'pay', 'gts', 6, '', '2021-04-14', '583304 xPon', '29-7253940');

-- --------------------------------------------------------

--
-- Table structure for table `cisco_point_speed`
--
-- Creation: Dec 25, 2019 at 09:42 AM
--

DROP TABLE IF EXISTS `cisco_point_speed`;
CREATE TABLE `cisco_point_speed` (
  `id` int(11) NOT NULL,
  `speed` float NOT NULL
) ENGINE=InnoDB DEFAULT CHARSET=utf8;

--
-- Dumping data for table `cisco_point_speed`
--

INSERT INTO `cisco_point_speed` (`id`, `speed`) VALUES
(1, 0.5),
(2, 1),
(3, 2),
(4, 3),
(5, 4),
(6, 6),
(7, 8),
(8, 10),
(9, 15),
(10, 20),
(11, 25),
(12, 30),
(13, 35),
(14, 40),
(15, 50),
(16, 100);

-- --------------------------------------------------------

--
-- Table structure for table `cisco_point_ssid`
--
-- Creation: Dec 25, 2019 at 09:42 AM
--

DROP TABLE IF EXISTS `cisco_point_ssid`;
CREATE TABLE `cisco_point_ssid` (
  `id` int(11) NOT NULL,
  `ssid` varchar(150) NOT NULL
) ENGINE=InnoDB DEFAULT CHARSET=utf8;

--
-- Dumping data for table `cisco_point_ssid`
--

INSERT INTO `cisco_point_ssid` (`id`, `ssid`) VALUES
(1, 'Alfabank'),
(3, 'Belarusbank'),
(6, 'Unost'),
(7, 'GorGaz'),
(8, 'Wifi-belagro'),
(9, 'Elsat'),
(10, 'InturistWifi'),
(11, 'energetic'),
(12, 'Mayta'),
(13, 'Rynok'),
(14, 'Hotel Bug'),
(15, 'Vesta'),
(16, 'svayak'),
(17, 'SPORTBREST'),
(18, 'belaruswifi'),
(19, 'PP Burger'),
(20, 'CafeslaBrasilena'),
(21, 'spar free'),
(22, 'Beltelecom'),
(23, 'no name'),
(24, 'belaruswifi17'),
(25, 'belaruswifi15'),
(26, 'belaruswifi16'),
(27, 'belaruswifi14'),
(28, 'ASIA'),
(29, 'Marafon'),
(30, 'Belorusneft Free'),
(31, 'OSK Brest'),
(32, 'BTOS'),
(33, 'Lukoil'),
(34, 'BSTU FREE'),
(35, 'Public points wifi'),
(36, 'rinkovka'),
(37, 'Brestskiy rynok'),
(38, 'Euroopt Brest'),
(39, 'Btabankfree'),
(40, 'TSUM'),
(41, 'Belgazprombank'),
(42, 'COR po futbolu'),
(43, 'BankAGP'),
(44, 'Priorbankfree'),
(45, 'BSTUfree'),
(46, 'BELTELECOM BREST'),
(47, 'PastaBar Free'),
(48, 'RNWEST'),
(49, 'Novamed guest'),
(50, 'kaffe PROGRESSO'),
(51, 'grebnoj kanal'),
(52, 'Korona free wifi'),
(53, 'Priorbank Free'),
(54, 'stroitel free'),
(55, 'oblmuseum'),
(56, 'Belarus Red Cross'),
(57, 'Idea Bank'),
(58, 'nl store'),
(59, 'ProSportbar'),
(60, 'Liceum'),
(61, 'STOPka'),
(62, 'ARLEKINO Free'),
(63, 'Lokon free wifi'),
(64, 'AKSPROFIL'),
(65, 'Solnechny free'),
(66, 'BellToll Free Wifi'),
(67, 'NAIRDent'),
(68, 'Bar Sytyj Kum'),
(69, 'CAVKA Free WIFI'),
(70, 'ALMI_Free'),
(71, 'ALMI_Free_wifi'),
(72, 'SVAYAKI'),
(73, 'ELGRECO'),
(74, 'Pizza sushi'),
(75, 'traktir123'),
(76, 'Anna FREE'),
(77, 'FONAR'),
(78, 'BelAutoLux'),
(79, 'RENESSANS'),
(80, 'AV_Free_WiFi'),
(81, 'Bank_VTB'),
(82, 'conservaBR'),
(83, 'OIKOS_BY'),
(84, 'PrDvorBy'),
(85, 'BarCHAT'),
(86, 'COYOTE'),
(87, 'GAGARIN'),
(88, 'kafe_Carpe_Diem'),
(89, 'avtocentr'),
(90, 'Paritetbank_Free_Wi-Fi'),
(91, 'restoclub'),
(92, 'ULYBKAMED_FREE'),
(93, 'LESNOY_free_WiFi'),
(94, 'tashkent'),
(95, 'VARIM_ZHARIM_FREE_WIFI A'),
(96, 'Marathon'),
(97, 'ALIBI'),
(98, 'BB_Burger'),
(99, 'maneg'),
(100, 'motel_free'),
(101, 'synevo_free_wi-fi'),
(102, 'hotel_free_wifi2'),
(103, 'mesto'),
(104, 'STUDIO_FREE'),
(105, 'story_cafe'),
(106, 'pinta_pub'),
(107, 'cafePerfeto'),
(108, '1801_wifi_free'),
(109, 'ZepterBank'),
(110, 'BIBPUSHKIN'),
(111, 'HCBrestFree'),
(112, 'VC BREST'),
(113, 'Victoria06'),
(114, 'Turbaza_M22'),
(115, 'mile.by'),
(116, 'VERAS'),
(117, 'AutoPersona Free Wi-Fi'),
(118, 'Sandra'),
(119, 'BATUMI'),
(120, 'Fornetto'),
(121, 'Hinkalnya'),
(122, 'HOOKAH PLACE'),
(123, 'kafe_90e'),
(124, 'Danamaster'),
(125, 'sinevo'),
(126, 'Santehnika Free WiFi'),
(127, 'Kafe Yunost');

-- --------------------------------------------------------

--
-- Table structure for table `cisco_role_permissions`
--
-- Creation: Dec 25, 2019 at 09:42 AM
--

DROP TABLE IF EXISTS `cisco_role_permissions`;
CREATE TABLE `cisco_role_permissions` (
  `id` int(11) NOT NULL,
  `id_role` int(11) NOT NULL,
  `id_permissions` int(11) NOT NULL,
  `sh` int(11) NOT NULL DEFAULT '1',
  `a` int(11) NOT NULL DEFAULT '0',
  `e` int(11) NOT NULL DEFAULT '0',
  `del` int(11) NOT NULL DEFAULT '0'
) ENGINE=InnoDB DEFAULT CHARSET=utf8;

--
-- Dumping data for table `cisco_role_permissions`
--

INSERT INTO `cisco_role_permissions` (`id`, `id_role`, `id_permissions`, `sh`, `a`, `e`, `del`) VALUES
(24, 1, 1, 1, 0, 0, 0),
(26, 2, 1, 1, 1, 0, 0),
(28, 1, 4, 1, 1, 1, 1),
(29, 1, 6, 1, 0, 0, 0),
(30, 2, 3, 1, 1, 0, 0),
(32, 1, 3, 1, 0, 0, 0),
(33, 2, 4, 1, 1, 1, 0),
(34, 3, 1, 1, 0, 0, 0),
(35, 3, 4, 1, 0, 0, 0),
(36, 3, 3, 1, 0, 0, 0),
(37, 1, 7, 1, 0, 0, 0),
(38, 2, 7, 1, 0, 0, 0),
(39, 3, 7, 1, 0, 0, 0),
(40, 1, 8, 1, 1, 1, 1),
(41, 2, 8, 1, 0, 1, 0),
(42, 3, 8, 1, 0, 0, 0);

-- --------------------------------------------------------

--
-- Table structure for table `cisco_users`
--
-- Creation: Dec 25, 2019 at 09:42 AM
--

DROP TABLE IF EXISTS `cisco_users`;
CREATE TABLE `cisco_users` (
  `id` int(11) NOT NULL,
  `username` varchar(50) NOT NULL,
  `password` varchar(100) NOT NULL,
  `banned` int(1) NOT NULL DEFAULT '0',
  `salt` varchar(100) DEFAULT NULL,
  `id_role` int(11) DEFAULT NULL
) ENGINE=InnoDB DEFAULT CHARSET=utf8;

--
-- Dumping data for table `cisco_users`
--

INSERT INTO `cisco_users` (`id`, `username`, `password`, `banned`, `salt`, `id_role`) VALUES
(1, 'admin', 'b81dca5b3e2cac5d0be19e7a379b7998', 0, NULL, 1),
(2, 'user', '25d55ad283aa400af464c76d713c07ad', 0, NULL, 2),
(3, 'korn', 'e10adc3949ba59abbe56e057f20f883e', 0, NULL, 3),
(4, 'AValetov', '6afa1a6fe7633de7044b7603fb005492', 0, NULL, 2),
(5, 'Gembit', 'ed2b1f468c5f915f3f1cf75d7068baae', 0, NULL, 3),
(6, 'Lashkin', '25d55ad283aa400af464c76d713c07ad', 0, NULL, 3),
(7, 'test', '25d55ad283aa400af464c76d713c07ad', 0, NULL, 2),
(8, 'eduard', '1babd575535ce7be149f896cfbf775c3', 0, NULL, 3);

-- --------------------------------------------------------

--
-- Table structure for table `cisco_users_data`
--
-- Creation: Dec 25, 2019 at 09:42 AM
--

DROP TABLE IF EXISTS `cisco_users_data`;
CREATE TABLE `cisco_users_data` (
  `id` int(11) NOT NULL,
  `name` varchar(50) NOT NULL,
  `secondname` varchar(50) NOT NULL,
  `phone` varchar(50) NOT NULL,
  `JobsDepartment` varchar(100) NOT NULL,
  `sessionTime` int(100) NOT NULL DEFAULT '1440',
  `checkIP` int(5) NOT NULL DEFAULT '0',
  `checkAgent` int(5) NOT NULL DEFAULT '0',
  `id_users` int(11) DEFAULT NULL
) ENGINE=InnoDB DEFAULT CHARSET=utf8;

--
-- Dumping data for table `cisco_users_data`
--

INSERT INTO `cisco_users_data` (`id`, `name`, `secondname`, `phone`, `JobsDepartment`, `sessionTime`, `checkIP`, `checkAgent`, `id_users`) VALUES
(1, 'Дорошук', 'Дмитрий', '+375 (29) 729-33-86', 'ГТС', 2880, 1, 1, 1),
(2, 'Иванов', 'Николай', '+375 (29) 608-03-95', 'ЛТЦ', 1440, 0, 0, 2),
(3, 'Дмитрий', 'Корн', '+37529 72933 86', '', 1440, 0, 0, 3),
(4, 'Андрей', 'Валетов', '+375333702224', 'ГТС', 1440, 0, 0, 4),
(5, 'Гембицкий ', 'Сергей', '+375 (33) 370-22-19', 'ГТС', 1440, 0, 0, 5),
(6, 'Лашкин', 'Игорь', '+375 (33) 370-22-21', 'ГТС', 1440, 0, 0, 6),
(7, 'Тестовый', 'Тестовый', '+375 (29) 777-77-77', 'тестовый', 1440, 0, 0, 7),
(8, 'Эдуард', 'Дорошук', '+375 (29) 798-11-40', 'СТС', 1440, 0, 0, 8);

-- --------------------------------------------------------

--
-- Table structure for table `cisco_users_data_auth`
--
-- Creation: Dec 25, 2019 at 09:42 AM
-- Last update: Jul 09, 2021 at 05:43 PM
--

DROP TABLE IF EXISTS `cisco_users_data_auth`;
CREATE TABLE `cisco_users_data_auth` (
  `id_session` varchar(100) NOT NULL,
  `id_users` int(20) NOT NULL,
  `ip_address` int(20) UNSIGNED NOT NULL,
  `agent_user_hash` varchar(150) NOT NULL,
  `lastVisit` int(50) NOT NULL
) ENGINE=InnoDB DEFAULT CHARSET=utf8;

--
-- Dumping data for table `cisco_users_data_auth`
--

INSERT INTO `cisco_users_data_auth` (`id_session`, `id_users`, `ip_address`, `agent_user_hash`, `lastVisit`) VALUES
('15f885fbfecb95d7e2116b062e708719', 1, 634772062, '7fc94d7af4a0770c321c4e4b8749ad40', 1625852597);

-- --------------------------------------------------------

--
-- Table structure for table `cisco_users_log_data`
--
-- Creation: Dec 25, 2019 at 09:42 AM
-- Last update: Jul 09, 2021 at 05:43 PM
--

DROP TABLE IF EXISTS `cisco_users_log_data`;
CREATE TABLE `cisco_users_log_data` (
  `id` int(11) NOT NULL,
  `id_users` int(11) NOT NULL,
  `time_login` int(50) NOT NULL,
  `time_session_delete` timestamp NULL DEFAULT NULL ON UPDATE CURRENT_TIMESTAMP,
  `lastVisit` int(50) NOT NULL,
  `ip_addr` int(20) UNSIGNED NOT NULL,
  `user_agent` varchar(150) NOT NULL,
  `user_agent_hash` varchar(100) NOT NULL,
  `id_session` varchar(150) NOT NULL,
  `time` timestamp NOT NULL DEFAULT CURRENT_TIMESTAMP
) ENGINE=InnoDB DEFAULT CHARSET=utf8;

--
-- Dumping data for table `cisco_users_log_data`
--

INSERT INTO `cisco_users_log_data` (`id`, `id_users`, `time_login`, `time_session_delete`, `lastVisit`, `ip_addr`, `user_agent`, `user_agent_hash`, `id_session`, `time`) VALUES
(363, 1, 1572704345, '2019-11-02 15:50:16', 1572709816, 623721384, 'Mozilla/5.0 (Linux; arm_64; Android 9; Redmi Note 5) AppleWebKit/537.36 (KHTML, like Gecko) Chrome/76.0.3809.132 YaBrowser/19.9.6.88.00 Mobile Safari/', 'c77dd44f8eaa96dd8dbc702fca564fed', 'TimeOut', '2019-11-02 14:19:05'),
(364, 1, 1572709823, '2019-11-03 18:16:43', 1572805003, 2956727468, 'Mozilla/5.0 (Linux; arm_64; Android 9; Redmi Note 5) AppleWebKit/537.36 (KHTML, like Gecko) Chrome/76.0.3809.132 YaBrowser/19.9.6.88.00 Mobile Safari/', 'c77dd44f8eaa96dd8dbc702fca564fed', 'TimeOut', '2019-11-02 15:50:23'),
(365, 1, 1572805007, '2019-11-03 19:49:35', 1572810575, 2994383342, 'Mozilla/5.0 (Linux; arm_64; Android 9; Redmi Note 5) AppleWebKit/537.36 (KHTML, like Gecko) Chrome/76.0.3809.132 YaBrowser/19.9.6.88.00 Mobile Safari/', 'c77dd44f8eaa96dd8dbc702fca564fed', 'TimeOut', '2019-11-03 18:16:47'),
(366, 1, 1572810578, '2019-11-04 11:24:46', 1572810578, 2994383342, 'Mozilla/5.0 (Linux; arm_64; Android 9; Redmi Note 5) AppleWebKit/537.36 (KHTML, like Gecko) Chrome/76.0.3809.132 YaBrowser/19.9.6.88.00 Mobile Safari/', 'c77dd44f8eaa96dd8dbc702fca564fed', 'TimeOut', '2019-11-03 19:49:38'),
(367, 1, 1572810613, '2019-11-03 20:38:40', 1572813520, 2994383342, 'Mozilla/5.0 (X11; Linux x86_64) AppleWebKit/537.36 (KHTML, like Gecko) Chrome/73.0.3683.103 YaBrowser/19.4.2.698 (beta) Yowser/2.5 Safari/537.36', '600838512d1aae2feba95646f13f52e6', 'TimeOut', '2019-11-03 19:50:13'),
(368, 1, 1572813523, NULL, 1572813523, 2994383342, 'Mozilla/5.0 (X11; Linux x86_64) AppleWebKit/537.36 (KHTML, like Gecko) Chrome/73.0.3683.103 YaBrowser/19.4.2.698 (beta) Yowser/2.5 Safari/537.36', '600838512d1aae2feba95646f13f52e6', 'bd7ccb9e6917905033d6f81bf13a961a', '2019-11-03 20:38:43'),
(369, 1, 1572865432, '2019-11-04 11:51:16', 1572868276, 623721384, 'Mozilla/5.0 (X11; Linux x86_64) AppleWebKit/537.36 (KHTML, like Gecko) Chrome/76.0.3809.132 YaBrowser/19.9.3.358 (beta) Yowser/2.5 Safari/537.36', '03ae9b347fef0e4eb823d90450264a0a', 'TimeOut', '2019-11-04 11:03:52'),
(370, 1, 1572868298, NULL, 1572868298, 623721384, 'Mozilla/5.0 (X11; Linux x86_64) AppleWebKit/537.36 (KHTML, like Gecko) Chrome/76.0.3809.132 YaBrowser/19.9.3.358 (beta) Yowser/2.5 Safari/537.36', '03ae9b347fef0e4eb823d90450264a0a', 'bd81f0c481d4595a3d7e4e0e6da4ba05', '2019-11-04 11:51:38'),
(371, 1, 1572881161, '2019-11-04 15:26:23', 1572881161, 2994383342, 'Mozilla/5.0 (X11; Linux x86_64) AppleWebKit/537.36 (KHTML, like Gecko) Chrome/73.0.3683.103 YaBrowser/19.4.2.698 (beta) Yowser/2.5 Safari/537.36', '600838512d1aae2feba95646f13f52e6', 'LogOut', '2019-11-04 15:26:01'),
(372, 1, 1572881185, '2019-11-04 17:39:24', 1572889164, 2994383342, 'Mozilla/5.0 (X11; Linux x86_64) AppleWebKit/537.36 (KHTML, like Gecko) Chrome/73.0.3683.103 YaBrowser/19.4.2.698 (beta) Yowser/2.5 Safari/537.36', '600838512d1aae2feba95646f13f52e6', 'TimeOut', '2019-11-04 15:26:25'),
(373, 1, 1572889167, '2019-11-04 18:06:21', 1572890781, 2994383342, 'Mozilla/5.0 (X11; Linux x86_64) AppleWebKit/537.36 (KHTML, like Gecko) Chrome/73.0.3683.103 YaBrowser/19.4.2.698 (beta) Yowser/2.5 Safari/537.36', '600838512d1aae2feba95646f13f52e6', '3138c8faef48ecbeac73c81afd6daeee', '2019-11-04 17:39:27'),
(374, 1, 1572901183, NULL, 1572901183, 2994383342, 'Mozilla/5.0 (Linux; arm_64; Android 9; Redmi Note 5) AppleWebKit/537.36 (KHTML, like Gecko) Chrome/76.0.3809.132 YaBrowser/19.9.6.88.00 Mobile Safari/', 'c77dd44f8eaa96dd8dbc702fca564fed', '5665f7de6e1fcb12eab9a3dcb116e578', '2019-11-04 20:59:43'),
(375, 1, 1572950690, NULL, 1572950690, 2994383692, 'Mozilla/5.0 (X11; Linux x86_64) AppleWebKit/537.36 (KHTML, like Gecko) Chrome/76.0.3809.132 YaBrowser/19.9.3.358 (beta) Yowser/2.5 Safari/537.36', '03ae9b347fef0e4eb823d90450264a0a', 'ca63e7e4d3ffcb196119d619620e317b', '2019-11-05 10:44:50'),
(376, 1, 1572950823, '2019-11-05 11:16:29', 1572952362, 2994383692, 'Mozilla/5.0 (X11; Linux x86_64) AppleWebKit/537.36 (KHTML, like Gecko) Chrome/76.0.3809.132 YaBrowser/19.9.3.358 (beta) Yowser/2.5 Safari/537.36', '03ae9b347fef0e4eb823d90450264a0a', 'LogOut', '2019-11-05 10:47:03'),
(377, 1, 1572952590, NULL, 1572952590, 2994383692, 'Mozilla/5.0 (X11; Linux x86_64) AppleWebKit/537.36 (KHTML, like Gecko) Chrome/76.0.3809.132 YaBrowser/19.9.3.358 (beta) Yowser/2.5 Safari/537.36', '03ae9b347fef0e4eb823d90450264a0a', '0e9d76f2d26ba1ea492fc3248f19e986', '2019-11-05 11:16:30'),
(378, 1, 1572961162, '2019-11-05 17:48:01', 1572976081, 2994383692, 'Mozilla/5.0 (Linux; arm_64; Android 9; Redmi Note 5) AppleWebKit/537.36 (KHTML, like Gecko) Chrome/76.0.3809.132 YaBrowser/19.9.6.88.00 Mobile Safari/', 'c77dd44f8eaa96dd8dbc702fca564fed', 'TimeOut', '2019-11-05 13:39:22'),
(379, 1, 1572962045, NULL, 1572962045, 2994383692, 'Mozilla/5.0 (X11; Linux x86_64) AppleWebKit/537.36 (KHTML, like Gecko) Chrome/76.0.3809.132 YaBrowser/19.9.3.358 (beta) Yowser/2.5 Safari/537.36', '03ae9b347fef0e4eb823d90450264a0a', '7a5a9a511bdd4fb92ba4e4d3cefdc118', '2019-11-05 13:54:05'),
(380, 1, 1572976085, '2019-11-05 21:53:24', 1572990804, 2994383342, 'Mozilla/5.0 (Linux; arm_64; Android 9; Redmi Note 5) AppleWebKit/537.36 (KHTML, like Gecko) Chrome/76.0.3809.132 YaBrowser/19.9.6.88.00 Mobile Safari/', 'c77dd44f8eaa96dd8dbc702fca564fed', 'TimeOut', '2019-11-05 17:48:05'),
(381, 1, 1573016673, '2019-11-06 05:06:21', 1573016673, 2956727882, 'Mozilla/5.0 (Linux; arm_64; Android 9; Redmi Note 5) AppleWebKit/537.36 (KHTML, like Gecko) Chrome/76.0.3809.132 YaBrowser/19.9.6.88.00 Mobile Safari/', 'c77dd44f8eaa96dd8dbc702fca564fed', 'LogOut', '2019-11-06 05:04:33'),
(382, 1, 1573018813, '2019-11-06 19:58:59', 1573070339, 2956727882, 'Mozilla/5.0 (Linux; arm_64; Android 9; Redmi Note 5) AppleWebKit/537.36 (KHTML, like Gecko) Chrome/76.0.3809.132 YaBrowser/19.9.6.88.00 Mobile Safari/', 'c77dd44f8eaa96dd8dbc702fca564fed', 'TimeOut', '2019-11-06 05:40:13'),
(383, 1, 1573070343, '2019-11-06 23:23:10', 1573082590, 2457341187, 'Mozilla/5.0 (Linux; arm_64; Android 9; Redmi Note 5) AppleWebKit/537.36 (KHTML, like Gecko) Chrome/76.0.3809.132 YaBrowser/19.9.6.88.00 Mobile Safari/', 'c77dd44f8eaa96dd8dbc702fca564fed', 'TimeOut', '2019-11-06 19:59:03'),
(384, 1, 1573082593, '2019-11-07 08:20:59', 1573114859, 2994342200, 'Mozilla/5.0 (Linux; arm_64; Android 9; Redmi Note 5) AppleWebKit/537.36 (KHTML, like Gecko) Chrome/76.0.3809.132 YaBrowser/19.9.6.88.00 Mobile Safari/', 'c77dd44f8eaa96dd8dbc702fca564fed', 'TimeOut', '2019-11-06 23:23:13'),
(385, 1, 1573131393, '2019-11-08 11:13:29', 1573211609, 2994342200, 'Mozilla/5.0 (Linux; arm_64; Android 9; Redmi Note 5) AppleWebKit/537.36 (KHTML, like Gecko) Chrome/76.0.3809.132 YaBrowser/19.9.6.88.00 Mobile Safari/', 'c77dd44f8eaa96dd8dbc702fca564fed', 'TimeOut', '2019-11-07 12:56:33'),
(386, 1, 1573246142, '2019-11-08 21:38:52', 1573249132, 2994342200, 'Mozilla/5.0 (X11; Linux x86_64) AppleWebKit/537.36 (KHTML, like Gecko) Chrome/73.0.3683.103 YaBrowser/19.4.2.698 (beta) Yowser/2.5 Safari/537.36', '600838512d1aae2feba95646f13f52e6', 'TimeOut', '2019-11-08 20:49:02'),
(387, 1, 1573249135, '2019-11-08 22:10:30', 1573250949, 2994342200, 'Mozilla/5.0 (X11; Linux x86_64) AppleWebKit/537.36 (KHTML, like Gecko) Chrome/73.0.3683.103 YaBrowser/19.4.2.698 (beta) Yowser/2.5 Safari/537.36', '600838512d1aae2feba95646f13f52e6', 'LogOut', '2019-11-08 21:38:55'),
(388, 1, 1573286564, NULL, 1573286564, 2994342200, 'Mozilla/5.0 (X11; Linux x86_64) AppleWebKit/537.36 (KHTML, like Gecko) Chrome/73.0.3683.103 YaBrowser/19.4.2.698 (beta) Yowser/2.5 Safari/537.36', '600838512d1aae2feba95646f13f52e6', 'fd4c85afdfea4dc4c1664da61d0574f4', '2019-11-09 08:02:44'),
(389, 1, 1573287410, '2019-11-09 11:31:38', 1573299098, 2994342200, 'Mozilla/5.0 (Linux; arm_64; Android 9; Redmi Note 5) AppleWebKit/537.36 (KHTML, like Gecko) Chrome/76.0.3809.132 YaBrowser/19.9.6.88.00 Mobile Safari/', 'c77dd44f8eaa96dd8dbc702fca564fed', 'TimeOut', '2019-11-09 08:16:50'),
(390, 1, 1573299102, '2019-11-09 11:31:53', 1573299102, 2994342200, 'Mozilla/5.0 (Linux; arm_64; Android 9; Redmi Note 5) AppleWebKit/537.36 (KHTML, like Gecko) Chrome/76.0.3809.132 YaBrowser/19.9.6.88.00 Mobile Safari/', 'c77dd44f8eaa96dd8dbc702fca564fed', 'LogOut', '2019-11-09 11:31:42'),
(391, 1, 1573301007, '2019-11-10 06:04:26', 1573365866, 2994342200, 'Mozilla/5.0 (Linux; arm_64; Android 9; Redmi Note 5) AppleWebKit/537.36 (KHTML, like Gecko) Chrome/76.0.3809.132 YaBrowser/19.9.6.88.00 Mobile Safari/', 'c77dd44f8eaa96dd8dbc702fca564fed', 'TimeOut', '2019-11-09 12:03:27'),
(392, 1, 1573303658, '2019-11-09 12:52:41', 1573303961, 2994342200, 'Mozilla/5.0 (X11; Linux x86_64) AppleWebKit/537.36 (KHTML, like Gecko) Chrome/73.0.3683.103 YaBrowser/19.4.2.698 (beta) Yowser/2.5 Safari/537.36', '600838512d1aae2feba95646f13f52e6', 'daf2e61d48c3286acc1340aa1280b45d', '2019-11-09 12:47:38'),
(393, 1, 1573365868, '2019-11-11 15:52:23', 1573365868, 634745421, 'Mozilla/5.0 (Linux; arm_64; Android 9; Redmi Note 5) AppleWebKit/537.36 (KHTML, like Gecko) Chrome/76.0.3809.132 YaBrowser/19.9.6.88.00 Mobile Safari/', 'c77dd44f8eaa96dd8dbc702fca564fed', 'TimeOut', '2019-11-10 06:04:28'),
(394, 1, 1573459728, '2019-11-11 10:03:39', 1573466619, 623712593, 'Mozilla/5.0 (X11; Linux x86_64) AppleWebKit/537.36 (KHTML, like Gecko) Chrome/76.0.3809.132 YaBrowser/19.9.3.358 (beta) Yowser/2.5 Safari/537.36', '03ae9b347fef0e4eb823d90450264a0a', 'TimeOut', '2019-11-11 08:08:48'),
(395, 1, 1573466621, '2019-11-11 11:22:51', 1573471371, 623712593, 'Mozilla/5.0 (Linux; Android 6.0; Nexus 5 Build/MRA58N) AppleWebKit/537.36 (KHTML, like Gecko) Chrome/76.0.3809.132 Mobile Safari/537.36', '02ced948f219d7135ba37d6ca891bdd5', 'TimeOut', '2019-11-11 10:03:41'),
(396, 1, 1573471373, '2019-11-11 11:57:26', 1573473446, 623712593, 'Mozilla/5.0 (X11; Linux x86_64) AppleWebKit/537.36 (KHTML, like Gecko) Chrome/76.0.3809.132 YaBrowser/19.9.3.358 (beta) Yowser/2.5 Safari/537.36', '03ae9b347fef0e4eb823d90450264a0a', 'TimeOut', '2019-11-11 11:22:53'),
(397, 1, 1573473449, '2019-11-11 12:42:48', 1573476168, 623712593, 'Mozilla/5.0 (X11; Linux x86_64) AppleWebKit/537.36 (KHTML, like Gecko) Chrome/76.0.3809.132 YaBrowser/19.9.3.358 (beta) Yowser/2.5 Safari/537.36', '03ae9b347fef0e4eb823d90450264a0a', 'TimeOut', '2019-11-11 11:57:29'),
(398, 1, 1573476170, '2019-11-11 14:00:02', 1573480802, 623712593, 'Mozilla/5.0 (X11; Linux x86_64) AppleWebKit/537.36 (KHTML, like Gecko) Chrome/76.0.3809.132 YaBrowser/19.9.3.358 (beta) Yowser/2.5 Safari/537.36', '03ae9b347fef0e4eb823d90450264a0a', 'TimeOut', '2019-11-11 12:42:50'),
(399, 4, 1573480940, NULL, 1573480940, 623712593, 'Mozilla/5.0 (X11; Linux x86_64) AppleWebKit/537.36 (KHTML, like Gecko) Chrome/76.0.3809.132 YaBrowser/19.9.3.358 (beta) Yowser/2.5 Safari/537.36', '03ae9b347fef0e4eb823d90450264a0a', '2c1ac03a7bcbcdcceab1d9d8a28839b6', '2019-11-11 14:02:20'),
(400, 1, 1573481094, '2019-11-11 14:09:52', 1573481094, 623712593, 'Mozilla/5.0 (X11; Linux x86_64) AppleWebKit/537.36 (KHTML, like Gecko) Chrome/76.0.3809.132 YaBrowser/19.9.3.358 (beta) Yowser/2.5 Safari/537.36', '03ae9b347fef0e4eb823d90450264a0a', 'LogOut', '2019-11-11 14:04:54'),
(401, 4, 1573481123, '2019-11-11 14:07:19', 1573481123, 623712593, 'Mozilla/5.0 (X11; Linux x86_64) AppleWebKit/537.36 (KHTML, like Gecko) Chrome/76.0.3809.132 YaBrowser/19.9.3.358 (beta) Yowser/2.5 Safari/537.36', '03ae9b347fef0e4eb823d90450264a0a', 'LogOut', '2019-11-11 14:05:23'),
(402, 4, 1573481241, '2019-11-11 14:08:04', 1573481241, 623712593, 'Mozilla/5.0 (X11; Linux x86_64) AppleWebKit/537.36 (KHTML, like Gecko) Chrome/76.0.3809.132 YaBrowser/19.9.3.358 (beta) Yowser/2.5 Safari/537.36', '03ae9b347fef0e4eb823d90450264a0a', 'LogOut', '2019-11-11 14:07:21'),
(403, 4, 1573481285, '2019-11-11 14:10:16', 1573481285, 623712593, 'Mozilla/5.0 (X11; Linux x86_64) AppleWebKit/537.36 (KHTML, like Gecko) Chrome/76.0.3809.132 YaBrowser/19.9.3.358 (beta) Yowser/2.5 Safari/537.36', '03ae9b347fef0e4eb823d90450264a0a', 'LogOut', '2019-11-11 14:08:05'),
(404, 4, 1573485003, '2019-11-11 15:10:40', 1573485003, 2994223536, 'Mozilla/5.0 (Linux; Android 8.0.0; SM-G930F) AppleWebKit/537.36 (KHTML, like Gecko) Chrome/78.0.3904.90 Mobile Safari/537.36', 'dc1cdcf45cb5a62531930905427f4018', 'LogOut', '2019-11-11 15:10:03'),
(405, 1, 1573487546, '2019-11-11 20:03:57', 1573502637, 2994375996, 'Mozilla/5.0 (Linux; arm_64; Android 9; Redmi Note 5) AppleWebKit/537.36 (KHTML, like Gecko) Chrome/76.0.3809.132 YaBrowser/19.9.6.88.00 Mobile Safari/', 'c77dd44f8eaa96dd8dbc702fca564fed', 'TimeOut', '2019-11-11 15:52:26'),
(406, 1, 1573546731, '2019-11-12 09:52:58', 1573552378, 623712593, 'Mozilla/5.0 (X11; Linux x86_64) AppleWebKit/537.36 (KHTML, like Gecko) Chrome/76.0.3809.132 YaBrowser/19.9.3.358 (beta) Yowser/2.5 Safari/537.36', '03ae9b347fef0e4eb823d90450264a0a', 'TimeOut', '2019-11-12 08:18:51'),
(407, 1, 1573552380, '2019-11-12 12:01:40', 1573552380, 623712593, 'Mozilla/5.0 (X11; Linux x86_64) AppleWebKit/537.36 (KHTML, like Gecko) Chrome/76.0.3809.132 YaBrowser/19.9.3.358 (beta) Yowser/2.5 Safari/537.36', '03ae9b347fef0e4eb823d90450264a0a', 'TimeOut', '2019-11-12 09:53:00'),
(408, 1, 1573555437, '2019-11-12 10:53:25', 1573556005, 623712593, 'Mozilla/5.0 (Linux; arm_64; Android 9; Redmi Note 5) AppleWebKit/537.36 (KHTML, like Gecko) Chrome/76.0.3809.132 YaBrowser/19.9.6.88.00 Mobile Safari/', 'c77dd44f8eaa96dd8dbc702fca564fed', '266b88b3e83d0c50a94b450281b948f6', '2019-11-12 10:43:57'),
(409, 1, 1573556007, '2019-11-12 12:44:41', 1573556309, 2956723218, 'Mozilla/5.0 (Linux; arm_64; Android 9; Redmi Note 5) AppleWebKit/537.36 (KHTML, like Gecko) Chrome/76.0.3809.132 YaBrowser/19.9.6.88.00 Mobile Safari/', 'c77dd44f8eaa96dd8dbc702fca564fed', 'TimeOut', '2019-11-12 10:53:27'),
(410, 1, 1573560102, '2019-11-12 12:39:12', 1573562352, 623712593, 'Mozilla/5.0 (X11; Linux x86_64) AppleWebKit/537.36 (KHTML, like Gecko) Chrome/76.0.3809.132 YaBrowser/19.9.3.358 (beta) Yowser/2.5 Safari/537.36', '03ae9b347fef0e4eb823d90450264a0a', 'TimeOut', '2019-11-12 12:01:42'),
(411, 1, 1573562355, '2019-11-12 13:03:44', 1573563824, 623712593, 'Mozilla/5.0 (X11; Linux x86_64) AppleWebKit/537.36 (KHTML, like Gecko) Chrome/76.0.3809.132 YaBrowser/19.9.3.358 (beta) Yowser/2.5 Safari/537.36', '03ae9b347fef0e4eb823d90450264a0a', '3f2a519bee1e230d3857ec2de47e9de4', '2019-11-12 12:39:15'),
(412, 1, 1573562683, '2019-11-12 13:31:26', 1573565486, 623712593, 'Mozilla/5.0 (Linux; arm_64; Android 9; Redmi Note 5) AppleWebKit/537.36 (KHTML, like Gecko) Chrome/76.0.3809.132 YaBrowser/19.9.6.88.00 Mobile Safari/', 'c77dd44f8eaa96dd8dbc702fca564fed', 'TimeOut', '2019-11-12 12:44:43'),
(413, 1, 1573565490, '2019-11-12 14:58:45', 1573570725, 623712593, 'Mozilla/5.0 (Linux; arm_64; Android 9; Redmi Note 5) AppleWebKit/537.36 (KHTML, like Gecko) Chrome/76.0.3809.132 YaBrowser/19.9.6.88.00 Mobile Safari/', 'c77dd44f8eaa96dd8dbc702fca564fed', 'TimeOut', '2019-11-12 13:31:30'),
(414, 4, 1573565544, '2019-11-12 14:08:31', 1573567711, 623712593, 'Mozilla/5.0 (X11; Linux x86_64) AppleWebKit/537.36 (KHTML, like Gecko) Chrome/76.0.3809.132 YaBrowser/19.9.3.358 (beta) Yowser/2.5 Safari/537.36', '03ae9b347fef0e4eb823d90450264a0a', 'LogOut', '2019-11-12 13:32:24'),
(415, 1, 1573565970, '2019-11-12 14:09:15', 1573567755, 623712593, 'Mozilla/5.0 (X11; Linux x86_64) AppleWebKit/537.36 (KHTML, like Gecko) Chrome/76.0.3809.132 YaBrowser/19.9.3.358 (beta) Yowser/2.5 Safari/537.36', '03ae9b347fef0e4eb823d90450264a0a', '28148a2040c1cf32a0e7df9c13863b22', '2019-11-12 13:39:30'),
(416, 1, 1573570727, '2019-11-12 21:04:13', 1573592653, 2994375996, 'Mozilla/5.0 (Linux; arm_64; Android 9; Redmi Note 5) AppleWebKit/537.36 (KHTML, like Gecko) Chrome/76.0.3809.132 YaBrowser/19.9.6.88.00 Mobile Safari/', 'c77dd44f8eaa96dd8dbc702fca564fed', 'TimeOut', '2019-11-12 14:58:47'),
(417, 1, 1573592656, '2019-11-13 16:58:54', 1573592656, 2994375996, 'Mozilla/5.0 (Linux; arm_64; Android 9; Redmi Note 5) AppleWebKit/537.36 (KHTML, like Gecko) Chrome/76.0.3809.132 YaBrowser/19.9.6.88.00 Mobile Safari/', 'c77dd44f8eaa96dd8dbc702fca564fed', 'TimeOut', '2019-11-12 21:04:16'),
(418, 4, 1573630207, '2019-11-13 09:03:10', 1573635790, 623712593, 'Mozilla/5.0 (X11; Linux x86_64) AppleWebKit/537.36 (KHTML, like Gecko) Chrome/76.0.3809.132 YaBrowser/19.9.3.358 (beta) Yowser/2.5 Safari/537.36', '03ae9b347fef0e4eb823d90450264a0a', 'TimeOut', '2019-11-13 07:30:07'),
(419, 1, 1573631151, '2019-11-13 08:11:57', 1573632717, 623712593, 'Mozilla/5.0 (X11; Linux x86_64) AppleWebKit/537.36 (KHTML, like Gecko) Chrome/76.0.3809.132 YaBrowser/19.9.3.358 (beta) Yowser/2.5 Safari/537.36', '03ae9b347fef0e4eb823d90450264a0a', '139bc254485fa5e05d61eb0714c725eb', '2019-11-13 07:45:51'),
(420, 1, 1573633719, NULL, 1573633719, 623712593, 'Mozilla/5.0 (X11; Linux x86_64) AppleWebKit/537.36 (KHTML, like Gecko) Chrome/76.0.3809.132 YaBrowser/19.9.3.358 (beta) Yowser/2.5 Safari/537.36', '03ae9b347fef0e4eb823d90450264a0a', 'e6abca4467c0e2a892ff15de9c99c817', '2019-11-13 08:28:39'),
(421, 1, 1573643355, '2019-11-13 12:22:36', 1573647756, 623712593, 'Mozilla/5.0 (X11; Linux x86_64) AppleWebKit/537.36 (KHTML, like Gecko) Chrome/76.0.3809.132 YaBrowser/19.9.3.358 (beta) Yowser/2.5 Safari/537.36', '03ae9b347fef0e4eb823d90450264a0a', 'TimeOut', '2019-11-13 11:09:15'),
(422, 1, 1573647758, '2019-11-13 13:07:38', 1573650458, 623712593, 'Mozilla/5.0 (X11; Linux x86_64) AppleWebKit/537.36 (KHTML, like Gecko) Chrome/76.0.3809.132 YaBrowser/19.9.3.358 (beta) Yowser/2.5 Safari/537.36', '03ae9b347fef0e4eb823d90450264a0a', 'TimeOut', '2019-11-13 12:22:38'),
(423, 1, 1573650459, NULL, 1573650459, 623712593, 'Mozilla/5.0 (Linux; Android 6.0; Nexus 5 Build/MRA58N) AppleWebKit/537.36 (KHTML, like Gecko) Chrome/76.0.3809.132 Mobile Safari/537.36', '02ced948f219d7135ba37d6ca891bdd5', 'b6bca633f4ab2023d4cfb9f5ff28284d', '2019-11-13 13:07:39'),
(424, 1, 1573664338, '2019-11-13 20:02:47', 1573675367, 2956736515, 'Mozilla/5.0 (Linux; arm_64; Android 9; Redmi Note 5) AppleWebKit/537.36 (KHTML, like Gecko) Chrome/76.0.3809.132 YaBrowser/19.9.6.88.00 Mobile Safari/', 'c77dd44f8eaa96dd8dbc702fca564fed', 'TimeOut', '2019-11-13 16:58:58'),
(425, 1, 1573675400, '2019-11-13 20:30:36', 1573677036, 2994375996, 'Mozilla/5.0 (X11; Linux x86_64) AppleWebKit/537.36 (KHTML, like Gecko) Chrome/73.0.3683.103 YaBrowser/19.4.2.698 (beta) Yowser/2.5 Safari/537.36', '600838512d1aae2feba95646f13f52e6', '7af67d64a2b38c5089c0fe4d90215ee1', '2019-11-13 20:03:20'),
(426, 1, 1573676860, '2019-11-14 07:37:05', 1573676860, 2994375996, 'Mozilla/5.0 (Linux; arm_64; Android 9; Redmi Note 5) AppleWebKit/537.36 (KHTML, like Gecko) Chrome/76.0.3809.132 YaBrowser/19.9.6.88.00 Mobile Safari/', 'c77dd44f8eaa96dd8dbc702fca564fed', 'TimeOut', '2019-11-13 20:27:40'),
(427, 1, 1573713664, '2019-11-14 06:46:30', 1573713990, 623712593, 'Mozilla/5.0 (X11; Linux x86_64) AppleWebKit/537.36 (KHTML, like Gecko) Chrome/76.0.3809.132 YaBrowser/19.9.3.358 (beta) Yowser/2.5 Safari/537.36', '03ae9b347fef0e4eb823d90450264a0a', 'd607ff530ed479a402c49296bcc58916', '2019-11-14 06:41:04'),
(428, 1, 1573714221, '2019-11-14 07:32:52', 1573716772, 623712593, 'Mozilla/5.0 (X11; Linux x86_64) AppleWebKit/537.36 (KHTML, like Gecko) Chrome/76.0.3809.132 YaBrowser/19.9.3.358 (beta) Yowser/2.5 Safari/537.36', '03ae9b347fef0e4eb823d90450264a0a', 'e3b8000d0984b790e6c4318212ef11ef', '2019-11-14 06:50:21'),
(429, 1, 1573716994, NULL, 1573716994, 623712593, 'Mozilla/5.0 (Linux; Android 6.0; Nexus 5 Build/MRA58N) AppleWebKit/537.36 (KHTML, like Gecko) Chrome/76.0.3809.132 Mobile Safari/537.36', '02ced948f219d7135ba37d6ca891bdd5', '483635f1ee6cd5de80ac5b28fdbbaa0d', '2019-11-14 07:36:34'),
(430, 1, 1573717028, '2019-11-14 11:23:09', 1573717441, 623712593, 'Mozilla/5.0 (Linux; arm_64; Android 9; Redmi Note 5) AppleWebKit/537.36 (KHTML, like Gecko) Chrome/76.0.3809.132 YaBrowser/19.9.6.88.00 Mobile Safari/', 'c77dd44f8eaa96dd8dbc702fca564fed', 'TimeOut', '2019-11-14 07:37:08'),
(431, 1, 1573717158, '2019-11-14 08:28:25', 1573720105, 623712593, 'Mozilla/5.0 (X11; Linux x86_64) AppleWebKit/537.36 (KHTML, like Gecko) Chrome/76.0.3809.132 YaBrowser/19.9.3.358 (beta) Yowser/2.5 Safari/537.36', '03ae9b347fef0e4eb823d90450264a0a', 'TimeOut', '2019-11-14 07:39:18'),
(432, 1, 1573720106, '2019-11-14 10:30:27', 1573727427, 623712593, 'Mozilla/5.0 (X11; Linux x86_64) AppleWebKit/537.36 (KHTML, like Gecko) Chrome/76.0.3809.132 YaBrowser/19.9.3.358 (beta) Yowser/2.5 Safari/537.36', '03ae9b347fef0e4eb823d90450264a0a', 'TimeOut', '2019-11-14 08:28:26'),
(433, 1, 1573727429, '2019-11-14 11:14:06', 1573730046, 623712593, 'Mozilla/5.0 (X11; Linux x86_64) AppleWebKit/537.36 (KHTML, like Gecko) Chrome/76.0.3809.132 YaBrowser/19.9.3.358 (beta) Yowser/2.5 Safari/537.36', '03ae9b347fef0e4eb823d90450264a0a', 'TimeOut', '2019-11-14 10:30:29'),
(434, 1, 1573730047, NULL, 1573730047, 623712593, 'Mozilla/5.0 (X11; Linux x86_64) AppleWebKit/537.36 (KHTML, like Gecko) Chrome/76.0.3809.132 YaBrowser/19.9.3.358 (beta) Yowser/2.5 Safari/537.36', '03ae9b347fef0e4eb823d90450264a0a', '9e70c4334020b7a50adc33f12c9def79', '2019-11-14 11:14:07'),
(435, 1, 1573800495, '2019-11-15 07:42:49', 1573803769, 623712593, 'Mozilla/5.0 (X11; Linux x86_64) AppleWebKit/537.36 (KHTML, like Gecko) Chrome/76.0.3809.132 YaBrowser/19.9.3.358 (beta) Yowser/2.5 Safari/537.36', '03ae9b347fef0e4eb823d90450264a0a', 'TimeOut', '2019-11-15 06:48:15'),
(436, 1, 1573803771, '2019-11-15 08:29:16', 1573806556, 2994477805, 'Mozilla/5.0 (X11; Linux x86_64) AppleWebKit/537.36 (KHTML, like Gecko) Chrome/76.0.3809.132 YaBrowser/19.9.3.358 (beta) Yowser/2.5 Safari/537.36', '03ae9b347fef0e4eb823d90450264a0a', 'TimeOut', '2019-11-15 07:42:51'),
(437, 1, 1573806558, '2019-11-15 11:01:21', 1573815681, 2994477805, 'Mozilla/5.0 (X11; Linux x86_64) AppleWebKit/537.36 (KHTML, like Gecko) Chrome/76.0.3809.132 YaBrowser/19.9.3.358 (beta) Yowser/2.5 Safari/537.36', '03ae9b347fef0e4eb823d90450264a0a', 'TimeOut', '2019-11-15 08:29:18'),
(438, 1, 1573815683, NULL, 1573815683, 2994477805, 'Mozilla/5.0 (X11; Linux x86_64) AppleWebKit/537.36 (KHTML, like Gecko) Chrome/76.0.3809.132 YaBrowser/19.9.3.358 (beta) Yowser/2.5 Safari/537.36', '03ae9b347fef0e4eb823d90450264a0a', '44e74d5d0622ee5a23d3a02cf090914b', '2019-11-15 11:01:23'),
(439, 1, 1573841545, '2019-11-15 18:14:02', 1573841545, 2994375996, 'Mozilla/5.0 (Linux; arm_64; Android 9; Redmi Note 5) AppleWebKit/537.36 (KHTML, like Gecko) Chrome/76.0.3809.132 YaBrowser/19.9.6.88.00 Mobile Safari/', 'c77dd44f8eaa96dd8dbc702fca564fed', 'LogOut', '2019-11-15 18:12:25'),
(440, 1, 1573841643, '2019-11-16 12:25:56', 1573841643, 2994375996, 'Mozilla/5.0 (Linux; arm_64; Android 9; Redmi Note 5) AppleWebKit/537.36 (KHTML, like Gecko) Chrome/76.0.3809.132 YaBrowser/19.9.6.88.00 Mobile Safari/', 'c77dd44f8eaa96dd8dbc702fca564fed', 'TimeOut', '2019-11-15 18:14:03'),
(441, 1, 1573883611, '2019-11-16 06:56:47', 1573887407, 2994477805, 'Mozilla/5.0 (X11; Linux x86_64) AppleWebKit/537.36 (KHTML, like Gecko) Chrome/76.0.3809.132 YaBrowser/19.9.3.358 (beta) Yowser/2.5 Safari/537.36', '03ae9b347fef0e4eb823d90450264a0a', 'TimeOut', '2019-11-16 05:53:31'),
(442, 1, 1573887410, '2019-11-16 08:00:20', 1573891220, 2994477805, 'Mozilla/5.0 (X11; Linux x86_64) AppleWebKit/537.36 (KHTML, like Gecko) Chrome/76.0.3809.132 YaBrowser/19.9.3.358 (beta) Yowser/2.5 Safari/537.36', '03ae9b347fef0e4eb823d90450264a0a', 'TimeOut', '2019-11-16 06:56:50'),
(443, 4, 1573890041, '2019-11-16 08:08:09', 1573891660, 2994477805, 'Mozilla/5.0 (X11; Linux x86_64) AppleWebKit/537.36 (KHTML, like Gecko) Chrome/76.0.3809.132 YaBrowser/19.9.3.358 (beta) Yowser/2.5 Safari/537.36', '03ae9b347fef0e4eb823d90450264a0a', 'LogOut', '2019-11-16 07:40:41'),
(444, 1, 1573891224, '2019-11-16 09:30:13', 1573896613, 2994477805, 'Mozilla/5.0 (X11; Linux x86_64) AppleWebKit/537.36 (KHTML, like Gecko) Chrome/76.0.3809.132 YaBrowser/19.9.3.358 (beta) Yowser/2.5 Safari/537.36', '03ae9b347fef0e4eb823d90450264a0a', 'TimeOut', '2019-11-16 08:00:24'),
(445, 4, 1573891698, '2019-11-16 08:09:48', 1573891698, 2994477805, 'Mozilla/5.0 (X11; Linux x86_64) AppleWebKit/537.36 (KHTML, like Gecko) Chrome/76.0.3809.132 YaBrowser/19.9.3.358 (beta) Yowser/2.5 Safari/537.36', '03ae9b347fef0e4eb823d90450264a0a', 'LogOut', '2019-11-16 08:08:18'),
(446, 4, 1573891790, '2019-11-16 12:02:46', 1573896225, 2994477805, 'Mozilla/5.0 (X11; Linux x86_64) AppleWebKit/537.36 (KHTML, like Gecko) Chrome/76.0.3809.132 YaBrowser/19.9.3.358 (beta) Yowser/2.5 Safari/537.36', '03ae9b347fef0e4eb823d90450264a0a', 'TimeOut', '2019-11-16 08:09:50'),
(447, 1, 1573896616, '2019-11-16 10:31:13', 1573900273, 2994477805, 'Mozilla/5.0 (X11; Linux x86_64) AppleWebKit/537.36 (KHTML, like Gecko) Chrome/76.0.3809.132 YaBrowser/19.9.3.358 (beta) Yowser/2.5 Safari/537.36', '03ae9b347fef0e4eb823d90450264a0a', 'TimeOut', '2019-11-16 09:30:16'),
(448, 1, 1573900274, '2019-11-16 11:05:28', 1573902328, 2994477805, 'Mozilla/5.0 (X11; Linux x86_64) AppleWebKit/537.36 (KHTML, like Gecko) Chrome/76.0.3809.132 YaBrowser/19.9.3.358 (beta) Yowser/2.5 Safari/537.36', '03ae9b347fef0e4eb823d90450264a0a', 'TimeOut', '2019-11-16 10:31:14'),
(449, 1, 1573902331, '2019-11-16 12:03:57', 1573905603, 2994477805, 'Mozilla/5.0 (X11; Linux x86_64) AppleWebKit/537.36 (KHTML, like Gecko) Chrome/76.0.3809.132 YaBrowser/19.9.3.358 (beta) Yowser/2.5 Safari/537.36', '03ae9b347fef0e4eb823d90450264a0a', 'LogOut', '2019-11-16 11:05:31'),
(450, 4, 1573905768, '2019-11-20 08:53:51', 1573906879, 2994477805, 'Mozilla/5.0 (X11; Linux x86_64) AppleWebKit/537.36 (KHTML, like Gecko) Chrome/76.0.3809.132 YaBrowser/19.9.3.358 (beta) Yowser/2.5 Safari/537.36', '03ae9b347fef0e4eb823d90450264a0a', 'TimeOut', '2019-11-16 12:02:48'),
(451, 1, 1573905839, '2019-11-16 12:04:24', 1573905839, 2994477805, 'Mozilla/5.0 (X11; Linux x86_64) AppleWebKit/537.36 (KHTML, like Gecko) Chrome/76.0.3809.132 YaBrowser/19.9.3.358 (beta) Yowser/2.5 Safari/537.36', '03ae9b347fef0e4eb823d90450264a0a', 'LogOut', '2019-11-16 12:03:59'),
(452, 1, 1573905880, '2019-11-16 14:10:26', 1573913426, 2994477805, 'Mozilla/5.0 (X11; Linux x86_64) AppleWebKit/537.36 (KHTML, like Gecko) Chrome/76.0.3809.132 YaBrowser/19.9.3.358 (beta) Yowser/2.5 Safari/537.36', '03ae9b347fef0e4eb823d90450264a0a', 'TimeOut', '2019-11-16 12:04:40'),
(453, 1, 1573907162, '2019-11-16 15:13:04', 1573907488, 2994477805, 'Mozilla/5.0 (Linux; arm_64; Android 9; Redmi Note 5) AppleWebKit/537.36 (KHTML, like Gecko) Chrome/76.0.3809.132 YaBrowser/19.9.6.88.00 Mobile Safari/', 'c77dd44f8eaa96dd8dbc702fca564fed', 'TimeOut', '2019-11-16 12:26:02'),
(454, 1, 1573913428, NULL, 1573913428, 2994477805, 'Mozilla/5.0 (X11; Linux x86_64) AppleWebKit/537.36 (KHTML, like Gecko) Chrome/76.0.3809.132 YaBrowser/19.9.3.358 (beta) Yowser/2.5 Safari/537.36', '03ae9b347fef0e4eb823d90450264a0a', '05a1c574d94c4fa877ac3d48828d333f', '2019-11-16 14:10:28'),
(455, 1, 1573917189, '2019-11-17 08:54:54', 1573917747, 2956723252, 'Mozilla/5.0 (Linux; arm_64; Android 9; Redmi Note 5) AppleWebKit/537.36 (KHTML, like Gecko) Chrome/76.0.3809.132 YaBrowser/19.9.6.88.00 Mobile Safari/', 'c77dd44f8eaa96dd8dbc702fca564fed', 'TimeOut', '2019-11-16 15:13:09'),
(456, 1, 1573977790, '2019-11-17 08:43:52', 1573980232, 2994342455, 'Mozilla/5.0 (X11; Linux x86_64) AppleWebKit/537.36 (KHTML, like Gecko) Chrome/73.0.3683.103 YaBrowser/19.4.2.698 (beta) Yowser/2.5 Safari/537.36', '600838512d1aae2feba95646f13f52e6', 'TimeOut', '2019-11-17 08:03:10'),
(457, 1, 1573980236, '2019-11-17 09:38:41', 1573983521, 2994342455, 'Mozilla/5.0 (X11; Linux x86_64) AppleWebKit/537.36 (KHTML, like Gecko) Chrome/73.0.3683.103 YaBrowser/19.4.2.698 (beta) Yowser/2.5 Safari/537.36', '600838512d1aae2feba95646f13f52e6', 'TimeOut', '2019-11-17 08:43:56'),
(458, 1, 1573980898, '2019-11-17 11:15:12', 1573989312, 2994342455, 'Mozilla/5.0 (Linux; arm_64; Android 9; Redmi Note 5) AppleWebKit/537.36 (KHTML, like Gecko) Chrome/76.0.3809.132 YaBrowser/19.9.6.88.00 Mobile Safari/', 'c77dd44f8eaa96dd8dbc702fca564fed', 'TimeOut', '2019-11-17 08:54:58'),
(459, 1, 1573989315, '2019-11-18 11:53:37', 1573989315, 2994342455, 'Mozilla/5.0 (Linux; arm_64; Android 9; Redmi Note 5) AppleWebKit/537.36 (KHTML, like Gecko) Chrome/76.0.3809.132 YaBrowser/19.9.6.88.00 Mobile Safari/', 'c77dd44f8eaa96dd8dbc702fca564fed', 'TimeOut', '2019-11-17 11:15:15'),
(460, 4, 1574050009, NULL, 1574050009, 2994511868, 'Mozilla/5.0 (Windows NT 10.0; WOW64) AppleWebKit/537.36 (KHTML, like Gecko) Chrome/77.0.3865.120 YaBrowser/19.10.2.195 Yowser/2.5 Safari/537.36', '19734675c5dbc842e9c5d2875c1e037e', '8e8b30c876d763de0cc0f5e502c2c4b8', '2019-11-18 04:06:49'),
(461, 1, 1574071153, '2019-11-18 11:40:58', 1574077258, 3265186925, 'Mozilla/5.0 (X11; Linux x86_64) AppleWebKit/537.36 (KHTML, like Gecko) Chrome/76.0.3809.132 YaBrowser/19.9.3.358 (beta) Yowser/2.5 Safari/537.36', '03ae9b347fef0e4eb823d90450264a0a', 'TimeOut', '2019-11-18 09:59:13'),
(462, 1, 1574077260, '2019-11-18 11:42:03', 1574077260, 3265186925, 'Mozilla/5.0 (X11; Linux x86_64) AppleWebKit/537.36 (KHTML, like Gecko) Chrome/76.0.3809.132 YaBrowser/19.9.3.358 (beta) Yowser/2.5 Safari/537.36', '03ae9b347fef0e4eb823d90450264a0a', 'LogOut', '2019-11-18 11:41:00'),
(463, 5, 1574077334, '2019-11-18 11:43:29', 1574077334, 3265186925, 'Mozilla/5.0 (X11; Linux x86_64) AppleWebKit/537.36 (KHTML, like Gecko) Chrome/76.0.3809.132 YaBrowser/19.9.3.358 (beta) Yowser/2.5 Safari/537.36', '03ae9b347fef0e4eb823d90450264a0a', 'LogOut', '2019-11-18 11:42:14'),
(464, 5, 1574077410, '2019-11-18 11:43:46', 1574077410, 3265186925, 'Mozilla/5.0 (X11; Linux x86_64) AppleWebKit/537.36 (KHTML, like Gecko) Chrome/76.0.3809.132 YaBrowser/19.9.3.358 (beta) Yowser/2.5 Safari/537.36', '03ae9b347fef0e4eb823d90450264a0a', 'LogOut', '2019-11-18 11:43:30'),
(465, 5, 1574077428, '2019-11-18 11:44:09', 1574077428, 3265186925, 'Mozilla/5.0 (X11; Linux x86_64) AppleWebKit/537.36 (KHTML, like Gecko) Chrome/76.0.3809.132 YaBrowser/19.9.3.358 (beta) Yowser/2.5 Safari/537.36', '03ae9b347fef0e4eb823d90450264a0a', 'LogOut', '2019-11-18 11:43:48'),
(466, 5, 1574077450, '2019-11-18 11:46:03', 1574077450, 3265186925, 'Mozilla/5.0 (X11; Linux x86_64) AppleWebKit/537.36 (KHTML, like Gecko) Chrome/76.0.3809.132 YaBrowser/19.9.3.358 (beta) Yowser/2.5 Safari/537.36', '03ae9b347fef0e4eb823d90450264a0a', 'LogOut', '2019-11-18 11:44:10'),
(467, 1, 1574077568, '2019-11-18 13:13:39', 1574077946, 3265186925, 'Mozilla/5.0 (X11; Linux x86_64) AppleWebKit/537.36 (KHTML, like Gecko) Chrome/76.0.3809.132 YaBrowser/19.9.3.358 (beta) Yowser/2.5 Safari/537.36', '03ae9b347fef0e4eb823d90450264a0a', 'TimeOut', '2019-11-18 11:46:08'),
(468, 1, 1574078020, '2019-11-18 21:22:23', 1574078020, 2994477805, 'Mozilla/5.0 (Linux; arm_64; Android 9; Redmi Note 5) AppleWebKit/537.36 (KHTML, like Gecko) Chrome/76.0.3809.132 YaBrowser/19.9.6.88.00 Mobile Safari/', 'c77dd44f8eaa96dd8dbc702fca564fed', 'TimeOut', '2019-11-18 11:53:40'),
(469, 5, 1574081863, '2019-11-20 06:48:12', 1574081863, 2994257145, 'Mozilla/5.0 (Windows NT 10.0; Win64; x64) AppleWebKit/537.36 (KHTML, like Gecko) Chrome/70.0.3538.102 Safari/537.36 Edge/18.18362', '719db7fda685e5de3bfd10ef9d41b1c0', 'TimeOut', '2019-11-18 12:57:43'),
(470, 1, 1574082821, NULL, 1574082821, 3265186925, 'Mozilla/5.0 (X11; Linux x86_64) AppleWebKit/537.36 (KHTML, like Gecko) Chrome/76.0.3809.132 YaBrowser/19.9.3.358 (beta) Yowser/2.5 Safari/537.36', '03ae9b347fef0e4eb823d90450264a0a', '779fa14dc92cf9c1d0a1c304cab5fe3c', '2019-11-18 13:13:41'),
(471, 1, 1574112147, '2019-11-22 06:05:43', 1574112147, 2994342455, 'Mozilla/5.0 (Linux; arm_64; Android 9; Redmi Note 5) AppleWebKit/537.36 (KHTML, like Gecko) Chrome/76.0.3809.132 YaBrowser/19.9.6.88.00 Mobile Safari/', 'c77dd44f8eaa96dd8dbc702fca564fed', 'TimeOut', '2019-11-18 21:22:27'),
(472, 1, 1574142130, '2019-11-19 14:10:33', 1574172633, 3265186925, 'Mozilla/5.0 (X11; Linux x86_64) AppleWebKit/537.36 (KHTML, like Gecko) Chrome/76.0.3809.132 YaBrowser/19.9.3.358 (beta) Yowser/2.5 Safari/537.36', '03ae9b347fef0e4eb823d90450264a0a', 'TimeOut', '2019-11-19 05:42:10'),
(473, 1, 1574172634, NULL, 1574172634, 3265186925, 'Mozilla/5.0 (X11; Linux x86_64) AppleWebKit/537.36 (KHTML, like Gecko) Chrome/76.0.3809.132 YaBrowser/19.9.3.358 (beta) Yowser/2.5 Safari/537.36', '03ae9b347fef0e4eb823d90450264a0a', '03100201c59b6c2b7d93c88ff6c8ada7', '2019-11-19 14:10:34'),
(474, 4, 1574183965, '2019-11-19 18:14:27', 1574187267, 2994511868, 'Mozilla/5.0 (Windows NT 10.0; Win64; x64) AppleWebKit/537.36 (KHTML, like Gecko) Chrome/77.0.3865.120 Safari/537.36 OPR/64.0.3417.92', '78590199eaa94c7bf199f9316ab4a076', 'TimeOut', '2019-11-19 17:19:25'),
(475, 4, 1574187287, '2019-11-19 19:38:10', 1574192290, 2994511868, 'Mozilla/5.0 (Windows NT 10.0; Win64; x64) AppleWebKit/537.36 (KHTML, like Gecko) Chrome/77.0.3865.120 Safari/537.36 OPR/64.0.3417.92', '78590199eaa94c7bf199f9316ab4a076', 'TimeOut', '2019-11-19 18:14:47'),
(476, 4, 1574192389, '2019-11-19 23:18:11', 1574205491, 2994511868, 'Mozilla/5.0 (Windows NT 10.0; Win64; x64) AppleWebKit/537.36 (KHTML, like Gecko) Chrome/77.0.3865.120 Safari/537.36 OPR/64.0.3417.92', '78590199eaa94c7bf199f9316ab4a076', 'TimeOut', '2019-11-19 19:39:49'),
(477, 1, 1574227861, '2019-11-20 06:22:41', 1574230961, 2994477805, 'Mozilla/5.0 (X11; Linux x86_64) AppleWebKit/537.36 (KHTML, like Gecko) Chrome/76.0.3809.132 YaBrowser/19.9.3.358 (beta) Yowser/2.5 Safari/537.36', '03ae9b347fef0e4eb823d90450264a0a', 'TimeOut', '2019-11-20 05:31:01'),
(478, 1, 1574230964, '2019-11-20 09:48:37', 1574231511, 2994477805, 'Mozilla/5.0 (X11; Linux x86_64) AppleWebKit/537.36 (KHTML, like Gecko) Chrome/76.0.3809.132 YaBrowser/19.9.3.358 (beta) Yowser/2.5 Safari/537.36', '03ae9b347fef0e4eb823d90450264a0a', 'TimeOut', '2019-11-20 06:22:44'),
(479, 4, 1574240034, '2019-11-20 08:55:01', 1574240034, 623720273, 'Mozilla/5.0 (X11; Linux x86_64) AppleWebKit/537.36 (KHTML, like Gecko) Chrome/76.0.3809.132 YaBrowser/19.9.3.358 (beta) Yowser/2.5 Safari/537.36', '03ae9b347fef0e4eb823d90450264a0a', 'LogOut', '2019-11-20 08:53:54'),
(480, 1, 1574243318, '2019-11-20 12:46:28', 1574243826, 623720273, 'Mozilla/5.0 (X11; Linux x86_64) AppleWebKit/537.36 (KHTML, like Gecko) Chrome/76.0.3809.132 YaBrowser/19.9.3.358 (beta) Yowser/2.5 Safari/537.36', '03ae9b347fef0e4eb823d90450264a0a', 'TimeOut', '2019-11-20 09:48:38'),
(481, 4, 1574249037, '2019-11-20 13:08:47', 1574255327, 623720273, 'Mozilla/5.0 (X11; Linux x86_64) AppleWebKit/537.36 (KHTML, like Gecko) Chrome/76.0.3809.132 YaBrowser/19.9.3.358 (beta) Yowser/2.5 Safari/537.36', '03ae9b347fef0e4eb823d90450264a0a', 'TimeOut', '2019-11-20 11:23:57'),
(482, 4, 1574250167, '2019-11-20 16:03:14', 1574265794, 2994511868, 'Mozilla/5.0 (Windows NT 10.0; Win64; x64) AppleWebKit/537.36 (KHTML, like Gecko) Chrome/77.0.3865.120 Safari/537.36 OPR/64.0.3417.92', '78590199eaa94c7bf199f9316ab4a076', 'TimeOut', '2019-11-20 11:42:47'),
(483, 1, 1574253990, '2019-11-20 13:54:27', 1574258067, 623720273, 'Mozilla/5.0 (X11; Linux x86_64) AppleWebKit/537.36 (KHTML, like Gecko) Chrome/76.0.3809.132 YaBrowser/19.9.3.358 (beta) Yowser/2.5 Safari/537.36', '03ae9b347fef0e4eb823d90450264a0a', '2f38fa0b6aa74bb774eb0ca2a9f71c2c', '2019-11-20 12:46:30'),
(484, 4, 1574255328, '2019-11-22 06:54:07', 1574257894, 623720273, 'Mozilla/5.0 (X11; Linux x86_64) AppleWebKit/537.36 (KHTML, like Gecko) Chrome/76.0.3809.132 YaBrowser/19.9.3.358 (beta) Yowser/2.5 Safari/537.36', '03ae9b347fef0e4eb823d90450264a0a', 'TimeOut', '2019-11-20 13:08:48'),
(485, 4, 1574265816, '2019-11-20 17:46:37', 1574271997, 2994511868, 'Mozilla/5.0 (Windows NT 10.0; Win64; x64) AppleWebKit/537.36 (KHTML, like Gecko) Chrome/77.0.3865.120 Safari/537.36 OPR/64.0.3417.92', '78590199eaa94c7bf199f9316ab4a076', 'TimeOut', '2019-11-20 16:03:36'),
(486, 4, 1574272017, '2019-11-21 20:42:14', 1574281342, 2994511868, 'Mozilla/5.0 (Windows NT 10.0; Win64; x64) AppleWebKit/537.36 (KHTML, like Gecko) Chrome/77.0.3865.120 Safari/537.36 OPR/64.0.3417.92', '78590199eaa94c7bf199f9316ab4a076', 'TimeOut', '2019-11-20 17:46:57'),
(487, 1, 1574272996, '2019-11-20 18:33:45', 1574274825, 2994375052, 'Mozilla/5.0 (X11; Linux x86_64) AppleWebKit/537.36 (KHTML, like Gecko) Chrome/73.0.3683.103 YaBrowser/19.4.2.698 (beta) Yowser/2.5 Safari/537.36', '600838512d1aae2feba95646f13f52e6', 'TimeOut', '2019-11-20 18:03:16'),
(488, 1, 1574274828, NULL, 1574274828, 2994375052, 'Mozilla/5.0 (X11; Linux x86_64) AppleWebKit/537.36 (KHTML, like Gecko) Chrome/73.0.3683.103 YaBrowser/19.4.2.698 (beta) Yowser/2.5 Safari/537.36', '600838512d1aae2feba95646f13f52e6', 'd13195c113b720390c097f2884adf517', '2019-11-20 18:33:48'),
(489, 4, 1574309455, '2019-11-21 04:24:31', 1574310089, 2994511868, 'Mozilla/5.0 (Windows NT 10.0; WOW64) AppleWebKit/537.36 (KHTML, like Gecko) Chrome/77.0.3865.120 YaBrowser/19.10.2.195 Yowser/2.5 Safari/537.36', '19734675c5dbc842e9c5d2875c1e037e', 'LogOut', '2019-11-21 04:10:55'),
(490, 1, 1574315515, '2019-11-21 07:43:04', 1574322184, 623720273, 'Mozilla/5.0 (X11; Linux x86_64) AppleWebKit/537.36 (KHTML, like Gecko) Chrome/76.0.3809.132 YaBrowser/19.9.3.358 (beta) Yowser/2.5 Safari/537.36', '03ae9b347fef0e4eb823d90450264a0a', 'TimeOut', '2019-11-21 05:51:55'),
(491, 1, 1574323081, NULL, 1574323081, 623720273, 'Mozilla/5.0 (X11; Linux x86_64) AppleWebKit/537.36 (KHTML, like Gecko) Chrome/76.0.3809.132 YaBrowser/19.9.3.358 (beta) Yowser/2.5 Safari/537.36', '03ae9b347fef0e4eb823d90450264a0a', 'c3229d9f2871e192828ee65c33168792', '2019-11-21 07:58:01'),
(492, 1, 1574323115, '2019-11-21 11:23:38', 1574335418, 623720273, 'Mozilla/5.0 (X11; Linux x86_64) AppleWebKit/537.36 (KHTML, like Gecko) Chrome/76.0.3809.132 YaBrowser/19.9.3.358 (beta) Yowser/2.5 Safari/537.36', '03ae9b347fef0e4eb823d90450264a0a', 'TimeOut', '2019-11-21 07:58:35'),
(493, 1, 1574335420, NULL, 1574335420, 623720273, 'Mozilla/5.0 (X11; Linux x86_64) AppleWebKit/537.36 (KHTML, like Gecko) Chrome/76.0.3809.132 YaBrowser/19.9.3.358 (beta) Yowser/2.5 Safari/537.36', '03ae9b347fef0e4eb823d90450264a0a', 'ac2c288b164daf6730c6905a9018a8ba', '2019-11-21 11:23:40'),
(494, 4, 1574356887, NULL, 1574356887, 2994511868, 'Mozilla/5.0 (Windows NT 10.0; WOW64) AppleWebKit/537.36 (KHTML, like Gecko) Chrome/77.0.3865.120 YaBrowser/19.10.2.195 Yowser/2.5 Safari/537.36', '19734675c5dbc842e9c5d2875c1e037e', '3de5456f379858e78f1292761744be7a', '2019-11-21 17:21:27'),
(495, 4, 1574356968, NULL, 1574356968, 2994511868, 'Mozilla/5.0 (Windows NT 10.0; WOW64) AppleWebKit/537.36 (KHTML, like Gecko) Chrome/77.0.3865.120 YaBrowser/19.10.3.281 Yowser/2.5 Safari/537.36', '7cc43c2d03a697c683f1aadbad9a99fd', 'd24e1617f1b7cea5bc064d4eae2ada69', '2019-11-21 17:22:48'),
(496, 4, 1574397887, '2019-11-22 19:16:14', 1574399460, 2994511868, 'Mozilla/5.0 (Windows NT 10.0; Win64; x64) AppleWebKit/537.36 (KHTML, like Gecko) Chrome/78.0.3904.97 Safari/537.36 OPR/65.0.3467.48', '8cd4a4a6c9d4214f570041864fe9260d', 'TimeOut', '2019-11-22 04:44:47'),
(497, 1, 1574401854, '2019-11-22 06:21:04', 1574403664, 623720273, 'Mozilla/5.0 (X11; Linux x86_64) AppleWebKit/537.36 (KHTML, like Gecko) Chrome/76.0.3809.132 YaBrowser/19.9.3.358 (beta) Yowser/2.5 Safari/537.36', '03ae9b347fef0e4eb823d90450264a0a', 'TimeOut', '2019-11-22 05:50:54'),
(498, 1, 1574402746, '2019-11-22 12:38:41', 1574402746, 623720273, 'Mozilla/5.0 (Linux; arm_64; Android 9; Redmi Note 5) AppleWebKit/537.36 (KHTML, like Gecko) Chrome/76.0.3809.132 YaBrowser/19.9.6.88.00 Mobile Safari/', 'c77dd44f8eaa96dd8dbc702fca564fed', 'TimeOut', '2019-11-22 06:05:46'),
(499, 1, 1574403666, '2019-11-22 07:18:06', 1574407086, 623720273, 'Mozilla/5.0 (X11; Linux x86_64) AppleWebKit/537.36 (KHTML, like Gecko) Chrome/76.0.3809.132 YaBrowser/19.9.3.358 (beta) Yowser/2.5 Safari/537.36', '03ae9b347fef0e4eb823d90450264a0a', 'TimeOut', '2019-11-22 06:21:06'),
(500, 4, 1574405648, '2019-11-22 09:06:32', 1574413592, 623720273, 'Mozilla/5.0 (X11; Linux x86_64) AppleWebKit/537.36 (KHTML, like Gecko) Chrome/76.0.3809.132 YaBrowser/19.9.3.358 (beta) Yowser/2.5 Safari/537.36', '03ae9b347fef0e4eb823d90450264a0a', 'TimeOut', '2019-11-22 06:54:08'),
(501, 1, 1574407089, '2019-11-22 08:19:10', 1574410750, 623720273, 'Mozilla/5.0 (X11; Linux x86_64) AppleWebKit/537.36 (KHTML, like Gecko) Chrome/76.0.3809.132 YaBrowser/19.9.3.358 (beta) Yowser/2.5 Safari/537.36', '03ae9b347fef0e4eb823d90450264a0a', 'TimeOut', '2019-11-22 07:18:09'),
(502, 1, 1574410753, '2019-11-22 10:04:39', 1574417079, 623720273, 'Mozilla/5.0 (X11; Linux x86_64) AppleWebKit/537.36 (KHTML, like Gecko) Chrome/76.0.3809.132 YaBrowser/19.9.3.358 (beta) Yowser/2.5 Safari/537.36', '03ae9b347fef0e4eb823d90450264a0a', 'TimeOut', '2019-11-22 08:19:13'),
(503, 4, 1574413594, '2019-11-25 09:50:26', 1574414030, 623720273, 'Mozilla/5.0 (X11; Linux x86_64) AppleWebKit/537.36 (KHTML, like Gecko) Chrome/76.0.3809.132 YaBrowser/19.9.3.358 (beta) Yowser/2.5 Safari/537.36', '03ae9b347fef0e4eb823d90450264a0a', 'TimeOut', '2019-11-22 09:06:34'),
(504, 1, 1574417082, '2019-11-22 10:42:22', 1574419342, 623720273, 'Mozilla/5.0 (X11; Linux x86_64) AppleWebKit/537.36 (KHTML, like Gecko) Chrome/76.0.3809.132 YaBrowser/19.9.3.358 (beta) Yowser/2.5 Safari/537.36', '03ae9b347fef0e4eb823d90450264a0a', 'TimeOut', '2019-11-22 10:04:42'),
(505, 1, 1574419473, '2019-11-22 11:17:06', 1574421426, 623720273, 'Mozilla/5.0 (X11; Linux x86_64) AppleWebKit/537.36 (KHTML, like Gecko) Chrome/76.0.3809.132 YaBrowser/19.9.3.358 (beta) Yowser/2.5 Safari/537.36', '03ae9b347fef0e4eb823d90450264a0a', 'TimeOut', '2019-11-22 10:44:33'),
(506, 1, 1574421428, '2019-11-22 11:24:37', 1574421877, 623720273, 'Mozilla/5.0 (X11; Linux x86_64) AppleWebKit/537.36 (KHTML, like Gecko) Chrome/76.0.3809.132 YaBrowser/19.9.3.358 (beta) Yowser/2.5 Safari/537.36', '03ae9b347fef0e4eb823d90450264a0a', 'dac03a862ca7bf02757e8edc3510b932', '2019-11-22 11:17:08'),
(507, 1, 1574425082, '2019-11-22 12:42:38', 1574426271, 2994475048, 'Mozilla/5.0 (X11; Linux x86_64) AppleWebKit/537.36 (KHTML, like Gecko) Chrome/76.0.3809.132 YaBrowser/19.9.3.358 (beta) Yowser/2.5 Safari/537.36', '03ae9b347fef0e4eb823d90450264a0a', 'LogOut', '2019-11-22 12:18:02'),
(508, 6, 1574426567, '2019-11-22 12:43:49', 1574426567, 2994475048, 'Mozilla/5.0 (X11; Linux x86_64) AppleWebKit/537.36 (KHTML, like Gecko) Chrome/76.0.3809.132 YaBrowser/19.9.3.358 (beta) Yowser/2.5 Safari/537.36', '03ae9b347fef0e4eb823d90450264a0a', 'LogOut', '2019-11-22 12:42:47'),
(509, 6, 1574426640, '2019-11-22 12:45:43', 1574426640, 2994475048, 'Mozilla/5.0 (X11; Linux x86_64) AppleWebKit/537.36 (KHTML, like Gecko) Chrome/76.0.3809.132 YaBrowser/19.9.3.358 (beta) Yowser/2.5 Safari/537.36', '03ae9b347fef0e4eb823d90450264a0a', 'LogOut', '2019-11-22 12:44:00'),
(510, 1, 1574426662, '2019-11-22 12:44:28', 1574426662, 2994475048, 'Mozilla/5.0 (Linux; arm_64; Android 9; Redmi Note 5) AppleWebKit/537.36 (KHTML, like Gecko) Chrome/76.0.3809.132 YaBrowser/19.9.6.88.00 Mobile Safari/', 'c77dd44f8eaa96dd8dbc702fca564fed', 'LogOut', '2019-11-22 12:44:22'),
(511, 6, 1574426691, '2019-11-22 14:06:39', 1574431599, 2994475048, 'Mozilla/5.0 (Linux; arm_64; Android 9; Redmi Note 5) AppleWebKit/537.36 (KHTML, like Gecko) Chrome/76.0.3809.132 YaBrowser/19.9.6.88.00 Mobile Safari/', 'c77dd44f8eaa96dd8dbc702fca564fed', 'TimeOut', '2019-11-22 12:44:51'),
(512, 1, 1574426749, '2019-11-22 13:22:55', 1574428975, 2994475048, 'Mozilla/5.0 (X11; Linux x86_64) AppleWebKit/537.36 (KHTML, like Gecko) Chrome/76.0.3809.132 YaBrowser/19.9.3.358 (beta) Yowser/2.5 Safari/537.36', '03ae9b347fef0e4eb823d90450264a0a', '85f0fa885c5bbef843abf5c00d391342', '2019-11-22 12:45:49'),
(513, 6, 1574426764, '2019-11-22 12:56:18', 1574427378, 2994475048, 'Mozilla/5.0 (X11; Linux x86_64) AppleWebKit/537.36 (KHTML, like Gecko) Chrome/76.0.3809.132 YaBrowser/19.9.3.358 (beta) Yowser/2.5 Safari/537.36', '03ae9b347fef0e4eb823d90450264a0a', '153247470843e537637f858085d876a3', '2019-11-22 12:46:04'),
(514, 1, 1574431630, '2019-11-22 14:08:48', 1574431630, 2994475048, 'Mozilla/5.0 (Linux; arm_64; Android 9; Redmi Note 5) AppleWebKit/537.36 (KHTML, like Gecko) Chrome/76.0.3809.132 YaBrowser/19.9.6.88.00 Mobile Safari/', 'c77dd44f8eaa96dd8dbc702fca564fed', 'LogOut', '2019-11-22 14:07:10'),
(515, 1, 1574435338, NULL, 1574435338, 2994375052, 'Mozilla/5.0 (X11; Linux x86_64) AppleWebKit/537.36 (KHTML, like Gecko) Chrome/73.0.3683.103 YaBrowser/19.4.2.698 (beta) Yowser/2.5 Safari/537.36', '600838512d1aae2feba95646f13f52e6', '446e5bc01aa2a49a7ede34900b88cc6f', '2019-11-22 15:08:58'),
(516, 1, 1574443798, '2019-11-22 20:49:51', 1574455791, 2994234355, 'Mozilla/5.0 (Linux; arm_64; Android 9; Redmi Note 5) AppleWebKit/537.36 (KHTML, like Gecko) Chrome/76.0.3809.132 YaBrowser/19.9.6.88.00 Mobile Safari/', 'c77dd44f8eaa96dd8dbc702fca564fed', 'TimeOut', '2019-11-22 17:29:58'),
(517, 1, 1574500740, '2019-11-24 01:19:59', 1574500740, 2994234355, 'Mozilla/5.0 (Linux; arm_64; Android 9; Redmi Note 5) AppleWebKit/537.36 (KHTML, like Gecko) Chrome/76.0.3809.132 YaBrowser/19.9.6.88.00 Mobile Safari/', 'c77dd44f8eaa96dd8dbc702fca564fed', 'TimeOut', '2019-11-23 09:19:00'),
(518, 4, 1574522984, '2019-11-23 15:30:32', 1574522984, 2994511868, 'Mozilla/5.0 (Windows NT 10.0; WOW64) AppleWebKit/537.36 (KHTML, like Gecko) Chrome/77.0.3865.120 YaBrowser/19.10.3.281 Yowser/2.5 Safari/537.36', '7cc43c2d03a697c683f1aadbad9a99fd', 'LogOut', '2019-11-23 15:29:44'),
(519, 1, 1574633067, '2019-11-30 15:30:37', 1574633067, 2994375052, 'Mozilla/5.0 (Linux; arm_64; Android 9; Redmi Note 5) AppleWebKit/537.36 (KHTML, like Gecko) Chrome/76.0.3809.132 YaBrowser/19.9.6.88.00 Mobile Safari/', 'c77dd44f8eaa96dd8dbc702fca564fed', 'TimeOut', '2019-11-24 22:04:27'),
(520, 4, 1574675427, '2019-11-25 09:53:16', 1574675427, 2994475048, 'Mozilla/5.0 (X11; Linux x86_64) AppleWebKit/537.36 (KHTML, like Gecko) Chrome/76.0.3809.132 YaBrowser/19.9.3.358 (beta) Yowser/2.5 Safari/537.36', '03ae9b347fef0e4eb823d90450264a0a', 'LogOut', '2019-11-25 09:50:27'),
(521, 1, 1574681515, NULL, 1574681515, 2994475048, 'Mozilla/5.0 (X11; Linux x86_64) AppleWebKit/537.36 (KHTML, like Gecko) Chrome/76.0.3809.132 YaBrowser/19.9.3.358 (beta) Yowser/2.5 Safari/537.36', '03ae9b347fef0e4eb823d90450264a0a', 'a76903f85d0a208ab94a0ecd13bd87ba', '2019-11-25 11:31:55'),
(522, 5, 1574753234, NULL, 1574753234, 623708531, 'Mozilla/5.0 (Windows NT 10.0; Win64; x64) AppleWebKit/537.36 (KHTML, like Gecko) Chrome/70.0.3538.102 Safari/537.36 Edge/18.18362', '719db7fda685e5de3bfd10ef9d41b1c0', '652a0906c827a0cb5f1ddfc147596a80', '2019-11-26 07:27:14'),
(523, 1, 1574768792, '2019-11-26 11:51:14', 1574768792, 2994256874, 'Mozilla/5.0 (X11; Linux x86_64) AppleWebKit/537.36 (KHTML, like Gecko) Chrome/76.0.3809.132 YaBrowser/19.9.3.358 (beta) Yowser/2.5 Safari/537.36', '03ae9b347fef0e4eb823d90450264a0a', 'LogOut', '2019-11-26 11:46:32'),
(524, 1, 1574769089, '2019-11-26 13:58:02', 1574776682, 2994256874, 'Mozilla/5.0 (Linux; Android 6.0; Nexus 5 Build/MRA58N) AppleWebKit/537.36 (KHTML, like Gecko) Chrome/76.0.3809.132 Mobile Safari/537.36', '02ced948f219d7135ba37d6ca891bdd5', 'TimeOut', '2019-11-26 11:51:29'),
(525, 1, 1574776683, '2019-11-26 13:59:20', 1574776683, 2994256874, 'Mozilla/5.0 (X11; Linux x86_64) AppleWebKit/537.36 (KHTML, like Gecko) Chrome/76.0.3809.132 YaBrowser/19.9.3.358 (beta) Yowser/2.5 Safari/537.36', '03ae9b347fef0e4eb823d90450264a0a', 'LogOut', '2019-11-26 13:58:03'),
(526, 1, 1574835517, '2019-11-27 13:23:54', 1574861034, 2994256874, 'Mozilla/5.0 (X11; Linux x86_64) AppleWebKit/537.36 (KHTML, like Gecko) Chrome/76.0.3809.132 YaBrowser/19.9.3.358 (beta) Yowser/2.5 Safari/537.36', '03ae9b347fef0e4eb823d90450264a0a', 'TimeOut', '2019-11-27 06:18:37'),
(527, 1, 1574861036, NULL, 1574861036, 2994256874, 'Mozilla/5.0 (X11; Linux x86_64) AppleWebKit/537.36 (KHTML, like Gecko) Chrome/76.0.3809.132 YaBrowser/19.9.3.358 (beta) Yowser/2.5 Safari/537.36', '03ae9b347fef0e4eb823d90450264a0a', '6cd72efbb3dabbc518060ae6a26b1764', '2019-11-27 13:23:56'),
(528, 1, 1574920712, '2019-11-28 09:53:19', 1574934799, 2994251415, 'Mozilla/5.0 (X11; Linux x86_64) AppleWebKit/537.36 (KHTML, like Gecko) Chrome/76.0.3809.132 YaBrowser/19.9.3.358 (beta) Yowser/2.5 Safari/537.36', '03ae9b347fef0e4eb823d90450264a0a', 'TimeOut', '2019-11-28 05:58:32'),
(529, 1, 1574934800, '2019-11-28 09:59:53', 1574935193, 2994251415, 'Mozilla/5.0 (X11; Linux x86_64) AppleWebKit/537.36 (KHTML, like Gecko) Chrome/76.0.3809.132 YaBrowser/19.9.3.358 (beta) Yowser/2.5 Safari/537.36', '03ae9b347fef0e4eb823d90450264a0a', 'd167d7f3e40d36b723709813ed51e2c3', '2019-11-28 09:53:20'),
(530, 1, 1575127840, '2019-12-11 14:43:40', 1575128178, 634780555, 'Mozilla/5.0 (Linux; arm_64; Android 9; Redmi Note 5) AppleWebKit/537.36 (KHTML, like Gecko) Chrome/77.0.3865.120 YaBrowser/19.10.2.116.00 Mobile Safar', '9b5d6b015698c4f1afff4eaf89d75556', 'TimeOut', '2019-11-30 15:30:40'),
(531, 1, 1575357065, '2019-12-03 12:09:11', 1575374951, 2994476508, 'Mozilla/5.0 (X11; Linux x86_64) AppleWebKit/537.36 (KHTML, like Gecko) Chrome/76.0.3809.132 YaBrowser/19.9.3.358 (beta) Yowser/2.5 Safari/537.36', '03ae9b347fef0e4eb823d90450264a0a', 'TimeOut', '2019-12-03 07:11:05'),
(532, 1, 1575374953, NULL, 1575374953, 2994476508, 'Mozilla/5.0 (X11; Linux x86_64) AppleWebKit/537.36 (KHTML, like Gecko) Chrome/76.0.3809.132 YaBrowser/19.9.3.358 (beta) Yowser/2.5 Safari/537.36', '03ae9b347fef0e4eb823d90450264a0a', 'f78373d452fde890f9a56af5a52e921a', '2019-12-03 12:09:13'),
(533, 1, 1575468345, NULL, 1575468345, 2994476508, 'Mozilla/5.0 (X11; Linux x86_64) AppleWebKit/537.36 (KHTML, like Gecko) Chrome/76.0.3809.132 YaBrowser/19.9.3.358 (beta) Yowser/2.5 Safari/537.36', '03ae9b347fef0e4eb823d90450264a0a', '143dc1b724ae4be78826604a72edef7f', '2019-12-04 14:05:45'),
(534, 1, 1575611838, '2019-12-06 07:05:22', 1575615922, 2994250864, 'Mozilla/5.0 (X11; Linux x86_64) AppleWebKit/537.36 (KHTML, like Gecko) Chrome/76.0.3809.132 YaBrowser/19.9.3.358 (beta) Yowser/2.5 Safari/537.36', '03ae9b347fef0e4eb823d90450264a0a', 'TimeOut', '2019-12-06 05:57:18');
INSERT INTO `cisco_users_log_data` (`id`, `id_users`, `time_login`, `time_session_delete`, `lastVisit`, `ip_addr`, `user_agent`, `user_agent_hash`, `id_session`, `time`) VALUES
(535, 4, 1575611883, '2019-12-06 06:08:25', 1575612505, 2994250864, 'Mozilla/5.0 (X11; Linux x86_64) AppleWebKit/537.36 (KHTML, like Gecko) Chrome/77.0.3865.120 YaBrowser/19.10.3.302 (beta) Yowser/2.5 Safari/537.36', '63ae1e2d29f0f5bcfeb44051de3565e4', '339bb39ef545d09d5a64fe9d4e89d990', '2019-12-06 05:58:03'),
(536, 1, 1575615923, '2019-12-06 07:12:04', 1575616324, 2994250864, 'Mozilla/5.0 (X11; Linux x86_64) AppleWebKit/537.36 (KHTML, like Gecko) Chrome/76.0.3809.132 YaBrowser/19.9.3.358 (beta) Yowser/2.5 Safari/537.36', '03ae9b347fef0e4eb823d90450264a0a', '279d323541a72737598b4a31bea815c6', '2019-12-06 07:05:23'),
(537, 1, 1575985253, '2019-12-10 13:47:36', 1575985637, 2994240172, 'Mozilla/5.0 (X11; Linux x86_64) AppleWebKit/537.36 (KHTML, like Gecko) Chrome/76.0.3809.132 YaBrowser/19.9.3.358 (beta) Yowser/2.5 Safari/537.36', '03ae9b347fef0e4eb823d90450264a0a', 'LogOut', '2019-12-10 13:40:53'),
(538, 1, 1576005903, NULL, 1576005903, 2994478012, 'Mozilla/5.0 (X11; Linux x86_64) AppleWebKit/537.36 (KHTML, like Gecko) Chrome/73.0.3683.103 YaBrowser/19.4.2.698 (beta) Yowser/2.5 Safari/537.36', '600838512d1aae2feba95646f13f52e6', 'eb1d07b652e8f1b07a9b17b3c5a36b74', '2019-12-10 19:25:03'),
(539, 1, 1576075423, '2019-12-13 14:40:49', 1576075423, 2956723330, 'Mozilla/5.0 (Linux; arm_64; Android 9; Redmi Note 5) AppleWebKit/537.36 (KHTML, like Gecko) Chrome/77.0.3865.120 YaBrowser/19.10.3.139.00 Mobile Safar', '0e80a4e52489cad8dae1f8d61b95334c', 'TimeOut', '2019-12-11 14:43:43'),
(540, 1, 1576129673, '2019-12-12 08:30:40', 1576139440, 2994255635, 'Mozilla/5.0 (X11; Linux x86_64) AppleWebKit/537.36 (KHTML, like Gecko) Chrome/76.0.3809.132 YaBrowser/19.9.3.358 (beta) Yowser/2.5 Safari/537.36', '03ae9b347fef0e4eb823d90450264a0a', 'TimeOut', '2019-12-12 05:47:53'),
(541, 1, 1576139441, '2019-12-12 09:01:00', 1576141260, 2994255635, 'Mozilla/5.0 (X11; Linux x86_64) AppleWebKit/537.36 (KHTML, like Gecko) Chrome/76.0.3809.132 YaBrowser/19.9.3.358 (beta) Yowser/2.5 Safari/537.36', '03ae9b347fef0e4eb823d90450264a0a', '6f66e8edb6c8a2494792190538280abf', '2019-12-12 08:30:41'),
(542, 1, 1576229353, '2019-12-16 06:55:22', 1576229353, 2994255635, 'Mozilla/5.0 (X11; Linux x86_64) AppleWebKit/537.36 (KHTML, like Gecko) Chrome/76.0.3809.132 YaBrowser/19.9.3.358 (beta) Yowser/2.5 Safari/537.36', '03ae9b347fef0e4eb823d90450264a0a', 'TimeOut', '2019-12-13 09:29:13'),
(543, 1, 1576248052, '2019-12-16 00:02:41', 1576248052, 2956722209, 'Mozilla/5.0 (Linux; arm_64; Android 9; Redmi Note 5) AppleWebKit/537.36 (KHTML, like Gecko) Chrome/77.0.3865.120 YaBrowser/19.10.3.139.00 Mobile Safar', '0e80a4e52489cad8dae1f8d61b95334c', 'TimeOut', '2019-12-13 14:40:52'),
(544, 4, 1576329422, NULL, 1576329422, 2994212082, 'Mozilla/5.0 (Linux; Android 8.0.0; SM-G930F) AppleWebKit/537.36 (KHTML, like Gecko) Chrome/78.0.3904.108 Mobile Safari/537.36', '1591b52510cfb15d491cbd0187595346', 'a36c8ba90805e54afbd5ed21bf6b2b00', '2019-12-14 13:17:02'),
(545, 1, 1576479325, '2019-12-16 08:13:41', 1576484021, 2994255635, 'Mozilla/5.0 (X11; Linux x86_64) AppleWebKit/537.36 (KHTML, like Gecko) Chrome/76.0.3809.132 YaBrowser/19.9.3.358 (beta) Yowser/2.5 Safari/537.36', '03ae9b347fef0e4eb823d90450264a0a', 'TimeOut', '2019-12-16 06:55:25'),
(546, 4, 1576479819, '2019-12-16 07:15:22', 1576480522, 2994255635, 'Mozilla/5.0 (X11; Linux x86_64) AppleWebKit/537.36 (KHTML, like Gecko) Chrome/77.0.3865.120 YaBrowser/19.10.3.302 (beta) Yowser/2.5 Safari/537.36', '63ae1e2d29f0f5bcfeb44051de3565e4', '853f3e4e2c4ba928a24bb057653559ba', '2019-12-16 07:03:39'),
(547, 1, 1576484023, '2019-12-16 09:32:51', 1576488771, 2994255635, 'Mozilla/5.0 (X11; Linux x86_64) AppleWebKit/537.36 (KHTML, like Gecko) Chrome/76.0.3809.132 YaBrowser/19.9.3.358 (beta) Yowser/2.5 Safari/537.36', '03ae9b347fef0e4eb823d90450264a0a', 'TimeOut', '2019-12-16 08:13:43'),
(548, 1, 1576488774, '2019-12-16 10:52:25', 1576493545, 2994255635, 'Mozilla/5.0 (X11; Linux x86_64) AppleWebKit/537.36 (KHTML, like Gecko) Chrome/76.0.3809.132 YaBrowser/19.9.3.358 (beta) Yowser/2.5 Safari/537.36', '03ae9b347fef0e4eb823d90450264a0a', 'TimeOut', '2019-12-16 09:32:54'),
(549, 1, 1576493547, '2019-12-16 12:36:21', 1576499781, 2994255635, 'Mozilla/5.0 (X11; Linux x86_64) AppleWebKit/537.36 (KHTML, like Gecko) Chrome/76.0.3809.132 YaBrowser/19.9.3.358 (beta) Yowser/2.5 Safari/537.36', '03ae9b347fef0e4eb823d90450264a0a', 'TimeOut', '2019-12-16 10:52:27'),
(550, 1, 1576493723, '2019-12-17 14:43:48', 1576493723, 2994255635, 'Mozilla/5.0 (Linux; arm_64; Android 9; Redmi Note 5) AppleWebKit/537.36 (KHTML, like Gecko) Chrome/77.0.3865.120 YaBrowser/19.10.3.139.00 Mobile Safar', '0e80a4e52489cad8dae1f8d61b95334c', 'TimeOut', '2019-12-16 10:55:23'),
(551, 1, 1576500757, '2019-12-16 13:05:40', 1576501540, 2994242476, 'Mozilla/5.0 (X11; Linux x86_64) AppleWebKit/537.36 (KHTML, like Gecko) Chrome/76.0.3809.132 YaBrowser/19.9.3.358 (beta) Yowser/2.5 Safari/537.36', '03ae9b347fef0e4eb823d90450264a0a', '328e09ea84db09b936cb9a33c73f8623', '2019-12-16 12:52:37'),
(552, 1, 1576580961, '2019-12-17 11:53:12', 1576583592, 2994242476, 'Mozilla/5.0 (X11; Linux x86_64) AppleWebKit/537.36 (KHTML, like Gecko) Chrome/76.0.3809.132 YaBrowser/19.9.3.358 (beta) Yowser/2.5 Safari/537.36', '03ae9b347fef0e4eb823d90450264a0a', 'TimeOut', '2019-12-17 11:09:21'),
(553, 1, 1576583593, NULL, 1576583593, 2994242476, 'Mozilla/5.0 (X11; Linux x86_64) AppleWebKit/537.36 (KHTML, like Gecko) Chrome/76.0.3809.132 YaBrowser/19.9.3.358 (beta) Yowser/2.5 Safari/537.36', '03ae9b347fef0e4eb823d90450264a0a', 'cd9a53029131e662e18c8bdb82c90e5d', '2019-12-17 11:53:13'),
(554, 1, 1576593830, '2019-12-17 14:43:55', 1576593830, 2956723319, 'Mozilla/5.0 (Linux; arm_64; Android 9; Redmi Note 5) AppleWebKit/537.36 (KHTML, like Gecko) Chrome/77.0.3865.120 YaBrowser/19.10.4.187.00 Mobile Safar', '8ea010c3b332d492c68e7d94241e99c8', 'LogOut', '2019-12-17 14:43:50'),
(555, 1, 1576593857, '2019-12-18 16:35:48', 1576593857, 2956723319, 'Mozilla/5.0 (Linux; arm_64; Android 9; Redmi Note 5) AppleWebKit/537.36 (KHTML, like Gecko) Chrome/77.0.3865.120 YaBrowser/19.10.4.187.00 Mobile Safar', '8ea010c3b332d492c68e7d94241e99c8', 'TimeOut', '2019-12-17 14:44:17'),
(556, 1, 1576671875, '2019-12-18 12:51:15', 1576673237, 2994242476, 'Mozilla/5.0 (X11; Linux x86_64) AppleWebKit/537.36 (KHTML, like Gecko) Chrome/76.0.3809.132 YaBrowser/19.9.3.358 (beta) Yowser/2.5 Safari/537.36', '03ae9b347fef0e4eb823d90450264a0a', 'LogOut', '2019-12-18 12:24:35'),
(557, 1, 1576673476, '2019-12-18 12:55:53', 1576673476, 2994242476, 'Mozilla/5.0 (X11; Linux x86_64) AppleWebKit/537.36 (KHTML, like Gecko) Chrome/76.0.3809.132 YaBrowser/19.9.3.358 (beta) Yowser/2.5 Safari/537.36', '03ae9b347fef0e4eb823d90450264a0a', 'LogOut', '2019-12-18 12:51:16'),
(558, 1, 1576673755, NULL, 1576673755, 2994242476, 'Mozilla/5.0 (X11; Linux x86_64) AppleWebKit/537.36 (KHTML, like Gecko) Chrome/76.0.3809.132 YaBrowser/19.9.3.358 (beta) Yowser/2.5 Safari/537.36', '03ae9b347fef0e4eb823d90450264a0a', '4075a982027096ac982e822dd2814c69', '2019-12-18 12:55:55'),
(559, 1, 1576673815, '2019-12-18 13:52:52', 1576677172, 2994242476, 'Mozilla/5.0 (X11; Linux x86_64) AppleWebKit/537.36 (KHTML, like Gecko) Chrome/76.0.3809.132 YaBrowser/19.9.3.358 (beta) Yowser/2.5 Safari/537.36', '03ae9b347fef0e4eb823d90450264a0a', 'TimeOut', '2019-12-18 12:56:55'),
(560, 1, 1576677173, NULL, 1576677173, 2994242476, 'Mozilla/5.0 (X11; Linux x86_64) AppleWebKit/537.36 (KHTML, like Gecko) Chrome/76.0.3809.132 YaBrowser/19.9.3.358 (beta) Yowser/2.5 Safari/537.36', '03ae9b347fef0e4eb823d90450264a0a', '2ef0bc5571e7e78cb3568accf6cc9a3c', '2019-12-18 13:52:53'),
(561, 1, 1576686952, '2019-12-19 09:52:04', 1576686952, 2994241134, 'Mozilla/5.0 (Linux; arm_64; Android 9; Redmi Note 5) AppleWebKit/537.36 (KHTML, like Gecko) Chrome/77.0.3865.120 YaBrowser/19.10.4.187.00 Mobile Safar', '8ea010c3b332d492c68e7d94241e99c8', 'TimeOut', '2019-12-18 16:35:52'),
(562, 1, 1576706324, '2019-12-18 22:05:17', 1576706717, 2994241134, 'Mozilla/5.0 (Windows NT 10.0; WOW64) AppleWebKit/537.36 (KHTML, like Gecko) Chrome/78.0.3904.97 YaBrowser/19.12.0.358 Yowser/2.5 Safari/537.36', 'c6d240bdd74cf32fea71c783fe3d4e1a', '7e35a6f9f2beed322680a00da9540df2', '2019-12-18 21:58:44'),
(563, 1, 1576742961, '2019-12-19 08:44:29', 1576745069, 2994242476, 'Mozilla/5.0 (X11; Linux x86_64) AppleWebKit/537.36 (KHTML, like Gecko) Chrome/76.0.3809.132 YaBrowser/19.9.3.358 (beta) Yowser/2.5 Safari/537.36', '03ae9b347fef0e4eb823d90450264a0a', 'TimeOut', '2019-12-19 08:09:21'),
(564, 1, 1576745071, '2019-12-19 09:27:16', 1576747636, 2994242476, 'Mozilla/5.0 (X11; Linux x86_64) AppleWebKit/537.36 (KHTML, like Gecko) Chrome/76.0.3809.132 YaBrowser/19.9.3.358 (beta) Yowser/2.5 Safari/537.36', '03ae9b347fef0e4eb823d90450264a0a', 'TimeOut', '2019-12-19 08:44:31'),
(565, 1, 1576747637, '2019-12-19 10:54:53', 1576752893, 2994242476, 'Mozilla/5.0 (X11; Linux x86_64) AppleWebKit/537.36 (KHTML, like Gecko) Chrome/76.0.3809.132 YaBrowser/19.9.3.358 (beta) Yowser/2.5 Safari/537.36', '03ae9b347fef0e4eb823d90450264a0a', 'TimeOut', '2019-12-19 09:27:17'),
(566, 1, 1576749128, '2019-12-28 07:19:12', 1576749128, 2994242476, 'Mozilla/5.0 (Linux; arm_64; Android 9; Redmi Note 5) AppleWebKit/537.36 (KHTML, like Gecko) Chrome/77.0.3865.120 YaBrowser/19.10.4.187.00 Mobile Safar', '8ea010c3b332d492c68e7d94241e99c8', 'TimeOut', '2019-12-19 09:52:08'),
(567, 1, 1576752894, NULL, 1576752894, 2994242476, 'Mozilla/5.0 (X11; Linux x86_64) AppleWebKit/537.36 (KHTML, like Gecko) Chrome/76.0.3809.132 YaBrowser/19.9.3.358 (beta) Yowser/2.5 Safari/537.36', '03ae9b347fef0e4eb823d90450264a0a', 'f192925fde277e2160a2d750e322cb24', '2019-12-19 10:54:54'),
(568, 1, 1576828871, NULL, 1576828871, 2994242476, 'Mozilla/5.0 (X11; Linux x86_64) AppleWebKit/537.36 (KHTML, like Gecko) Chrome/76.0.3809.132 YaBrowser/19.9.3.358 (beta) Yowser/2.5 Safari/537.36', '03ae9b347fef0e4eb823d90450264a0a', '7aaf54a6d0b7b3ae740fc3af3d69a9a7', '2019-12-20 08:01:11'),
(569, 1, 1577089570, '2019-12-23 08:46:33', 1577090793, 2994239009, 'Mozilla/5.0 (X11; Linux x86_64) AppleWebKit/537.36 (KHTML, like Gecko) Chrome/76.0.3809.132 YaBrowser/19.9.3.358 (beta) Yowser/2.5 Safari/537.36', '03ae9b347fef0e4eb823d90450264a0a', 'LogOut', '2019-12-23 08:26:10'),
(570, 1, 1577090806, '2019-12-23 09:45:55', 1577094336, 2994239009, 'Mozilla/5.0 (X11; Linux x86_64) AppleWebKit/537.36 (KHTML, like Gecko) Chrome/76.0.3809.132 YaBrowser/19.9.3.358 (beta) Yowser/2.5 Safari/537.36', '03ae9b347fef0e4eb823d90450264a0a', 'LogOut', '2019-12-23 08:46:46'),
(571, 1, 1577094357, '2019-12-23 13:46:47', 1577108807, 2994239009, 'Mozilla/5.0 (X11; Linux x86_64) AppleWebKit/537.36 (KHTML, like Gecko) Chrome/76.0.3809.132 YaBrowser/19.9.3.358 (beta) Yowser/2.5 Safari/537.36', '03ae9b347fef0e4eb823d90450264a0a', 'TimeOut', '2019-12-23 09:45:57'),
(572, 1, 1577181375, '2019-12-24 10:35:42', 1577183742, 2994239009, 'Mozilla/5.0 (X11; Linux x86_64) AppleWebKit/537.36 (KHTML, like Gecko) Chrome/76.0.3809.132 YaBrowser/19.9.3.358 (beta) Yowser/2.5 Safari/537.36', '03ae9b347fef0e4eb823d90450264a0a', 'TimeOut', '2019-12-24 09:56:15'),
(573, 1, 1577183743, '2019-12-24 10:35:53', 1577183743, 2994239009, 'Mozilla/5.0 (X11; Linux x86_64) AppleWebKit/537.36 (KHTML, like Gecko) Chrome/76.0.3809.132 YaBrowser/19.9.3.358 (beta) Yowser/2.5 Safari/537.36', '03ae9b347fef0e4eb823d90450264a0a', 'LogOut', '2019-12-24 10:35:43'),
(574, 1, 1577183754, '2019-12-24 11:29:35', 1577186975, 2994239009, 'Mozilla/5.0 (X11; Linux x86_64) AppleWebKit/537.36 (KHTML, like Gecko) Chrome/76.0.3809.132 YaBrowser/19.9.3.358 (beta) Yowser/2.5 Safari/537.36', '03ae9b347fef0e4eb823d90450264a0a', 'TimeOut', '2019-12-24 10:35:54'),
(575, 1, 1577186976, NULL, 1577186976, 2994239009, 'Mozilla/5.0 (X11; Linux x86_64) AppleWebKit/537.36 (KHTML, like Gecko) Chrome/76.0.3809.132 YaBrowser/19.9.3.358 (beta) Yowser/2.5 Safari/537.36', '03ae9b347fef0e4eb823d90450264a0a', 'f45abbaa740568dcf0a07abacd29095f', '2019-12-24 11:29:36'),
(576, 1, 1577215023, NULL, 1577215023, 2994251293, 'Mozilla/5.0 (Linux; arm_64; Android 9; Redmi Note 5) AppleWebKit/537.36 (KHTML, like Gecko) Chrome/77.0.3865.120 YaBrowser/19.10.4.187.00 Mobile Safar', '8ea010c3b332d492c68e7d94241e99c8', '98e9c857fbea56ad6e3a2d0056741fc1', '2019-12-24 19:17:03'),
(577, 1, 1577346373, NULL, 1577346373, 3265186925, 'Mozilla/5.0 (X11; Linux x86_64) AppleWebKit/537.36 (KHTML, like Gecko) Chrome/77.0.3865.120 YaBrowser/19.10.3.302 (beta) Yowser/2.5 Safari/537.36', '63ae1e2d29f0f5bcfeb44051de3565e4', 'e7aefc2ab2a3750a9c8fd48abe75e5f0', '2019-12-26 07:46:13'),
(578, 1, 1577424446, '2019-12-27 05:27:43', 1577424446, 623711961, 'Mozilla/5.0 (X11; Linux x86_64) AppleWebKit/537.36 (KHTML, like Gecko) Chrome/77.0.3865.120 YaBrowser/19.10.3.302 (beta) Yowser/2.5 Safari/537.36', '63ae1e2d29f0f5bcfeb44051de3565e4', 'TimeOut', '2019-12-27 05:27:26'),
(579, 1, 1577424471, NULL, 1577424471, 623711961, 'Mozilla/5.0 (X11; Linux x86_64) AppleWebKit/537.36 (KHTML, like Gecko) Chrome/77.0.3865.120 YaBrowser/19.10.3.302 (beta) Yowser/2.5 Safari/537.36', '63ae1e2d29f0f5bcfeb44051de3565e4', '436d718c7e74a3efae993d74f310e9d2', '2019-12-27 05:27:51'),
(580, 1, 1577424626, '2019-12-27 05:58:23', 1577426303, 1600949595, 'Mozilla/5.0 (X11; Linux x86_64) AppleWebKit/537.36 (KHTML, like Gecko) Chrome/77.0.3865.120 YaBrowser/19.10.3.302 (beta) Yowser/2.5 Safari/537.36', '63ae1e2d29f0f5bcfeb44051de3565e4', 'TimeOut', '2019-12-27 05:30:26'),
(581, 1, 1577426305, '2019-12-27 06:31:19', 1577428279, 623711961, 'Mozilla/5.0 (X11; Linux x86_64) AppleWebKit/537.36 (KHTML, like Gecko) Chrome/77.0.3865.120 YaBrowser/19.10.3.302 (beta) Yowser/2.5 Safari/537.36', '63ae1e2d29f0f5bcfeb44051de3565e4', 'TimeOut', '2019-12-27 05:58:25'),
(582, 1, 1577428281, '2019-12-27 08:16:37', 1577434597, 623711961, 'Mozilla/5.0 (X11; Linux x86_64) AppleWebKit/537.36 (KHTML, like Gecko) Chrome/77.0.3865.120 YaBrowser/19.10.3.302 (beta) Yowser/2.5 Safari/537.36', '63ae1e2d29f0f5bcfeb44051de3565e4', 'TimeOut', '2019-12-27 06:31:21'),
(583, 1, 1577434635, '2019-12-27 09:30:13', 1577439013, 623711961, 'Mozilla/5.0 (X11; Linux x86_64) AppleWebKit/537.36 (KHTML, like Gecko) Chrome/77.0.3865.120 YaBrowser/19.10.3.302 (beta) Yowser/2.5 Safari/537.36', '63ae1e2d29f0f5bcfeb44051de3565e4', 'TimeOut', '2019-12-27 08:17:15'),
(584, 1, 1577439015, '2019-12-27 11:07:51', 1577444871, 623711961, 'Mozilla/5.0 (X11; Linux x86_64) AppleWebKit/537.36 (KHTML, like Gecko) Chrome/77.0.3865.120 YaBrowser/19.10.3.302 (beta) Yowser/2.5 Safari/537.36', '63ae1e2d29f0f5bcfeb44051de3565e4', 'TimeOut', '2019-12-27 09:30:15'),
(585, 1, 1577444875, '2019-12-27 12:36:13', 1577450173, 623711961, 'Mozilla/5.0 (X11; Linux x86_64) AppleWebKit/537.36 (KHTML, like Gecko) Chrome/77.0.3865.120 YaBrowser/19.10.3.302 (beta) Yowser/2.5 Safari/537.36', '63ae1e2d29f0f5bcfeb44051de3565e4', 'TimeOut', '2019-12-27 11:07:55'),
(586, 4, 1577445044, '2019-12-27 11:10:56', 1577445044, 623711961, 'Mozilla/5.0 (X11; Linux x86_64) AppleWebKit/537.36 (KHTML, like Gecko) Chrome/78.0.3904.108 YaBrowser/19.12.3.332 (beta) Yowser/2.5 Safari/537.36', '4b52cad7650e00e90db824732a975fe7', 'LogOut', '2019-12-27 11:10:44'),
(587, 1, 1577450175, '2019-12-27 12:36:59', 1577450175, 623711961, 'Mozilla/5.0 (X11; Linux x86_64) AppleWebKit/537.36 (KHTML, like Gecko) Chrome/77.0.3865.120 YaBrowser/19.10.3.302 (beta) Yowser/2.5 Safari/537.36', '63ae1e2d29f0f5bcfeb44051de3565e4', 'LogOut', '2019-12-27 12:36:15'),
(588, 1, 1577517562, '2019-12-28 07:43:04', 1577518984, 2994223529, 'Mozilla/5.0 (Linux; arm_64; Android 9; Redmi Note 5) AppleWebKit/537.36 (KHTML, like Gecko) Chrome/78.0.3904.97 YaBrowser/19.12.0.250.00 Mobile Safari', '156ddc5bb69b3e88ecb59eca8e99b24c', 'dbd5973b1e3413bce48b28eb0561fd32', '2019-12-28 07:19:22'),
(589, 1, 1577518986, '2019-12-28 09:19:12', 1577524752, 2994223529, 'Mozilla/5.0 (Linux; arm_64; Android 9; Redmi Note 5) AppleWebKit/537.36 (KHTML, like Gecko) Chrome/78.0.3904.97 YaBrowser/19.12.1.121.00 Mobile Safari', '96d1ad01fb2e238b6facf0478ebc5528', 'TimeOut', '2019-12-28 07:43:06'),
(590, 1, 1577549570, '2019-12-28 21:10:21', 1577567421, 2994223529, 'Mozilla/5.0 (Linux; arm_64; Android 9; Redmi Note 5) AppleWebKit/537.36 (KHTML, like Gecko) Chrome/78.0.3904.97 YaBrowser/19.12.1.121.00 Mobile Safari', '96d1ad01fb2e238b6facf0478ebc5528', 'TimeOut', '2019-12-28 16:12:50'),
(591, 1, 1577567426, '2020-01-02 17:44:58', 1577567426, 2994223529, 'Mozilla/5.0 (Linux; arm_64; Android 9; Redmi Note 5) AppleWebKit/537.36 (KHTML, like Gecko) Chrome/78.0.3904.97 YaBrowser/19.12.1.121.00 Mobile Safari', '96d1ad01fb2e238b6facf0478ebc5528', 'TimeOut', '2019-12-28 21:10:26'),
(592, 4, 1577715902, '2019-12-31 08:08:18', 1577779698, 623711961, 'Mozilla/5.0 (X11; Linux x86_64) AppleWebKit/537.36 (KHTML, like Gecko) Chrome/78.0.3904.108 YaBrowser/19.12.3.332 (beta) Yowser/2.5 Safari/537.36', '4b52cad7650e00e90db824732a975fe7', 'TimeOut', '2019-12-30 14:25:02'),
(593, 4, 1577779700, NULL, 1577779700, 623711961, 'Mozilla/5.0 (X11; Linux x86_64) AppleWebKit/537.36 (KHTML, like Gecko) Chrome/78.0.3904.108 YaBrowser/19.12.3.332 (beta) Yowser/2.5 Safari/537.36', '4b52cad7650e00e90db824732a975fe7', 'e4bd7df814e525eaae3fc5f7f1be54bf', '2019-12-31 08:08:20'),
(594, 1, 1578086308, '2020-01-04 08:58:35', 1578128315, 2956723203, 'Mozilla/5.0 (Linux; arm_64; Android 9; Redmi Note 5) AppleWebKit/537.36 (KHTML, like Gecko) Chrome/78.0.3904.97 YaBrowser/19.12.1.121.00 Mobile Safari', '96d1ad01fb2e238b6facf0478ebc5528', 'TimeOut', '2020-01-03 21:18:28'),
(595, 1, 1578166516, '2020-01-04 22:46:32', 1578177992, 2994224990, 'Mozilla/5.0 (Linux; arm_64; Android 9; Redmi Note 5) AppleWebKit/537.36 (KHTML, like Gecko) Chrome/78.0.3904.97 YaBrowser/19.12.1.121.00 Mobile Safari', '96d1ad01fb2e238b6facf0478ebc5528', 'TimeOut', '2020-01-04 19:35:16'),
(596, 1, 1578178338, '2020-01-06 15:51:25', 1578325885, 2994224990, 'Mozilla/5.0 (Linux; arm_64; Android 9; Redmi Note 5) AppleWebKit/537.36 (KHTML, like Gecko) Chrome/78.0.3904.97 YaBrowser/19.12.1.121.00 Mobile Safari', '96d1ad01fb2e238b6facf0478ebc5528', 'TimeOut', '2020-01-04 22:52:18'),
(597, 1, 1578474569, NULL, 1578474569, 634780866, 'Mozilla/5.0 (X11; Linux x86_64) AppleWebKit/537.36 (KHTML, like Gecko) Chrome/78.0.3904.108 YaBrowser/19.12.3.332 (beta) Yowser/2.5 Safari/537.36', '4b52cad7650e00e90db824732a975fe7', '06d84fed83f120ff07e8ec4c09c71b02', '2020-01-08 09:09:29'),
(598, 1, 1578549328, '2020-01-09 09:41:17', 1578562877, 3265186925, 'Mozilla/5.0 (X11; Linux x86_64) AppleWebKit/537.36 (KHTML, like Gecko) Chrome/78.0.3904.108 YaBrowser/19.12.3.332 (beta) Yowser/2.5 Safari/537.36', '4b52cad7650e00e90db824732a975fe7', 'LogOut', '2020-01-09 05:55:28'),
(599, 4, 1578560336, NULL, 1578560336, 634780866, 'Mozilla/5.0 (X11; Linux x86_64) AppleWebKit/537.36 (KHTML, like Gecko) Chrome/78.0.3904.108 YaBrowser/19.12.3.332 (beta) Yowser/2.5 Safari/537.36', '4b52cad7650e00e90db824732a975fe7', 'a48908d59d1041cc8b9edeb5c36601aa', '2020-01-09 08:58:56'),
(600, 1, 1578562880, '2020-01-09 10:24:46', 1578565486, 3265186925, 'Mozilla/5.0 (X11; Linux x86_64) AppleWebKit/537.36 (KHTML, like Gecko) Chrome/78.0.3904.108 YaBrowser/19.12.3.332 (beta) Yowser/2.5 Safari/537.36', '4b52cad7650e00e90db824732a975fe7', 'TimeOut', '2020-01-09 09:41:20'),
(601, 1, 1578563186, '2020-01-09 09:49:19', 1578563186, 3265186925, 'Mozilla/5.0 (Windows NT 10.0; Win64; x64) AppleWebKit/537.36 (KHTML, like Gecko) Chrome/79.0.3945.88 Safari/537.36', '237aa6249591b6a7ad6962bc73492c77', 'LogOut', '2020-01-09 09:46:26'),
(602, 1, 1578563373, '2020-01-09 10:05:20', 1578564048, 3265186925, 'Mozilla/5.0 (Windows NT 10.0; Win64; x64) AppleWebKit/537.36 (KHTML, like Gecko) Chrome/79.0.3945.88 Safari/537.36', '237aa6249591b6a7ad6962bc73492c77', 'LogOut', '2020-01-09 09:49:33'),
(603, 1, 1578565488, '2020-01-09 11:27:02', 1578569222, 3265186925, 'Mozilla/5.0 (X11; Linux x86_64) AppleWebKit/537.36 (KHTML, like Gecko) Chrome/78.0.3904.108 YaBrowser/19.12.3.332 (beta) Yowser/2.5 Safari/537.36', '4b52cad7650e00e90db824732a975fe7', 'TimeOut', '2020-01-09 10:24:48'),
(604, 1, 1578569223, '2020-01-09 13:05:42', 1578575142, 3265186925, 'Mozilla/5.0 (X11; Linux x86_64) AppleWebKit/537.36 (KHTML, like Gecko) Chrome/78.0.3904.108 YaBrowser/19.12.3.332 (beta) Yowser/2.5 Safari/537.36', '4b52cad7650e00e90db824732a975fe7', 'TimeOut', '2020-01-09 11:27:03'),
(605, 1, 1578575144, '2020-01-09 13:18:59', 1578575939, 3265186925, 'Mozilla/5.0 (X11; Linux x86_64) AppleWebKit/537.36 (KHTML, like Gecko) Chrome/78.0.3904.108 YaBrowser/19.12.3.332 (beta) Yowser/2.5 Safari/537.36', '4b52cad7650e00e90db824732a975fe7', 'LogOut', '2020-01-09 13:05:44'),
(606, 1, 1578576058, '2020-01-09 14:03:27', 1578578607, 3265186925, 'Mozilla/5.0 (X11; Linux x86_64) AppleWebKit/537.36 (KHTML, like Gecko) Chrome/78.0.3904.108 YaBrowser/19.12.3.332 (beta) Yowser/2.5 Safari/537.36', '4b52cad7650e00e90db824732a975fe7', 'TimeOut', '2020-01-09 13:20:58'),
(607, 1, 1578578609, '2020-01-09 14:09:43', 1578578983, 3265186925, 'Mozilla/5.0 (X11; Linux x86_64) AppleWebKit/537.36 (KHTML, like Gecko) Chrome/78.0.3904.108 YaBrowser/19.12.3.332 (beta) Yowser/2.5 Safari/537.36', '4b52cad7650e00e90db824732a975fe7', 'ca6a1978e020749f304a3c89f2544a84', '2020-01-09 14:03:29'),
(608, 1, 1578634543, '2020-01-10 11:37:39', 1578656259, 634780866, 'Mozilla/5.0 (X11; Linux x86_64) AppleWebKit/537.36 (KHTML, like Gecko) Chrome/78.0.3904.108 YaBrowser/19.12.3.332 (beta) Yowser/2.5 Safari/537.36', '4b52cad7650e00e90db824732a975fe7', 'TimeOut', '2020-01-10 05:35:43'),
(609, 1, 1578656262, '2020-01-10 14:11:10', 1578658556, 623711961, 'Mozilla/5.0 (X11; Linux x86_64) AppleWebKit/537.36 (KHTML, like Gecko) Chrome/78.0.3904.108 YaBrowser/19.12.3.332 (beta) Yowser/2.5 Safari/537.36', '4b52cad7650e00e90db824732a975fe7', 'TimeOut', '2020-01-10 11:37:42'),
(610, 4, 1578665464, NULL, 1578665464, 3265186925, 'Mozilla/5.0 (X11; Linux x86_64) AppleWebKit/537.36 (KHTML, like Gecko) Chrome/78.0.3904.108 YaBrowser/19.12.3.332 (beta) Yowser/2.5 Safari/537.36', '4b52cad7650e00e90db824732a975fe7', 'b28b48d36ad3adcafca64e785798a1ff', '2020-01-10 14:11:04'),
(611, 1, 1578665472, NULL, 1578665472, 623711961, 'Mozilla/5.0 (X11; Linux x86_64) AppleWebKit/537.36 (KHTML, like Gecko) Chrome/78.0.3904.108 YaBrowser/19.12.3.332 (beta) Yowser/2.5 Safari/537.36', '4b52cad7650e00e90db824732a975fe7', 'a8e098631fe553eb04364ed38b987cf1', '2020-01-10 14:11:12'),
(612, 1, 1578860820, '2020-01-13 21:18:58', 1578950338, 2994225005, 'Mozilla/5.0 (Linux; arm_64; Android 9; Redmi Note 5) AppleWebKit/537.36 (KHTML, like Gecko) Chrome/78.0.3904.97 YaBrowser/19.12.1.121.00 Mobile Safari', '96d1ad01fb2e238b6facf0478ebc5528', 'TimeOut', '2020-01-12 20:27:00'),
(613, 1, 1578950340, '2020-01-14 18:56:37', 1578950340, 2994210034, 'Mozilla/5.0 (Linux; arm_64; Android 9; Redmi Note 5) AppleWebKit/537.36 (KHTML, like Gecko) Chrome/78.0.3904.97 YaBrowser/19.12.1.121.00 Mobile Safari', '96d1ad01fb2e238b6facf0478ebc5528', 'TimeOut', '2020-01-13 21:19:00'),
(614, 1, 1578988829, '2020-01-14 10:11:00', 1578996660, 623711961, 'Mozilla/5.0 (X11; Linux x86_64) AppleWebKit/537.36 (KHTML, like Gecko) Chrome/78.0.3904.108 YaBrowser/19.12.3.332 (beta) Yowser/2.5 Safari/537.36', '4b52cad7650e00e90db824732a975fe7', 'TimeOut', '2020-01-14 08:00:29'),
(615, 1, 1579001284, '2020-01-14 12:14:56', 1579004096, 623718745, 'Mozilla/5.0 (X11; Linux x86_64) AppleWebKit/537.36 (KHTML, like Gecko) Chrome/78.0.3904.108 YaBrowser/19.12.3.332 (beta) Yowser/2.5 Safari/537.36', '4b52cad7650e00e90db824732a975fe7', 'TimeOut', '2020-01-14 11:28:04'),
(616, 1, 1579004104, '2020-01-14 13:03:54', 1579007034, 623718745, 'Mozilla/5.0 (X11; Linux x86_64) AppleWebKit/537.36 (KHTML, like Gecko) Chrome/78.0.3904.108 YaBrowser/19.12.3.332 (beta) Yowser/2.5 Safari/537.36', '4b52cad7650e00e90db824732a975fe7', 'TimeOut', '2020-01-14 12:15:04'),
(617, 1, 1579007036, NULL, 1579007036, 623718745, 'Mozilla/5.0 (X11; Linux x86_64) AppleWebKit/537.36 (KHTML, like Gecko) Chrome/78.0.3904.108 YaBrowser/19.12.3.332 (beta) Yowser/2.5 Safari/537.36', '4b52cad7650e00e90db824732a975fe7', '7e34005e3627ce6edac494aa21d86f61', '2020-01-14 13:03:56'),
(618, 1, 1579025806, NULL, 1579025806, 2994210034, 'Mozilla/5.0 (X11; Linux x86_64) AppleWebKit/537.36 (KHTML, like Gecko) Chrome/73.0.3683.103 YaBrowser/19.4.2.698 (beta) Yowser/2.5 Safari/537.36', '600838512d1aae2feba95646f13f52e6', '461215119cb84c6a9c3f33b9a684d372', '2020-01-14 18:16:46'),
(619, 1, 1579072305, '2020-01-15 08:05:42', 1579075542, 623718745, 'Mozilla/5.0 (X11; Linux x86_64) AppleWebKit/537.36 (KHTML, like Gecko) Chrome/78.0.3904.108 YaBrowser/19.12.3.332 (beta) Yowser/2.5 Safari/537.36', '4b52cad7650e00e90db824732a975fe7', 'TimeOut', '2020-01-15 07:11:45'),
(620, 1, 1579075544, '2020-01-15 08:51:00', 1579078260, 623718745, 'Mozilla/5.0 (X11; Linux x86_64) AppleWebKit/537.36 (KHTML, like Gecko) Chrome/78.0.3904.108 YaBrowser/19.12.3.332 (beta) Yowser/2.5 Safari/537.36', '4b52cad7650e00e90db824732a975fe7', 'LogOut', '2020-01-15 08:05:44'),
(621, 7, 1579078269, NULL, 1579078269, 623718745, 'Mozilla/5.0 (X11; Linux x86_64) AppleWebKit/537.36 (KHTML, like Gecko) Chrome/78.0.3904.108 YaBrowser/19.12.3.332 (beta) Yowser/2.5 Safari/537.36', '4b52cad7650e00e90db824732a975fe7', 'f1b49bb829bbc1d0479b973f8dbc9b2e', '2020-01-15 08:51:09'),
(622, 1, 1579174574, '2020-01-16 11:38:27', 1579174574, 2956723246, 'Mozilla/5.0 (Linux; arm_64; Android 9; Redmi Note 5) AppleWebKit/537.36 (KHTML, like Gecko) Chrome/78.0.3904.97 YaBrowser/19.12.1.121.00 Mobile Safari', '96d1ad01fb2e238b6facf0478ebc5528', 'LogOut', '2020-01-16 11:36:14'),
(623, 1, 1579174796, '2020-01-16 20:51:51', 1579175104, 2956723246, 'Mozilla/5.0 (Linux; arm_64; Android 9; Redmi Note 5) AppleWebKit/537.36 (KHTML, like Gecko) Chrome/78.0.3904.97 YaBrowser/19.12.1.121.00 Mobile Safari', '96d1ad01fb2e238b6facf0478ebc5528', 'TimeOut', '2020-01-16 11:39:56'),
(624, 1, 1579183177, '2020-01-16 14:10:37', 1579183837, 2994246784, 'Mozilla/5.0 (X11; Linux x86_64) AppleWebKit/537.36 (KHTML, like Gecko) Chrome/78.0.3904.108 YaBrowser/19.12.3.332 (beta) Yowser/2.5 Safari/537.36', '4b52cad7650e00e90db824732a975fe7', '406aab50a69603aaee6f046bce65b49d', '2020-01-16 13:59:37'),
(625, 1, 1579258235, '2020-01-17 11:39:07', 1579261147, 2994246784, 'Mozilla/5.0 (X11; Linux x86_64) AppleWebKit/537.36 (KHTML, like Gecko) Chrome/78.0.3904.108 YaBrowser/19.12.3.332 (beta) Yowser/2.5 Safari/537.36', '4b52cad7650e00e90db824732a975fe7', 'TimeOut', '2020-01-17 10:50:35'),
(626, 1, 1579261148, '2020-01-17 13:24:20', 1579267460, 2994246784, 'Mozilla/5.0 (X11; Linux x86_64) AppleWebKit/537.36 (KHTML, like Gecko) Chrome/78.0.3904.108 YaBrowser/19.12.3.332 (beta) Yowser/2.5 Safari/537.36', '4b52cad7650e00e90db824732a975fe7', 'TimeOut', '2020-01-17 11:39:08'),
(627, 1, 1579267461, '2020-01-17 13:35:04', 1579268104, 2994246784, 'Mozilla/5.0 (X11; Linux x86_64) AppleWebKit/537.36 (KHTML, like Gecko) Chrome/78.0.3904.108 YaBrowser/19.12.3.332 (beta) Yowser/2.5 Safari/537.36', '4b52cad7650e00e90db824732a975fe7', '40d2b0946db30aad2c9afd2e191e01a8', '2020-01-17 13:24:21'),
(628, 1, 1579451423, '2020-01-19 20:31:48', 1579465908, 2994224893, 'Mozilla/5.0 (Linux; arm_64; Android 9; Redmi Note 5) AppleWebKit/537.36 (KHTML, like Gecko) Chrome/78.0.3904.97 YaBrowser/19.12.1.121.00 Mobile Safari', '96d1ad01fb2e238b6facf0478ebc5528', 'TimeOut', '2020-01-19 16:30:23'),
(629, 1, 1579516333, '2020-01-20 12:26:40', 1579523200, 634745660, 'Mozilla/5.0 (X11; Linux x86_64) AppleWebKit/537.36 (KHTML, like Gecko) Chrome/78.0.3904.108 YaBrowser/19.12.3.332 (beta) Yowser/2.5 Safari/537.36', '4b52cad7650e00e90db824732a975fe7', 'TimeOut', '2020-01-20 10:32:13'),
(630, 1, 1579523202, '2020-01-20 13:39:42', 1579527582, 634745660, 'Mozilla/5.0 (X11; Linux x86_64) AppleWebKit/537.36 (KHTML, like Gecko) Chrome/78.0.3904.108 YaBrowser/19.12.3.332 (beta) Yowser/2.5 Safari/537.36', '4b52cad7650e00e90db824732a975fe7', 'TimeOut', '2020-01-20 12:26:42'),
(631, 1, 1579527584, NULL, 1579527584, 634745660, 'Mozilla/5.0 (X11; Linux x86_64) AppleWebKit/537.36 (KHTML, like Gecko) Chrome/78.0.3904.108 YaBrowser/19.12.3.332 (beta) Yowser/2.5 Safari/537.36', '4b52cad7650e00e90db824732a975fe7', '279f5396c71f6928ac2df1b8998d46f7', '2020-01-20 13:39:44'),
(632, 1, 1579588623, '2020-01-21 10:38:00', 1579588623, 634745660, 'Mozilla/5.0 (Linux; arm_64; Android 9; Redmi Note 5) AppleWebKit/537.36 (KHTML, like Gecko) Chrome/78.0.3904.97 YaBrowser/19.12.1.121.00 Mobile Safari', '96d1ad01fb2e238b6facf0478ebc5528', 'TimeOut', '2020-01-21 06:37:03'),
(633, 1, 1579593740, '2020-01-21 13:33:12', 1579595007, 634745660, 'Mozilla/5.0 (X11; Linux x86_64) AppleWebKit/537.36 (KHTML, like Gecko) Chrome/78.0.3904.108 YaBrowser/19.12.3.332 (beta) Yowser/2.5 Safari/537.36', '4b52cad7650e00e90db824732a975fe7', 'TimeOut', '2020-01-21 08:02:20'),
(634, 1, 1579603205, '2020-01-21 19:18:16', 1579603582, 634745660, 'Mozilla/5.0 (Linux; arm_64; Android 9; Redmi Note 5) AppleWebKit/537.36 (KHTML, like Gecko) Chrome/78.0.3904.97 YaBrowser/19.12.1.121.00 Mobile Safari', '96d1ad01fb2e238b6facf0478ebc5528', 'TimeOut', '2020-01-21 10:40:05'),
(635, 1, 1579613593, NULL, 1579613593, 634745660, 'Mozilla/5.0 (X11; Linux x86_64) AppleWebKit/537.36 (KHTML, like Gecko) Chrome/78.0.3904.108 YaBrowser/19.12.3.332 (beta) Yowser/2.5 Safari/537.36', '4b52cad7650e00e90db824732a975fe7', '91c9190bfbc4f5648e1ee9573f056cdc', '2020-01-21 13:33:13'),
(636, 1, 1579677217, NULL, 1579677217, 623709481, 'Mozilla/5.0 (X11; Linux x86_64) AppleWebKit/537.36 (KHTML, like Gecko) Chrome/78.0.3904.108 YaBrowser/19.12.3.332 (beta) Yowser/2.5 Safari/537.36', '4b52cad7650e00e90db824732a975fe7', 'fb3f83d3bdd27d1b9069df99a1034d6f', '2020-01-22 07:13:37'),
(637, 1, 1580149420, '2020-01-27 20:51:40', 1580158300, 2994223256, 'Mozilla/5.0 (Linux; arm_64; Android 9; Redmi Note 5) AppleWebKit/537.36 (KHTML, like Gecko) Chrome/78.0.3904.97 YaBrowser/19.12.1.121.00 Mobile Safari', '96d1ad01fb2e238b6facf0478ebc5528', 'TimeOut', '2020-01-27 18:23:40'),
(638, 1, 1580208855, '2020-01-28 12:08:30', 1580213310, 2994378662, 'Mozilla/5.0 (X11; Linux x86_64) AppleWebKit/537.36 (KHTML, like Gecko) Chrome/78.0.3904.108 YaBrowser/19.12.3.332 (beta) Yowser/2.5 Safari/537.36', '4b52cad7650e00e90db824732a975fe7', 'TimeOut', '2020-01-28 10:54:15'),
(639, 4, 1580212644, '2020-01-28 12:10:24', 1580213315, 2994378662, 'Mozilla/5.0 (X11; Linux x86_64) AppleWebKit/537.36 (KHTML, like Gecko) Chrome/78.0.3904.108 YaBrowser/19.12.3.332 (beta) Yowser/2.5 Safari/537.36', '4b52cad7650e00e90db824732a975fe7', 'LogOut', '2020-01-28 11:57:24'),
(640, 1, 1580213312, '2020-01-28 13:11:47', 1580217107, 2994378662, 'Mozilla/5.0 (X11; Linux x86_64) AppleWebKit/537.36 (KHTML, like Gecko) Chrome/78.0.3904.108 YaBrowser/19.12.3.332 (beta) Yowser/2.5 Safari/537.36', '4b52cad7650e00e90db824732a975fe7', 'TimeOut', '2020-01-28 12:08:32'),
(641, 1, 1580319818, '2020-02-08 14:44:17', 1580319818, 2994222194, 'Mozilla/5.0 (Linux; arm_64; Android 9; Redmi Note 5) AppleWebKit/537.36 (KHTML, like Gecko) Chrome/78.0.3904.108 YaBrowser/19.12.3.101.00 Mobile Safar', '6033ac93bae1fd9492dd5691bef1d652', 'TimeOut', '2020-01-29 17:43:38'),
(642, 1, 1580384129, '2020-01-30 13:17:46', 1580390266, 2994238178, 'Mozilla/5.0 (X11; Linux x86_64) AppleWebKit/537.36 (KHTML, like Gecko) Chrome/78.0.3904.108 YaBrowser/19.12.3.332 (beta) Yowser/2.5 Safari/537.36', '4b52cad7650e00e90db824732a975fe7', 'TimeOut', '2020-01-30 11:35:29'),
(643, 1, 1580390267, NULL, 1580390267, 2994238178, 'Mozilla/5.0 (X11; Linux x86_64) AppleWebKit/537.36 (KHTML, like Gecko) Chrome/78.0.3904.108 YaBrowser/19.12.3.332 (beta) Yowser/2.5 Safari/537.36', '4b52cad7650e00e90db824732a975fe7', '3c4206d0c0b5071fcb7c0dbfc7bb52af', '2020-01-30 13:17:47'),
(644, 1, 1580720368, NULL, 1580720368, 2994379335, 'Mozilla/5.0 (X11; Linux x86_64) AppleWebKit/537.36 (KHTML, like Gecko) Chrome/78.0.3904.108 YaBrowser/19.12.3.332 (beta) Yowser/2.5 Safari/537.36', '4b52cad7650e00e90db824732a975fe7', '0c111c5403ed4bf0d0ff0d7067a025e8', '2020-02-03 08:59:28'),
(645, 1, 1580762254, '2020-02-03 20:53:06', 1580763065, 2994212080, 'Mozilla/5.0 (X11; Linux x86_64) AppleWebKit/537.36 (KHTML, like Gecko) Chrome/73.0.3683.103 YaBrowser/19.4.2.698 (beta) Yowser/2.5 Safari/537.36', '600838512d1aae2feba95646f13f52e6', 'LogOut', '2020-02-03 20:37:34'),
(646, 4, 1580911270, NULL, 1580911270, 2994379335, 'Mozilla/5.0 (X11; Linux x86_64) AppleWebKit/537.36 (KHTML, like Gecko) Chrome/78.0.3904.108 YaBrowser/19.12.3.332 (beta) Yowser/2.5 Safari/537.36', '4b52cad7650e00e90db824732a975fe7', 'ccaff385d73c1dbbabc5365136a0e9f8', '2020-02-05 14:01:10'),
(647, 1, 1580995963, '2020-02-06 13:33:20', 1580995963, 2994379335, 'Mozilla/5.0 (X11; Linux x86_64) AppleWebKit/537.36 (KHTML, like Gecko) Chrome/78.0.3904.108 YaBrowser/19.12.3.332 (beta) Yowser/2.5 Safari/537.36', '4b52cad7650e00e90db824732a975fe7', 'LogOut', '2020-02-06 13:32:43'),
(648, 1, 1580996002, NULL, 1580996002, 2994379335, 'Mozilla/5.0 (X11; Linux x86_64) AppleWebKit/537.36 (KHTML, like Gecko) Chrome/78.0.3904.108 YaBrowser/19.12.3.332 (beta) Yowser/2.5 Safari/537.36', '4b52cad7650e00e90db824732a975fe7', '4f2e0e727566976ffdf3a218f91f5bca', '2020-02-06 13:33:22'),
(649, 1, 1580996298, NULL, 1580996298, 2994379335, 'Mozilla/5.0 (X11; Linux x86_64) AppleWebKit/537.36 (KHTML, like Gecko) Chrome/78.0.3904.108 YaBrowser/19.12.3.332 (beta) Yowser/2.5 Safari/537.36', '4b52cad7650e00e90db824732a975fe7', 'dae13fec06b2b575236117639ddb6d23', '2020-02-06 13:38:18'),
(650, 1, 1580996310, NULL, 1580996310, 2994379335, 'Mozilla/5.0 (X11; Linux x86_64) AppleWebKit/537.36 (KHTML, like Gecko) Chrome/78.0.3904.108 YaBrowser/19.12.3.332 (beta) Yowser/2.5 Safari/537.36', '4b52cad7650e00e90db824732a975fe7', '1c689331f2f30cf005ab4f62e71af3db', '2020-02-06 13:38:30'),
(651, 1, 1580996707, '2020-02-06 13:56:57', 1580997417, 2994379335, 'Mozilla/5.0 (X11; Linux x86_64) AppleWebKit/537.36 (KHTML, like Gecko) Chrome/78.0.3904.108 YaBrowser/19.12.3.332 (beta) Yowser/2.5 Safari/537.36', '4b52cad7650e00e90db824732a975fe7', '8d0122bfa5caadacb51a313859b1079f', '2020-02-06 13:45:07'),
(652, 1, 1581011805, '2020-02-06 17:58:21', 1581011805, 2994211824, 'Mozilla/5.0 (X11; Linux x86_64) AppleWebKit/537.36 (KHTML, like Gecko) Chrome/73.0.3683.103 YaBrowser/19.4.2.698 (beta) Yowser/2.5 Safari/537.36', '600838512d1aae2feba95646f13f52e6', 'LogOut', '2020-02-06 17:56:45'),
(653, 1, 1581011913, '2020-02-06 17:58:57', 1581011913, 2994211824, 'Mozilla/5.0 (X11; Linux x86_64) AppleWebKit/537.36 (KHTML, like Gecko) Chrome/73.0.3683.103 YaBrowser/19.4.2.698 (beta) Yowser/2.5 Safari/537.36', '600838512d1aae2feba95646f13f52e6', 'LogOut', '2020-02-06 17:58:33'),
(654, 1, 1581011995, '2020-02-06 18:00:15', 1581011995, 2994211824, 'Mozilla/5.0 (X11; Linux x86_64) AppleWebKit/537.36 (KHTML, like Gecko) Chrome/73.0.3683.103 YaBrowser/19.4.2.698 (beta) Yowser/2.5 Safari/537.36', '600838512d1aae2feba95646f13f52e6', 'LogOut', '2020-02-06 17:59:55'),
(655, 1, 1581012024, '2020-02-06 18:00:32', 1581012024, 2994211824, 'Mozilla/5.0 (X11; Linux x86_64) AppleWebKit/537.36 (KHTML, like Gecko) Chrome/73.0.3683.103 YaBrowser/19.4.2.698 (beta) Yowser/2.5 Safari/537.36', '600838512d1aae2feba95646f13f52e6', 'LogOut', '2020-02-06 18:00:24'),
(656, 1, 1581012084, '2020-02-07 18:17:54', 1581099474, 2994211824, 'Mozilla/5.0 (X11; Linux x86_64) AppleWebKit/537.36 (KHTML, like Gecko) Chrome/73.0.3683.103 YaBrowser/19.4.2.698 (beta) Yowser/2.5 Safari/537.36', '600838512d1aae2feba95646f13f52e6', 'TimeOut', '2020-02-06 18:01:24'),
(657, 1, 1581012606, NULL, 1581012606, 2994211824, 'Mozilla/5.0 (X11; Linux x86_64) AppleWebKit/537.36 (KHTML, like Gecko) Chrome/73.0.3683.103 YaBrowser/19.4.2.698 (beta) Yowser/2.5 Safari/537.36', '600838512d1aae2feba95646f13f52e6', '4e347309c38145b07d59f2f7f69b3e8d', '2020-02-06 18:10:06'),
(658, 1, 1581150792, '2020-02-08 08:34:51', 1581150792, 2994212218, 'Mozilla/5.0 (X11; Linux x86_64) AppleWebKit/537.36 (KHTML, like Gecko) Chrome/73.0.3683.103 YaBrowser/19.4.2.698 (beta) Yowser/2.5 Safari/537.36', '600838512d1aae2feba95646f13f52e6', 'LogOut', '2020-02-08 08:33:12'),
(659, 1, 1581150894, '2020-02-08 08:41:13', 1581151273, 2994212218, 'Mozilla/5.0 (X11; Linux x86_64) AppleWebKit/537.36 (KHTML, like Gecko) Chrome/73.0.3683.103 YaBrowser/19.4.2.698 (beta) Yowser/2.5 Safari/537.36', '600838512d1aae2feba95646f13f52e6', 'cc7fef994de2d3ee2ead90d82ab7d1b3', '2020-02-08 08:34:54'),
(660, 1, 1581161831, '2020-02-08 21:27:11', 1581161831, 2994212218, 'Mozilla/5.0 (X11; Linux x86_64) AppleWebKit/537.36 (KHTML, like Gecko) Chrome/73.0.3683.103 YaBrowser/19.4.2.698 (beta) Yowser/2.5 Safari/537.36', '600838512d1aae2feba95646f13f52e6', 'TimeOut', '2020-02-08 11:37:11'),
(661, 1, 1581173059, '2020-02-08 22:11:48', 1581173059, 2956723275, 'Mozilla/5.0 (Linux; arm_64; Android 9; Redmi Note 5) AppleWebKit/537.36 (KHTML, like Gecko) Chrome/78.0.3904.108 YaBrowser/19.12.4.87.00 Mobile Safari', 'c76164803f6497d4408a8ec279579289', 'TimeOut', '2020-02-08 14:44:19'),
(662, 1, 1581197235, '2020-02-09 09:40:34', 1581198522, 2994212218, 'Mozilla/5.0 (X11; Linux x86_64) AppleWebKit/537.36 (KHTML, like Gecko) Chrome/73.0.3683.103 YaBrowser/19.4.2.698 (beta) Yowser/2.5 Safari/537.36', '600838512d1aae2feba95646f13f52e6', 'TimeOut', '2020-02-08 21:27:15'),
(663, 1, 1581236865, '2020-02-09 13:18:08', 1581237789, 2994212218, 'Mozilla/5.0 (Linux; arm_64; Android 9; Redmi Note 5) AppleWebKit/537.36 (KHTML, like Gecko) Chrome/78.0.3904.108 YaBrowser/19.12.4.87.00 Mobile Safari', 'c76164803f6497d4408a8ec279579289', 'TimeOut', '2020-02-09 08:27:45'),
(664, 1, 1581244005, '2020-02-09 13:10:26', 1581253826, 2994212218, 'Mozilla/5.0 (X11; Linux x86_64) AppleWebKit/537.36 (KHTML, like Gecko) Chrome/73.0.3683.103 YaBrowser/19.4.2.698 (beta) Yowser/2.5 Safari/537.36', '600838512d1aae2feba95646f13f52e6', 'TimeOut', '2020-02-09 10:26:45'),
(665, 1, 1581253829, '2020-02-09 13:23:56', 1581254636, 2994212218, 'Mozilla/5.0 (X11; Linux x86_64) AppleWebKit/537.36 (KHTML, like Gecko) Chrome/73.0.3683.103 YaBrowser/19.4.2.698 (beta) Yowser/2.5 Safari/537.36', '600838512d1aae2feba95646f13f52e6', '73da6e459e057055fb11e4c25758a38b', '2020-02-09 13:10:29'),
(666, 1, 1581254292, '2020-02-11 17:39:47', 1581254292, 2994212218, 'Mozilla/5.0 (Linux; arm_64; Android 9; Redmi Note 5) AppleWebKit/537.36 (KHTML, like Gecko) Chrome/78.0.3904.108 YaBrowser/19.12.4.87.00 Mobile Safari', 'c76164803f6497d4408a8ec279579289', 'TimeOut', '2020-02-09 13:18:12'),
(667, 1, 1581254649, NULL, 1581254649, 2994212218, 'Mozilla/5.0 (X11; Ubuntu; Linux x86_64; rv:72.0) Gecko/20100101 Firefox/72.0', '384d9bde9a547125a6530b4281b98462', 'e08626cd5a05f18e0d6b3b8f379786cf', '2020-02-09 13:24:09'),
(668, 1, 1581332994, NULL, 1581332994, 3265186925, 'Mozilla/5.0 (X11; Linux x86_64) AppleWebKit/537.36 (KHTML, like Gecko) Chrome/78.0.3904.108 YaBrowser/19.12.3.332 (beta) Yowser/2.5 Safari/537.36', '4b52cad7650e00e90db824732a975fe7', 'ae74d17b3ffb0fab3fddcbcd43fdd474', '2020-02-10 11:09:54'),
(669, 1, 1581452491, NULL, 1581452491, 2994212666, 'Mozilla/5.0 (X11; Linux x86_64) AppleWebKit/537.36 (KHTML, like Gecko) Chrome/73.0.3683.103 YaBrowser/19.4.2.698 (beta) Yowser/2.5 Safari/537.36', '600838512d1aae2feba95646f13f52e6', '9216d0a849739993a5c2f5b9a52ecd95', '2020-02-11 20:21:31'),
(670, 1, 1581491673, '2020-02-12 07:15:04', 1581491673, 2994354100, 'Mozilla/5.0 (X11; Linux x86_64) AppleWebKit/537.36 (KHTML, like Gecko) Chrome/78.0.3904.108 YaBrowser/19.12.3.332 (beta) Yowser/2.5 Safari/537.36', '4b52cad7650e00e90db824732a975fe7', 'LogOut', '2020-02-12 07:14:33'),
(671, 1, 1581491897, '2020-02-12 07:18:26', 1581491897, 2994354100, 'Mozilla/5.0 (X11; Linux x86_64) AppleWebKit/537.36 (KHTML, like Gecko) Chrome/78.0.3904.108 YaBrowser/19.12.3.332 (beta) Yowser/2.5 Safari/537.36', '4b52cad7650e00e90db824732a975fe7', 'LogOut', '2020-02-12 07:18:17'),
(672, 1, 1581491967, '2020-02-12 07:31:11', 1581492671, 2994354100, 'Mozilla/5.0 (X11; Ubuntu; Linux x86_64; rv:72.0) Gecko/20100101 Firefox/72.0', '384d9bde9a547125a6530b4281b98462', 'e1e4648b8b00dcaa5f75c84c2ac1a331', '2020-02-12 07:19:27'),
(673, 1, 1581495294, '2020-02-12 08:16:27', 1581495294, 2994354100, 'Mozilla/5.0 (X11; Linux x86_64) AppleWebKit/537.36 (KHTML, like Gecko) Chrome/78.0.3904.108 YaBrowser/19.12.3.332 (beta) Yowser/2.5 Safari/537.36', '4b52cad7650e00e90db824732a975fe7', 'LogOut', '2020-02-12 08:14:54'),
(674, 1, 1581495463, NULL, 1581495463, 2994354100, 'Mozilla/5.0 (X11; Linux x86_64) AppleWebKit/537.36 (KHTML, like Gecko) Chrome/78.0.3904.108 YaBrowser/19.12.3.332 (beta) Yowser/2.5 Safari/537.36', '4b52cad7650e00e90db824732a975fe7', 'f19d1b792020e0c05da4190138b00bbd', '2020-02-12 08:17:43'),
(675, 1, 1581579132, '2020-02-13 07:38:54', 1581579534, 2994354100, 'Mozilla/5.0 (X11; Linux x86_64) AppleWebKit/537.36 (KHTML, like Gecko) Chrome/78.0.3904.108 YaBrowser/19.12.3.332 (beta) Yowser/2.5 Safari/537.36', '4b52cad7650e00e90db824732a975fe7', 'db6d3b9d07d008e0ecd0a61e9799d06a', '2020-02-13 07:32:13'),
(676, 1, 1581579536, '2020-02-13 09:21:47', 1581585707, 2994354100, 'Mozilla/5.0 (Linux; Android 6.0; Nexus 5 Build/MRA58N) AppleWebKit/537.36 (KHTML, like Gecko) Chrome/78.0.3904.108 Mobile Safari/537.36', 'f554a38ea90022f60d8a0a3162b81937', 'TimeOut', '2020-02-13 07:38:56'),
(677, 1, 1581585709, '2020-02-13 12:25:48', 1581596748, 2994354100, 'Mozilla/5.0 (Linux; Android 6.0; Nexus 5 Build/MRA58N) AppleWebKit/537.36 (KHTML, like Gecko) Chrome/78.0.3904.108 Mobile Safari/537.36', 'f554a38ea90022f60d8a0a3162b81937', 'TimeOut', '2020-02-13 09:21:49'),
(678, 1, 1581596751, '2020-02-13 13:21:43', 1581600103, 2994354100, 'Mozilla/5.0 (X11; Linux x86_64) AppleWebKit/537.36 (KHTML, like Gecko) Chrome/78.0.3904.108 YaBrowser/19.12.3.332 (beta) Yowser/2.5 Safari/537.36', '4b52cad7650e00e90db824732a975fe7', '343adc6075bd23713c4c112939f890bd', '2020-02-13 12:25:51'),
(679, 1, 1581664193, NULL, 1581664193, 2994354100, 'Mozilla/5.0 (X11; Linux x86_64) AppleWebKit/537.36 (KHTML, like Gecko) Chrome/78.0.3904.108 YaBrowser/19.12.3.332 (beta) Yowser/2.5 Safari/537.36', '4b52cad7650e00e90db824732a975fe7', 'e80fd34627004eff25baeeaff01ea3e6', '2020-02-14 07:09:53'),
(680, 4, 1581664660, NULL, 1581664660, 2994354100, 'Mozilla/5.0 (X11; Linux x86_64) AppleWebKit/537.36 (KHTML, like Gecko) Chrome/78.0.3904.108 YaBrowser/19.12.3.332 (beta) Yowser/2.5 Safari/537.36', '4b52cad7650e00e90db824732a975fe7', '0c4add3d24f97e6a07de8c6036d3ac8d', '2020-02-14 07:17:40'),
(681, 1, 1581689203, NULL, 1581689203, 623712000, 'Mozilla/5.0 (X11; Linux x86_64) AppleWebKit/537.36 (KHTML, like Gecko) Chrome/78.0.3904.108 YaBrowser/19.12.3.332 (beta) Yowser/2.5 Safari/537.36', '4b52cad7650e00e90db824732a975fe7', '1dae855a42214353f160d0f6f352c6d9', '2020-02-14 14:06:43'),
(682, 1, 1581953628, '2020-02-18 20:27:08', 1582057628, 2956727920, 'Mozilla/5.0 (Linux; arm_64; Android 9; Redmi Note 5) AppleWebKit/537.36 (KHTML, like Gecko) Chrome/79.0.3945.117 YaBrowser/20.2.0.215.00 Mobile Safari', '106e37ecc89d518ea9408c7731649e92', 'TimeOut', '2020-02-17 15:33:48'),
(683, 1, 1582097169, '2020-02-19 12:12:56', 1582114376, 623712000, 'Mozilla/5.0 (X11; Linux x86_64) AppleWebKit/537.36 (KHTML, like Gecko) Chrome/78.0.3904.108 YaBrowser/19.12.3.332 (beta) Yowser/2.5 Safari/537.36', '4b52cad7650e00e90db824732a975fe7', 'TimeOut', '2020-02-19 07:26:09'),
(684, 1, 1582114378, '2020-02-19 13:48:28', 1582120108, 623712000, 'Mozilla/5.0 (X11; Linux x86_64) AppleWebKit/537.36 (KHTML, like Gecko) Chrome/78.0.3904.108 YaBrowser/19.12.3.332 (beta) Yowser/2.5 Safari/537.36', '4b52cad7650e00e90db824732a975fe7', 'TimeOut', '2020-02-19 12:12:58'),
(685, 1, 1582120112, NULL, 1582120112, 2994248437, 'Mozilla/5.0 (X11; Linux x86_64) AppleWebKit/537.36 (KHTML, like Gecko) Chrome/78.0.3904.108 YaBrowser/19.12.3.332 (beta) Yowser/2.5 Safari/537.36', '4b52cad7650e00e90db824732a975fe7', '96aa815a0f0b06f3d4a33256a2bb7032', '2020-02-19 13:48:32'),
(686, 1, 1582182524, '2020-02-20 11:28:59', 1582198138, 2994248437, 'Mozilla/5.0 (X11; Linux x86_64) AppleWebKit/537.36 (KHTML, like Gecko) Chrome/78.0.3904.108 YaBrowser/19.12.3.332 (beta) Yowser/2.5 Safari/537.36', '4b52cad7650e00e90db824732a975fe7', 'TimeOut', '2020-02-20 07:08:44'),
(687, 1, 1582198141, NULL, 1582198141, 2994248437, 'Mozilla/5.0 (X11; Linux x86_64) AppleWebKit/537.36 (KHTML, like Gecko) Chrome/78.0.3904.108 YaBrowser/19.12.3.332 (beta) Yowser/2.5 Safari/537.36', '4b52cad7650e00e90db824732a975fe7', '7d35711f80db246bedf1cc04d2eaefc7', '2020-02-20 11:29:01'),
(688, 1, 1582275042, NULL, 1582275042, 2994248437, 'Mozilla/5.0 (X11; Linux x86_64) AppleWebKit/537.36 (KHTML, like Gecko) Chrome/78.0.3904.108 YaBrowser/19.12.3.332 (beta) Yowser/2.5 Safari/537.36', '4b52cad7650e00e90db824732a975fe7', '921dafc68136a7936c994ccf462aec6c', '2020-02-21 08:50:42'),
(689, 1, 1582537546, NULL, 1582537546, 2994248437, 'Mozilla/5.0 (X11; Linux x86_64) AppleWebKit/537.36 (KHTML, like Gecko) Chrome/78.0.3904.108 YaBrowser/19.12.3.332 (beta) Yowser/2.5 Safari/537.36', '4b52cad7650e00e90db824732a975fe7', '964c48f5e725c1f77c22bd84f272fb47', '2020-02-24 09:45:46'),
(690, 1, 1582613783, NULL, 1582613783, 623713041, 'Mozilla/5.0 (X11; Linux x86_64) AppleWebKit/537.36 (KHTML, like Gecko) Chrome/78.0.3904.108 YaBrowser/19.12.3.332 (beta) Yowser/2.5 Safari/537.36', '4b52cad7650e00e90db824732a975fe7', 'd03ac50f4ce061c393f63dd1965aac91', '2020-02-25 06:56:23'),
(691, 1, 1582896343, NULL, 1582896343, 2994501809, 'Mozilla/5.0 (X11; Linux x86_64) AppleWebKit/537.36 (KHTML, like Gecko) Chrome/78.0.3904.108 YaBrowser/19.12.3.332 (beta) Yowser/2.5 Safari/537.36', '4b52cad7650e00e90db824732a975fe7', 'd23122e60f2f2ff6d9f18af56800e690', '2020-02-28 13:25:43'),
(692, 1, 1583217059, NULL, 1583217059, 2994501809, 'Mozilla/5.0 (X11; Linux x86_64) AppleWebKit/537.36 (KHTML, like Gecko) Chrome/78.0.3904.108 YaBrowser/19.12.3.332 (beta) Yowser/2.5 Safari/537.36', '4b52cad7650e00e90db824732a975fe7', '8f5706961f45624200676b8bc4e558e5', '2020-03-03 06:30:59'),
(693, 4, 1583239217, '2020-03-04 05:38:54', 1583239217, 2994501809, 'Mozilla/5.0 (X11; Linux x86_64) AppleWebKit/537.36 (KHTML, like Gecko) Chrome/79.0.3945.136 YaBrowser/20.2.3.259 (beta) Yowser/2.5 Safari/537.36', '7ff3a313f37fe7825a089d036fd1bd95', 'TimeOut', '2020-03-03 12:40:17'),
(694, 1, 1583239480, '2020-03-03 13:09:08', 1583240948, 2994501809, 'Mozilla/5.0 (X11; Linux x86_64) AppleWebKit/537.36 (KHTML, like Gecko) Chrome/78.0.3904.108 YaBrowser/19.12.3.332 (beta) Yowser/2.5 Safari/537.36', '4b52cad7650e00e90db824732a975fe7', '323f5a501835d9d0e4042ce86858fd7d', '2020-03-03 12:44:40'),
(695, 1, 1583265763, '2020-03-03 20:11:45', 1583266301, 2994212570, 'Mozilla/5.0 (Linux; arm_64; Android 9; Redmi Note 5) AppleWebKit/537.36 (KHTML, like Gecko) Chrome/79.0.3945.117 YaBrowser/20.2.2.127.00 Mobile Safari', 'e703dfdc370952cc29717f8829fcd6ec', 'LogOut', '2020-03-03 20:02:43'),
(696, 1, 1583328415, '2020-03-04 13:27:02', 1583328415, 2994535888, 'Mozilla/5.0 (Linux; arm_64; Android 9; Redmi Note 5) AppleWebKit/537.36 (KHTML, like Gecko) Chrome/79.0.3945.117 YaBrowser/20.2.2.127.00 Mobile Safari', 'e703dfdc370952cc29717f8829fcd6ec', 'LogOut', '2020-03-04 13:26:55'),
(697, 1, 1583345894, '2020-03-07 16:24:12', 1583598252, 2994210915, 'Mozilla/5.0 (Linux; arm_64; Android 9; Redmi Note 5) AppleWebKit/537.36 (KHTML, like Gecko) Chrome/79.0.3945.117 YaBrowser/20.2.2.127.00 Mobile Safari', 'e703dfdc370952cc29717f8829fcd6ec', 'TimeOut', '2020-03-04 18:18:14'),
(698, 1, 1583838359, '2020-03-11 06:43:20', 1583909000, 2956723418, 'Mozilla/5.0 (Linux; arm_64; Android 9; Redmi Note 5) AppleWebKit/537.36 (KHTML, like Gecko) Chrome/79.0.3945.117 YaBrowser/20.2.2.127.00 Mobile Safari', 'e703dfdc370952cc29717f8829fcd6ec', 'TimeOut', '2020-03-10 11:05:59'),
(699, 1, 1584091372, NULL, 1584091372, 623722230, 'Mozilla/5.0 (X11; Linux x86_64) AppleWebKit/537.36 (KHTML, like Gecko) Chrome/79.0.3945.136 YaBrowser/20.2.3.320 (beta) Yowser/2.5 Safari/537.36', 'fceec1e0b1a7c166ce6a1a9b021c57fb', 'd8903aa57e80db2f52124991403b1324', '2020-03-13 09:22:52'),
(700, 1, 1584350236, '2020-03-16 09:27:55', 1584350875, 3265186925, 'Mozilla/5.0 (X11; Linux x86_64) AppleWebKit/537.36 (KHTML, like Gecko) Chrome/79.0.3945.136 YaBrowser/20.2.3.320 (beta) Yowser/2.5 Safari/537.36', 'fceec1e0b1a7c166ce6a1a9b021c57fb', '49fe4ec777428ef412c443f8c301abe8', '2020-03-16 09:17:16'),
(701, 1, 1584480861, '2020-03-17 21:34:46', 1584480861, 2994223182, 'Mozilla/5.0 (X11; Linux x86_64) AppleWebKit/537.36 (KHTML, like Gecko) Chrome/73.0.3683.103 YaBrowser/19.4.2.698 (beta) Yowser/2.5 Safari/537.36', '600838512d1aae2feba95646f13f52e6', 'LogOut', '2020-03-17 21:34:21'),
(702, 1, 1584485439, '2020-03-17 22:50:53', 1584485439, 2994223182, 'Mozilla/5.0 (Linux; arm_64; Android 9; Redmi Note 5) AppleWebKit/537.36 (KHTML, like Gecko) Chrome/79.0.3945.136 YaBrowser/20.2.4.153.00 Mobile Safari', '309f7b07f94c952edb047ba6c6f082e8', 'LogOut', '2020-03-17 22:50:39'),
(703, 1, 1584610384, '2020-03-19 09:40:34', 1584610834, 3265186925, 'Mozilla/5.0 (X11; Linux x86_64) AppleWebKit/537.36 (KHTML, like Gecko) Chrome/79.0.3945.136 YaBrowser/20.2.3.320 (beta) Yowser/2.5 Safari/537.36', 'fceec1e0b1a7c166ce6a1a9b021c57fb', 'LogOut', '2020-03-19 09:33:04'),
(704, 1, 1584610967, NULL, 1584610967, 3265186925, 'Mozilla/5.0 (X11; Linux x86_64) AppleWebKit/537.36 (KHTML, like Gecko) Chrome/79.0.3945.136 YaBrowser/20.2.3.320 (beta) Yowser/2.5 Safari/537.36', 'fceec1e0b1a7c166ce6a1a9b021c57fb', 'f862d3379e941b2207c270a49db6ecde', '2020-03-19 09:42:47'),
(705, 1, 1584805650, '2020-03-21 17:35:51', 1584812151, 2994208857, 'Mozilla/5.0 (Linux; arm_64; Android 9; Redmi Note 5) AppleWebKit/537.36 (KHTML, like Gecko) Chrome/79.0.3945.136 YaBrowser/20.2.4.153.00 Mobile Safari', '309f7b07f94c952edb047ba6c6f082e8', 'TimeOut', '2020-03-21 15:47:30'),
(706, 1, 1584816521, '2020-03-22 04:34:02', 1584851642, 2994208857, 'Mozilla/5.0 (X11; Linux x86_64) AppleWebKit/537.36 (KHTML, like Gecko) Chrome/79.0.3945.136 YaBrowser/20.2.3.320 (beta) Yowser/2.5 Safari/537.36', 'fceec1e0b1a7c166ce6a1a9b021c57fb', 'TimeOut', '2020-03-21 18:48:41');
INSERT INTO `cisco_users_log_data` (`id`, `id_users`, `time_login`, `time_session_delete`, `lastVisit`, `ip_addr`, `user_agent`, `user_agent_hash`, `id_session`, `time`) VALUES
(707, 1, 1584993216, '2020-03-23 19:54:03', 1584993216, 2994209497, 'Mozilla/5.0 (Linux; arm_64; Android 9; Redmi Note 5) AppleWebKit/537.36 (KHTML, like Gecko) Chrome/79.0.3945.136 YaBrowser/20.2.4.153.00 Mobile Safari', '309f7b07f94c952edb047ba6c6f082e8', 'LogOut', '2020-03-23 19:53:36'),
(708, 1, 1584993246, '2020-07-01 15:11:51', 1584993246, 2994209497, 'Mozilla/5.0 (Linux; arm_64; Android 9; Redmi Note 5) AppleWebKit/537.36 (KHTML, like Gecko) Chrome/79.0.3945.136 YaBrowser/20.2.4.153.00 Mobile Safari', '309f7b07f94c952edb047ba6c6f082e8', 'TimeOut', '2020-03-23 19:54:06'),
(709, 1, 1585058435, NULL, 1585058435, 3265186925, 'Mozilla/5.0 (X11; Linux x86_64) AppleWebKit/537.36 (KHTML, like Gecko) Chrome/79.0.3945.136 YaBrowser/20.2.3.320 (beta) Yowser/2.5 Safari/537.36', 'fceec1e0b1a7c166ce6a1a9b021c57fb', 'a19bcb3cea28ad7ee34ef86279038a68', '2020-03-24 14:00:35'),
(710, 1, 1585636164, NULL, 1585636164, 623720900, 'Mozilla/5.0 (X11; Linux x86_64) AppleWebKit/537.36 (KHTML, like Gecko) Chrome/79.0.3945.136 YaBrowser/20.2.3.320 (beta) Yowser/2.5 Safari/537.36', 'fceec1e0b1a7c166ce6a1a9b021c57fb', 'a94ca928d3d09eef9c1d02f8226935e1', '2020-03-31 06:29:24'),
(711, 7, 1585639539, '2020-03-31 07:29:15', 1585639539, 3265186925, 'Mozilla/5.0 (Windows NT 6.3; WOW64) AppleWebKit/537.36 (KHTML, like Gecko) Chrome/80.0.3987.132 Safari/537.36 OPR/67.0.3575.97', 'bf30043fac58e4f82fc4f859ada06b47', 'LogOut', '2020-03-31 07:25:39'),
(712, 1, 1585813808, NULL, 1585813808, 623720900, 'Mozilla/5.0 (X11; Linux x86_64) AppleWebKit/537.36 (KHTML, like Gecko) Chrome/79.0.3945.136 YaBrowser/20.2.3.320 (beta) Yowser/2.5 Safari/537.36', 'fceec1e0b1a7c166ce6a1a9b021c57fb', 'bd32658738a11b7ea3ac73b64ab3153a', '2020-04-02 07:50:08'),
(713, 1, 1585986827, '2020-04-04 08:21:22', 1585988479, 2994477124, 'Mozilla/5.0 (X11; Linux x86_64) AppleWebKit/537.36 (KHTML, like Gecko) Chrome/79.0.3945.136 YaBrowser/20.2.3.320 (beta) Yowser/2.5 Safari/537.36', 'fceec1e0b1a7c166ce6a1a9b021c57fb', 'LogOut', '2020-04-04 07:53:47'),
(714, 1, 1585990687, NULL, 1585990687, 2994477124, 'Mozilla/5.0 (X11; Linux x86_64) AppleWebKit/537.36 (KHTML, like Gecko) Chrome/79.0.3945.136 YaBrowser/20.2.3.320 (beta) Yowser/2.5 Safari/537.36', 'fceec1e0b1a7c166ce6a1a9b021c57fb', '00b754e80ea0d5e33892e606b8b90716', '2020-04-04 08:58:07'),
(715, 1, 1586350310, NULL, 1586350310, 2994477124, 'Mozilla/5.0 (X11; Linux x86_64) AppleWebKit/537.36 (KHTML, like Gecko) Chrome/79.0.3945.136 YaBrowser/20.2.3.320 (beta) Yowser/2.5 Safari/537.36', 'fceec1e0b1a7c166ce6a1a9b021c57fb', 'bf9f7a9adbc85e4615835c00dbaf75e5', '2020-04-08 12:51:50'),
(716, 1, 1586418503, NULL, 1586418503, 623719961, 'Mozilla/5.0 (X11; Linux x86_64) AppleWebKit/537.36 (KHTML, like Gecko) Chrome/79.0.3945.136 YaBrowser/20.2.3.320 (beta) Yowser/2.5 Safari/537.36', 'fceec1e0b1a7c166ce6a1a9b021c57fb', '8144426014ffe6454f6331717fdc4508', '2020-04-09 07:48:23'),
(717, 1, 1586498987, '2020-04-10 08:18:53', 1586506733, 623719961, 'Mozilla/5.0 (X11; Linux x86_64) AppleWebKit/537.36 (KHTML, like Gecko) Chrome/79.0.3945.136 YaBrowser/20.2.3.320 (beta) Yowser/2.5 Safari/537.36', 'fceec1e0b1a7c166ce6a1a9b021c57fb', 'TimeOut', '2020-04-10 06:09:47'),
(718, 1, 1586506736, '2020-04-10 09:01:17', 1586509277, 623719961, 'Mozilla/5.0 (X11; Linux x86_64) AppleWebKit/537.36 (KHTML, like Gecko) Chrome/79.0.3945.136 YaBrowser/20.2.3.320 (beta) Yowser/2.5 Safari/537.36', 'fceec1e0b1a7c166ce6a1a9b021c57fb', 'c83853bba787b7090de6d4009907fa05', '2020-04-10 08:18:56'),
(719, 1, 1586757670, NULL, 1586757670, 2994476215, 'Mozilla/5.0 (X11; Linux x86_64) AppleWebKit/537.36 (KHTML, like Gecko) Chrome/79.0.3945.136 YaBrowser/20.2.3.320 (beta) Yowser/2.5 Safari/537.36', 'fceec1e0b1a7c166ce6a1a9b021c57fb', 'e355368cf462884ebf571cfbd801ff09', '2020-04-13 06:01:10'),
(720, 1, 1588630058, '2020-05-04 22:15:06', 1588630506, 2994222838, 'Mozilla/5.0 (X11; Linux x86_64) AppleWebKit/537.36 (KHTML, like Gecko) Chrome/79.0.3945.136 YaBrowser/20.2.3.320 (beta) Yowser/2.5 Safari/537.36', 'fceec1e0b1a7c166ce6a1a9b021c57fb', '774b0a8402f3090c4968ba6b11ad4cf2', '2020-05-04 22:07:38'),
(721, 4, 1589980882, NULL, 1589980882, 623721246, 'Mozilla/5.0 (X11; Linux x86_64) AppleWebKit/537.36 (KHTML, like Gecko) Chrome/80.0.3987.132 YaBrowser/20.3.2.282 (beta) Yowser/2.5 Safari/537.36', 'fde8892f8dcfeaf1e676661147813d39', '20881af9472298cc00df979c60b88f81', '2020-05-20 13:21:22'),
(722, 4, 1590390820, '2020-05-25 08:00:04', 1590393604, 623722126, 'Mozilla/5.0 (X11; Linux x86_64) AppleWebKit/537.36 (KHTML, like Gecko) Chrome/80.0.3987.132 YaBrowser/20.3.2.282 (beta) Yowser/2.5 Safari/537.36', 'fde8892f8dcfeaf1e676661147813d39', 'TimeOut', '2020-05-25 07:13:40'),
(723, 4, 1590393607, '2020-05-25 11:32:40', 1590406360, 623722126, 'Mozilla/5.0 (X11; Linux x86_64) AppleWebKit/537.36 (KHTML, like Gecko) Chrome/80.0.3987.132 YaBrowser/20.3.2.282 (beta) Yowser/2.5 Safari/537.36', 'fde8892f8dcfeaf1e676661147813d39', 'TimeOut', '2020-05-25 08:00:07'),
(724, 4, 1590406363, NULL, 1590406363, 623722126, 'Mozilla/5.0 (X11; Linux x86_64) AppleWebKit/537.36 (KHTML, like Gecko) Chrome/80.0.3987.132 YaBrowser/20.3.2.282 (beta) Yowser/2.5 Safari/537.36', 'fde8892f8dcfeaf1e676661147813d39', 'd3f672498e33a736c79ba0af26acbe07', '2020-05-25 11:32:43'),
(725, 3, 1590569940, NULL, 1590569940, 2994475071, 'Mozilla/5.0 (X11; Linux x86_64) AppleWebKit/537.36 (KHTML, like Gecko) Chrome/80.0.3987.132 YaBrowser/20.3.2.282 (beta) Yowser/2.5 Safari/537.36', 'fde8892f8dcfeaf1e676661147813d39', '9e672342462408d2057af697a9b8e801', '2020-05-27 08:59:00'),
(726, 7, 1590671557, '2020-05-28 13:19:44', 1590671983, 2994475957, 'Mozilla/5.0 (X11; Linux x86_64) AppleWebKit/537.36 (KHTML, like Gecko) Chrome/80.0.3987.132 YaBrowser/20.3.2.282 (beta) Yowser/2.5 Safari/537.36', 'fde8892f8dcfeaf1e676661147813d39', 'LogOut', '2020-05-28 13:12:37'),
(727, 7, 1590672024, NULL, 1590672024, 2994475957, 'Mozilla/5.0 (X11; Linux x86_64) AppleWebKit/537.36 (KHTML, like Gecko) Chrome/80.0.3987.132 YaBrowser/20.3.2.282 (beta) Yowser/2.5 Safari/537.36', 'fde8892f8dcfeaf1e676661147813d39', 'bd303764520a844dd95ccf7480c828db', '2020-05-28 13:20:24'),
(728, 3, 1591184526, '2020-06-03 12:29:36', 1591187376, 623721390, 'Mozilla/5.0 (X11; Linux x86_64) AppleWebKit/537.36 (KHTML, like Gecko) Chrome/80.0.3987.132 YaBrowser/20.3.2.282 (beta) Yowser/2.5 Safari/537.36', 'fde8892f8dcfeaf1e676661147813d39', 'TimeOut', '2020-06-03 11:42:06'),
(729, 4, 1591187517, '2020-06-03 12:44:17', 1591188257, 623721390, 'Mozilla/5.0 (X11; Linux x86_64) AppleWebKit/537.36 (KHTML, like Gecko) Chrome/80.0.3987.132 YaBrowser/20.3.2.282 (beta) Yowser/2.5 Safari/537.36', 'fde8892f8dcfeaf1e676661147813d39', 'e2a92827fe6c575bb272f221766607ce', '2020-06-03 12:31:57'),
(730, 1, 1591616624, NULL, 1591616624, 623718845, 'Mozilla/5.0 (X11; Linux x86_64) AppleWebKit/537.36 (KHTML, like Gecko) Chrome/80.0.3987.132 YaBrowser/20.3.2.282 (beta) Yowser/2.5 Safari/537.36', 'fde8892f8dcfeaf1e676661147813d39', '2c5f3ba5e4abd320d013f224b5cde406', '2020-06-08 11:43:44'),
(731, 4, 1592403952, NULL, 1592403952, 2994475834, 'Mozilla/5.0 (X11; Linux x86_64) AppleWebKit/537.36 (KHTML, like Gecko) Chrome/81.0.4044.138 YaBrowser/20.4.3.268 (beta) Yowser/2.5 Safari/537.36', '929286267e1a1579fd9a348890535770', '82c7e510c1c8ae00fc3f2e8eefbe31ff', '2020-06-17 14:25:52'),
(732, 1, 1592403970, NULL, 1592403970, 2994475834, 'Mozilla/5.0 (X11; Linux x86_64) AppleWebKit/537.36 (KHTML, like Gecko) Chrome/81.0.4044.138 YaBrowser/20.4.3.268 (beta) Yowser/2.5 Safari/537.36', '929286267e1a1579fd9a348890535770', '0802091dea16514598af7c4ab3909fc9', '2020-06-17 14:26:10'),
(733, 1, 1592458806, '2020-06-18 05:49:10', 1592459350, 2994475834, 'Mozilla/5.0 (X11; Linux x86_64) AppleWebKit/537.36 (KHTML, like Gecko) Chrome/81.0.4044.138 YaBrowser/20.4.3.268 (beta) Yowser/2.5 Safari/537.36', '929286267e1a1579fd9a348890535770', '812815c635f289a6954f31e7f64aee88', '2020-06-18 05:40:06'),
(734, 1, 1592916755, NULL, 1592916755, 2994477866, 'Mozilla/5.0 (X11; Linux x86_64) AppleWebKit/537.36 (KHTML, like Gecko) Chrome/81.0.4044.138 YaBrowser/20.4.3.268 (beta) Yowser/2.5 Safari/537.36', '929286267e1a1579fd9a348890535770', '22a56ebb6c2803b243cdf7156d488924', '2020-06-23 12:52:35'),
(735, 1, 1593616319, '2020-07-03 12:39:43', 1593779983, 2956727668, 'Mozilla/5.0 (Linux; arm_64; Android 9; Redmi Note 5) AppleWebKit/537.36 (KHTML, like Gecko) Chrome/81.0.4044.138 YaBrowser/20.6.0.182.00 Mobile Safari', '90e210b27eb20d0fdf3f93585d1ea682', 'TimeOut', '2020-07-01 15:11:59'),
(736, 1, 1594103737, '2020-07-07 08:09:21', 1594109361, 623720089, 'Mozilla/5.0 (X11; Linux x86_64) AppleWebKit/537.36 (KHTML, like Gecko) Chrome/81.0.4044.138 YaBrowser/20.4.3.268 (beta) Yowser/2.5 Safari/537.36', '929286267e1a1579fd9a348890535770', 'f577fa825ab9232d009b63b856419d21', '2020-07-07 06:35:37'),
(737, 4, 1594378880, '2020-07-10 11:18:03', 1594379883, 623720383, 'Mozilla/5.0 (X11; Linux x86_64) AppleWebKit/537.36 (KHTML, like Gecko) Chrome/81.0.4044.138 YaBrowser/20.4.3.268 (beta) Yowser/2.5 Safari/537.36', '929286267e1a1579fd9a348890535770', '5895ad6de43d42ed8b8d70a0ee139ce0', '2020-07-10 11:01:20'),
(738, 5, 1597504810, '2020-08-15 15:20:22', 1597504810, 2956727930, 'Mozilla/5.0 (Linux; Android 9; arm_64; Redmi Note 5) AppleWebKit/537.36 (KHTML, like Gecko) Chrome/83.0.4103.116 YaBrowser/20.7.2.70.00 Mobile Safari/', '5d787f232f6a9ec75852fc13409decd4', 'LogOut', '2020-08-15 15:20:10'),
(739, 1, 1597504828, '2020-08-15 21:24:35', 1597526675, 2956727930, 'Mozilla/5.0 (Linux; Android 9; arm_64; Redmi Note 5) AppleWebKit/537.36 (KHTML, like Gecko) Chrome/83.0.4103.116 YaBrowser/20.7.2.70.00 Mobile Safari/', '5d787f232f6a9ec75852fc13409decd4', 'TimeOut', '2020-08-15 15:20:28'),
(740, 4, 1597751187, '2020-08-18 12:11:52', 1597752712, 2994475610, 'Mozilla/5.0 (X11; Linux x86_64) AppleWebKit/537.36 (KHTML, like Gecko) Chrome/81.0.4044.138 YaBrowser/20.4.3.268 (beta) Yowser/2.5 Safari/537.36', '929286267e1a1579fd9a348890535770', 'LogOut', '2020-08-18 11:46:27'),
(741, 4, 1597760981, NULL, 1597760981, 2994475610, 'Mozilla/5.0 (X11; Linux x86_64) AppleWebKit/537.36 (KHTML, like Gecko) Chrome/81.0.4044.138 YaBrowser/20.4.3.268 (beta) Yowser/2.5 Safari/537.36', '929286267e1a1579fd9a348890535770', 'd03976c66482fb1c8eaee78bf3b63966', '2020-08-18 14:29:41'),
(742, 4, 1599458111, '2020-09-07 12:06:15', 1599480375, 2994478063, 'Mozilla/5.0 (X11; Linux x86_64) AppleWebKit/537.36 (KHTML, like Gecko) Chrome/84.0.4147.86 YaBrowser/20.8.0.864 (beta) Yowser/2.5 Safari/537.36', '15ba1d3463c59ee582fd7bb2d412da7e', 'TimeOut', '2020-09-07 05:55:11'),
(743, 4, 1599480378, NULL, 1599480378, 2994478063, 'Mozilla/5.0 (X11; Linux x86_64) AppleWebKit/537.36 (KHTML, like Gecko) Chrome/84.0.4147.86 YaBrowser/20.8.0.864 (beta) Yowser/2.5 Safari/537.36', '15ba1d3463c59ee582fd7bb2d412da7e', 'e58167366b7eaff8e3aab4da12e49f57', '2020-09-07 12:06:18'),
(744, 1, 1599567387, '2020-09-08 12:26:56', 1599568016, 2994478063, 'Mozilla/5.0 (X11; Linux x86_64) AppleWebKit/537.36 (KHTML, like Gecko) Chrome/81.0.4044.138 YaBrowser/20.4.3.268 (beta) Yowser/2.5 Safari/537.36', '929286267e1a1579fd9a348890535770', 'LogOut', '2020-09-08 12:16:27'),
(745, 8, 1599568025, '2020-09-08 12:27:44', 1599568025, 2994478063, 'Mozilla/5.0 (X11; Linux x86_64) AppleWebKit/537.36 (KHTML, like Gecko) Chrome/81.0.4044.138 YaBrowser/20.4.3.268 (beta) Yowser/2.5 Safari/537.36', '929286267e1a1579fd9a348890535770', 'LogOut', '2020-09-08 12:27:05'),
(746, 8, 1599568073, '2020-09-08 12:29:07', 1599568073, 2994478063, 'Mozilla/5.0 (Linux; Android 6.0; Nexus 5 Build/MRA58N) AppleWebKit/537.36 (KHTML, like Gecko) Chrome/81.0.4044.138 Mobile Safari/537.36', 'da58e84ea0cb55b80a4e3e95c2b4dc94', 'LogOut', '2020-09-08 12:27:53'),
(747, 8, 1599568153, '2020-09-08 13:10:41', 1599570641, 2994478063, 'Mozilla/5.0 (Linux; Android 6.0; Nexus 5 Build/MRA58N) AppleWebKit/537.36 (KHTML, like Gecko) Chrome/81.0.4044.138 Mobile Safari/537.36', 'da58e84ea0cb55b80a4e3e95c2b4dc94', 'TimeOut', '2020-09-08 12:29:13'),
(748, 8, 1599569167, '2020-09-08 13:10:15', 1599570615, 3265186925, 'Mozilla/5.0 (Windows NT 6.3; WOW64) AppleWebKit/537.36 (KHTML, like Gecko) Chrome/84.0.4147.135 Safari/537.36 OPR/70.0.3728.154', '56c2687ac0793a9ae6bf406e35a85e84', '8985b7635fe3af209413263007dc9739', '2020-09-08 12:46:07'),
(749, 1, 1599570649, '2020-09-08 13:39:55', 1599572395, 2994478063, 'Mozilla/5.0 (X11; Linux x86_64) AppleWebKit/537.36 (KHTML, like Gecko) Chrome/81.0.4044.138 YaBrowser/20.4.3.268 (beta) Yowser/2.5 Safari/537.36', '929286267e1a1579fd9a348890535770', 'cebff659168d9ec9472565aea8002c9d', '2020-09-08 13:10:49'),
(750, 4, 1600250752, NULL, 1600250752, 2994476448, 'Mozilla/5.0 (X11; Linux x86_64) AppleWebKit/537.36 (KHTML, like Gecko) Chrome/84.0.4147.86 YaBrowser/20.8.0.864 (beta) Yowser/2.5 Safari/537.36', '15ba1d3463c59ee582fd7bb2d412da7e', '7cb2b38fb4e247de1abcfc959857884b', '2020-09-16 10:05:52'),
(751, 1, 1600255959, '2020-09-16 11:33:16', 1600255959, 2994476448, 'Mozilla/5.0 (X11; Linux x86_64) AppleWebKit/537.36 (KHTML, like Gecko) Chrome/81.0.4044.138 YaBrowser/20.4.3.268 (beta) Yowser/2.5 Safari/537.36', '929286267e1a1579fd9a348890535770', 'LogOut', '2020-09-16 11:32:39'),
(752, 1, 1600858963, '2020-09-24 10:59:05', 1600945145, 623720705, 'Mozilla/5.0 (X11; Linux x86_64) AppleWebKit/537.36 (KHTML, like Gecko) Chrome/81.0.4044.138 YaBrowser/20.4.3.268 (beta) Yowser/2.5 Safari/537.36', '929286267e1a1579fd9a348890535770', 'TimeOut', '2020-09-23 11:02:43'),
(753, 1, 1600945210, '2020-09-24 11:25:51', 1600946751, 623720705, 'Mozilla/5.0 (X11; Linux x86_64) AppleWebKit/537.36 (KHTML, like Gecko) Chrome/81.0.4044.138 YaBrowser/20.4.3.268 (beta) Yowser/2.5 Safari/537.36', '929286267e1a1579fd9a348890535770', 'e36f5999b55ca58b2a86a7deac44ffb0', '2020-09-24 11:00:10'),
(754, 1, 1601361459, '2020-09-29 13:02:23', 1601384543, 2994476071, 'Mozilla/5.0 (X11; Linux x86_64) AppleWebKit/537.36 (KHTML, like Gecko) Chrome/81.0.4044.138 YaBrowser/20.4.3.268 (beta) Yowser/2.5 Safari/537.36', '929286267e1a1579fd9a348890535770', 'TimeOut', '2020-09-29 06:37:39'),
(755, 1, 1601384551, '2020-09-30 12:49:53', 1601470193, 2994476071, 'Mozilla/5.0 (X11; Linux x86_64) AppleWebKit/537.36 (KHTML, like Gecko) Chrome/81.0.4044.138 YaBrowser/20.4.3.268 (beta) Yowser/2.5 Safari/537.36', '929286267e1a1579fd9a348890535770', 'TimeOut', '2020-09-29 13:02:31'),
(756, 1, 1601470201, '2020-09-30 13:08:37', 1601471317, 623721978, 'Mozilla/5.0 (X11; Linux x86_64) AppleWebKit/537.36 (KHTML, like Gecko) Chrome/81.0.4044.138 YaBrowser/20.4.3.268 (beta) Yowser/2.5 Safari/537.36', '929286267e1a1579fd9a348890535770', '60c01db844ef421df6ab2dbe4bf862b0', '2020-09-30 12:50:01'),
(757, 1, 1601533584, '2020-10-01 15:20:35', 1601533584, 2956726846, 'Mozilla/5.0 (Linux; arm_64; Android 9; Redmi Note 5) AppleWebKit/537.36 (KHTML, like Gecko) Chrome/84.0.4147.135 YaBrowser/20.8.3.71.00 Mobile Safari/', 'e8b0f5d4585586c64041df88acbea876', 'TimeOut', '2020-10-01 06:26:24'),
(758, 1, 1601534120, '2020-10-01 08:21:07', 1601540467, 623721978, 'Mozilla/5.0 (X11; Linux x86_64) AppleWebKit/537.36 (KHTML, like Gecko) Chrome/84.0.4147.135 YaBrowser/20.8.3.132 (beta) Yowser/2.5 Safari/537.36', '2e568bde38d926a98967b73aa23f0742', 'TimeOut', '2020-10-01 06:35:20'),
(759, 1, 1601540478, '2020-10-01 08:21:21', 1601540478, 623721978, 'Mozilla/5.0 (X11; Linux x86_64) AppleWebKit/537.36 (KHTML, like Gecko) Chrome/84.0.4147.135 YaBrowser/20.8.3.132 (beta) Yowser/2.5 Safari/537.36', '2e568bde38d926a98967b73aa23f0742', 'LogOut', '2020-10-01 08:21:18'),
(760, 7, 1601540495, '2020-10-01 08:21:38', 1601540495, 623721978, 'Mozilla/5.0 (X11; Linux x86_64) AppleWebKit/537.36 (KHTML, like Gecko) Chrome/84.0.4147.135 YaBrowser/20.8.3.132 (beta) Yowser/2.5 Safari/537.36', '2e568bde38d926a98967b73aa23f0742', 'LogOut', '2020-10-01 08:21:35'),
(761, 1, 1601540507, '2020-10-01 13:27:38', 1601558858, 623721978, 'Mozilla/5.0 (X11; Linux x86_64) AppleWebKit/537.36 (KHTML, like Gecko) Chrome/84.0.4147.135 YaBrowser/20.8.3.132 (beta) Yowser/2.5 Safari/537.36', '2e568bde38d926a98967b73aa23f0742', 'TimeOut', '2020-10-01 08:21:47'),
(762, 1, 1601558864, '2020-10-01 14:10:22', 1601561422, 2994479039, 'Mozilla/5.0 (X11; Linux x86_64) AppleWebKit/537.36 (KHTML, like Gecko) Chrome/84.0.4147.135 YaBrowser/20.8.3.132 (beta) Yowser/2.5 Safari/537.36', '2e568bde38d926a98967b73aa23f0742', 'c1869a775b04e7229aba0bb90a047a60', '2020-10-01 13:27:44'),
(763, 1, 1601984728, '2020-11-06 06:29:57', 1601984728, 2956723218, 'Mozilla/5.0 (Linux; arm_64; Android 9; Redmi Note 5) AppleWebKit/537.36 (KHTML, like Gecko) Chrome/84.0.4147.135 YaBrowser/20.8.4.75.00 Mobile Safari/', 'b4b12089c870ad662df7443c29b98ced', 'TimeOut', '2020-10-06 11:45:28'),
(764, 1, 1602062966, '2020-10-07 10:53:46', 1602068026, 2994478147, 'Mozilla/5.0 (X11; Linux x86_64) AppleWebKit/537.36 (KHTML, like Gecko) Chrome/84.0.4147.135 YaBrowser/20.8.3.132 (beta) Yowser/2.5 Safari/537.36', '2e568bde38d926a98967b73aa23f0742', 'TimeOut', '2020-10-07 09:29:26'),
(765, 1, 1602068032, '2020-10-08 07:48:47', 1602143327, 2994478147, 'Mozilla/5.0 (X11; Linux x86_64) AppleWebKit/537.36 (KHTML, like Gecko) Chrome/84.0.4147.135 YaBrowser/20.8.3.132 (beta) Yowser/2.5 Safari/537.36', '2e568bde38d926a98967b73aa23f0742', 'TimeOut', '2020-10-07 10:53:52'),
(766, 1, 1602143332, NULL, 1602143332, 2994478147, 'Mozilla/5.0 (X11; Linux x86_64) AppleWebKit/537.36 (KHTML, like Gecko) Chrome/84.0.4147.135 YaBrowser/20.8.3.132 (beta) Yowser/2.5 Safari/537.36', '2e568bde38d926a98967b73aa23f0742', 'b3113ca0ca7c455044dc1ca003a03bc1', '2020-10-08 07:48:52'),
(767, 1, 1602242472, '2020-10-09 12:33:33', 1602246813, 623720894, 'Mozilla/5.0 (X11; Linux x86_64) AppleWebKit/537.36 (KHTML, like Gecko) Chrome/84.0.4147.135 YaBrowser/20.8.3.132 (beta) Yowser/2.5 Safari/537.36', '2e568bde38d926a98967b73aa23f0742', 'TimeOut', '2020-10-09 11:21:12'),
(768, 1, 1602246818, NULL, 1602246818, 623720894, 'Mozilla/5.0 (X11; Linux x86_64) AppleWebKit/537.36 (KHTML, like Gecko) Chrome/84.0.4147.135 YaBrowser/20.8.3.132 (beta) Yowser/2.5 Safari/537.36', '2e568bde38d926a98967b73aa23f0742', '059d2cbbefa7628b74916ffab3205e0e', '2020-10-09 12:33:38'),
(769, 1, 1602660697, '2020-10-14 11:07:50', 1602673670, 2994476788, 'Mozilla/5.0 (X11; Linux x86_64) AppleWebKit/537.36 (KHTML, like Gecko) Chrome/84.0.4147.135 YaBrowser/20.8.3.132 (beta) Yowser/2.5 Safari/537.36', '2e568bde38d926a98967b73aa23f0742', 'TimeOut', '2020-10-14 07:31:37'),
(770, 1, 1602673673, '2020-10-14 13:04:39', 1602680679, 2994476788, 'Mozilla/5.0 (X11; Linux x86_64) AppleWebKit/537.36 (KHTML, like Gecko) Chrome/84.0.4147.135 YaBrowser/20.8.3.132 (beta) Yowser/2.5 Safari/537.36', '2e568bde38d926a98967b73aa23f0742', 'a0624d28e133ecbb37d6f5accd27ec15', '2020-10-14 11:07:53'),
(771, 4, 1603280857, '2020-10-21 11:54:26', 1603281266, 623718900, 'Mozilla/5.0 (X11; Linux x86_64) AppleWebKit/537.36 (KHTML, like Gecko) Chrome/84.0.4147.135 YaBrowser/20.8.3.361 (beta) Yowser/2.5 Safari/537.36', '198eb0e92ec2eb9e14d7b485ba5fe731', 'e6aaa42fa6c03db48c8766c9a8ab41a3', '2020-10-21 11:47:37'),
(772, 1, 1603288822, NULL, 1603288822, 623720283, 'Mozilla/5.0 (X11; Linux x86_64) AppleWebKit/537.36 (KHTML, like Gecko) Chrome/84.0.4147.135 YaBrowser/20.8.3.132 (beta) Yowser/2.5 Safari/537.36', '2e568bde38d926a98967b73aa23f0742', '75a68b423377ed634adab8a30f7445b4', '2020-10-21 14:00:22'),
(773, 1, 1604644249, '2020-11-06 08:15:10', 1604650510, 2956722534, 'Mozilla/5.0 (Linux; arm_64; Android 9; Redmi Note 5) AppleWebKit/537.36 (KHTML, like Gecko) Chrome/85.0.4183.127 YaBrowser/20.9.2.95.00 Mobile Safari/', 'd270fe10ff8f4a69b1a9dec7c0ec9b6b', 'TimeOut', '2020-11-06 06:30:49'),
(774, 1, 1604997043, '2020-11-15 16:10:13', 1605456613, 2956722184, 'Mozilla/5.0 (Linux; arm_64; Android 9; Redmi Note 5) AppleWebKit/537.36 (KHTML, like Gecko) Chrome/85.0.4183.127 YaBrowser/20.9.2.95.00 Mobile Safari/', 'd270fe10ff8f4a69b1a9dec7c0ec9b6b', 'TimeOut', '2020-11-10 08:30:43'),
(775, 1, 1606734108, NULL, 1606734108, 623720681, 'Mozilla/5.0 (X11; Linux x86_64) AppleWebKit/537.36 (KHTML, like Gecko) Chrome/84.0.4147.135 YaBrowser/20.8.3.132 (beta) Yowser/2.5 Safari/537.36', '2e568bde38d926a98967b73aa23f0742', '4dda9a0c0ce6c00224f963150c9d94f2', '2020-11-30 11:01:48'),
(776, 7, 1607285609, NULL, 1607285609, 2994223112, 'Mozilla/5.0 (X11; Linux x86_64) AppleWebKit/537.36 (KHTML, like Gecko) Chrome/81.0.4044.138 YaBrowser/20.4.3.268 (beta) Yowser/2.5 Safari/537.36', '929286267e1a1579fd9a348890535770', '8eaa3d526407b5577a5ed41dceb6918b', '2020-12-06 20:13:29'),
(777, 1, 1608300371, NULL, 1608300371, 623719858, 'Mozilla/5.0 (X11; Linux x86_64) AppleWebKit/537.36 (KHTML, like Gecko) Chrome/84.0.4147.135 YaBrowser/20.8.3.132 (beta) Yowser/2.5 Safari/537.36', '2e568bde38d926a98967b73aa23f0742', '1aef599aeaf454f53a811f9bd447b046', '2020-12-18 14:06:11'),
(778, 1, 1609855826, NULL, 1609855826, 623719113, 'Mozilla/5.0 (X11; Linux x86_64) AppleWebKit/537.36 (KHTML, like Gecko) Chrome/84.0.4147.135 YaBrowser/20.8.3.132 (beta) Yowser/2.5 Safari/537.36', '2e568bde38d926a98967b73aa23f0742', '1b33552557970b3db6e879ff0f740a36', '2021-01-05 14:10:26'),
(779, 1, 1609914170, '2021-01-06 09:27:35', 1609925255, 623719113, 'Mozilla/5.0 (X11; Linux x86_64) AppleWebKit/537.36 (KHTML, like Gecko) Chrome/87.0.4280.66 Safari/537.36', '915fe5f49a696a6a12f1f7d93c029921', 'TimeOut', '2021-01-06 06:22:50'),
(780, 1, 1609925269, '2021-01-06 11:42:11', 1609933331, 623719113, 'Mozilla/5.0 (X11; Linux x86_64) AppleWebKit/537.36 (KHTML, like Gecko) Chrome/87.0.4280.66 Safari/537.36', '915fe5f49a696a6a12f1f7d93c029921', 'TimeOut', '2021-01-06 09:27:49'),
(781, 1, 1609933340, '2021-01-06 11:53:14', 1609933994, 623719113, 'Mozilla/5.0 (X11; Linux x86_64) AppleWebKit/537.36 (KHTML, like Gecko) Chrome/87.0.4280.66 Safari/537.36', '915fe5f49a696a6a12f1f7d93c029921', '8994c7bb1761d898ab2cb08f39b04f32', '2021-01-06 11:42:20'),
(782, 1, 1610442697, NULL, 1610442697, 623719739, 'Mozilla/5.0 (X11; Linux x86_64) AppleWebKit/537.36 (KHTML, like Gecko) Chrome/84.0.4147.135 YaBrowser/20.8.3.132 (beta) Yowser/2.5 Safari/537.36', '2e568bde38d926a98967b73aa23f0742', '1c8d0a50fa26874a7431588e5d133343', '2021-01-12 09:11:37'),
(783, 1, 1610526955, '2021-01-13 10:23:30', 1610533410, 623719739, 'Mozilla/5.0 (X11; Linux x86_64) AppleWebKit/537.36 (KHTML, like Gecko) Chrome/84.0.4147.135 YaBrowser/20.8.3.132 (beta) Yowser/2.5 Safari/537.36', '2e568bde38d926a98967b73aa23f0742', 'TimeOut', '2021-01-13 08:35:55'),
(784, 1, 1610533417, '2021-01-13 11:19:53', 1610536793, 623719739, 'Mozilla/5.0 (X11; Linux x86_64) AppleWebKit/537.36 (KHTML, like Gecko) Chrome/84.0.4147.135 YaBrowser/20.8.3.132 (beta) Yowser/2.5 Safari/537.36', '2e568bde38d926a98967b73aa23f0742', 'TimeOut', '2021-01-13 10:23:37'),
(785, 1, 1610537199, NULL, 1610537199, 623719739, 'Mozilla/5.0 (X11; Linux x86_64) AppleWebKit/537.36 (KHTML, like Gecko) Chrome/84.0.4147.135 YaBrowser/20.8.3.132 (beta) Yowser/2.5 Safari/537.36', '2e568bde38d926a98967b73aa23f0742', 'cc85bcdc69cf1a4ffb940d1b1ab6f995', '2021-01-13 11:26:39'),
(786, 1, 1610799311, '2021-01-16 12:20:14', 1610799614, 623721490, 'Mozilla/5.0 (X11; Linux x86_64) AppleWebKit/537.36 (KHTML, like Gecko) Chrome/84.0.4147.135 YaBrowser/20.8.3.132 (beta) Yowser/2.5 Safari/537.36', '2e568bde38d926a98967b73aa23f0742', '69192e5093545d0a65be1fd6d61dd559', '2021-01-16 12:15:11'),
(787, 1, 1611639459, NULL, 1611639459, 2994477378, 'Mozilla/5.0 (X11; Linux x86_64) AppleWebKit/537.36 (KHTML, like Gecko) Chrome/85.0.4183.102 YaBrowser/20.9.3.189 (beta) Yowser/2.5 Safari/537.36', '4c00ffaffc565becd9f0cfe55f68600e', '839ea8eb83e3c016d1b3dc6198409c53', '2021-01-26 05:37:39'),
(788, 1, 1612446749, '2021-02-04 14:01:30', 1612447290, 2994475707, 'Mozilla/5.0 (X11; Linux x86_64) AppleWebKit/537.36 (KHTML, like Gecko) Chrome/86.0.4240.198 YaBrowser/20.11.3.268 (beta) Yowser/2.5 Safari/537.36', '700e762c5b7655651b950826547b26cd', 'f01ff5ee80ba029ffe513218d1384c75', '2021-02-04 13:52:29'),
(789, 4, 1613647452, '2021-02-18 11:33:23', 1613648003, 623718965, 'Mozilla/5.0 (X11; Linux x86_64) AppleWebKit/537.36 (KHTML, like Gecko) Chrome/86.0.4240.198 YaBrowser/20.11.3.268 (beta) Yowser/2.5 Safari/537.36', '700e762c5b7655651b950826547b26cd', '88f86dca96ccf6e499df24606568ad34', '2021-02-18 11:24:12'),
(790, 1, 1614283918, NULL, 1614283918, 623714855, 'Mozilla/5.0 (X11; Linux x86_64) AppleWebKit/537.36 (KHTML, like Gecko) Chrome/85.0.4183.102 YaBrowser/20.9.3.189 (beta) Yowser/2.5 Safari/537.36', '4c00ffaffc565becd9f0cfe55f68600e', '6b6323b230f722f3fa7d346bbc0bed87', '2021-02-25 20:11:58'),
(791, 1, 1614857727, NULL, 1614857727, 2994477421, 'Mozilla/5.0 (X11; Linux x86_64) AppleWebKit/537.36 (KHTML, like Gecko) Chrome/86.0.4240.198 YaBrowser/20.11.3.268 (beta) Yowser/2.5 Safari/537.36', '700e762c5b7655651b950826547b26cd', '35403865be5199c0e8076861176eb389', '2021-03-04 11:35:27'),
(792, 1, 1616157266, NULL, 1616157266, 2994477101, 'Mozilla/5.0 (X11; Linux x86_64) AppleWebKit/537.36 (KHTML, like Gecko) Chrome/86.0.4240.198 YaBrowser/20.11.3.268 (beta) Yowser/2.5 Safari/537.36', '700e762c5b7655651b950826547b26cd', '833e1120397f2a441a2dde81de562d20', '2021-03-19 12:34:26'),
(793, 1, 1618293296, '2021-04-13 07:13:11', 1618297991, 623720827, 'Mozilla/5.0 (X11; Linux x86_64) AppleWebKit/537.36 (KHTML, like Gecko) Chrome/88.0.4324.111 YaBrowser/21.2.1.94 (beta) Yowser/2.5 Safari/537.36', '7fc94d7af4a0770c321c4e4b8749ad40', 'TimeOut', '2021-04-13 05:54:56'),
(794, 1, 1618298152, '2021-04-13 09:09:39', 1618304979, 623720827, 'Mozilla/5.0 (X11; Linux x86_64) AppleWebKit/537.36 (KHTML, like Gecko) Chrome/88.0.4324.111 YaBrowser/21.2.1.94 (beta) Yowser/2.5 Safari/537.36', '7fc94d7af4a0770c321c4e4b8749ad40', 'TimeOut', '2021-04-13 07:15:52'),
(795, 1, 1618304984, '2021-04-13 11:12:26', 1618312346, 623721701, 'Mozilla/5.0 (X11; Linux x86_64) AppleWebKit/537.36 (KHTML, like Gecko) Chrome/88.0.4324.111 YaBrowser/21.2.1.94 (beta) Yowser/2.5 Safari/537.36', '7fc94d7af4a0770c321c4e4b8749ad40', 'TimeOut', '2021-04-13 09:09:44'),
(796, 1, 1618316951, '2021-04-13 13:20:51', 1618320051, 623721701, 'Mozilla/5.0 (X11; Linux x86_64) AppleWebKit/537.36 (KHTML, like Gecko) Chrome/88.0.4324.111 YaBrowser/21.2.1.94 (beta) Yowser/2.5 Safari/537.36', '7fc94d7af4a0770c321c4e4b8749ad40', 'TimeOut', '2021-04-13 12:29:11'),
(797, 1, 1618381011, '2021-04-14 07:15:54', 1618384554, 623721701, 'Mozilla/5.0 (X11; Linux x86_64) AppleWebKit/537.36 (KHTML, like Gecko) Chrome/88.0.4324.111 YaBrowser/21.2.1.94 (beta) Yowser/2.5 Safari/537.36', '7fc94d7af4a0770c321c4e4b8749ad40', 'a11adf5795064c7c4940791ac6a57d08', '2021-04-14 06:16:51'),
(798, 1, 1618825793, '2021-04-19 10:43:21', 1618829001, 623720996, 'Mozilla/5.0 (X11; Linux x86_64) AppleWebKit/537.36 (KHTML, like Gecko) Chrome/88.0.4324.111 YaBrowser/21.2.1.94 (beta) Yowser/2.5 Safari/537.36', '7fc94d7af4a0770c321c4e4b8749ad40', '5e15322f1a479aec4d87ee8ffaeea6c3', '2021-04-19 09:49:53'),
(799, 1, 1619347727, NULL, 1619347727, 623711591, 'Mozilla/5.0 (X11; Linux x86_64) AppleWebKit/537.36 (KHTML, like Gecko) Chrome/88.0.4324.111 YaBrowser/21.2.1.94 (beta) Yowser/2.5 Safari/537.36', '7fc94d7af4a0770c321c4e4b8749ad40', 'bab6802f038907273da1039804160611', '2021-04-25 10:48:47'),
(800, 1, 1619438995, '2021-04-26 12:15:37', 1619439337, 623720276, 'Mozilla/5.0 (X11; Linux x86_64) AppleWebKit/537.36 (KHTML, like Gecko) Chrome/88.0.4324.111 YaBrowser/21.2.1.94 (beta) Yowser/2.5 Safari/537.36', '7fc94d7af4a0770c321c4e4b8749ad40', '8f1ddc5bf86ad258a0a4ba7fc522bff6', '2021-04-26 12:09:55'),
(801, 1, 1620031553, '2021-05-03 08:57:09', 1620032229, 623721963, 'Mozilla/5.0 (X11; Linux x86_64) AppleWebKit/537.36 (KHTML, like Gecko) Chrome/88.0.4324.111 YaBrowser/21.2.1.94 (beta) Yowser/2.5 Safari/537.36', '7fc94d7af4a0770c321c4e4b8749ad40', 'fbd3bf8e52562f794a2cc1cd5acaf1ca', '2021-05-03 08:45:53'),
(802, 1, 1620240226, NULL, 1620240226, 2994347133, 'Mozilla/5.0 (X11; Linux x86_64) AppleWebKit/537.36 (KHTML, like Gecko) Chrome/88.0.4324.111 YaBrowser/21.2.1.94 (beta) Yowser/2.5 Safari/537.36', '7fc94d7af4a0770c321c4e4b8749ad40', '57bb3aa523cb6d0dc76aeba41a8301dc', '2021-05-05 18:43:46'),
(803, 4, 1622184074, NULL, 1622184074, 623720656, 'Mozilla/5.0 (X11; Linux x86_64) AppleWebKit/537.36 (KHTML, like Gecko) Chrome/89.0.4389.105 YaBrowser/21.3.3.1195 (beta) Yowser/2.5 Safari/537.36', 'f9410eec58b72b1ca8485434ec325d1e', '38d3b678819fb663dcd45d58c468be9b', '2021-05-28 06:41:14'),
(804, 1, 1622625699, '2021-06-02 09:29:21', 1622626161, 2994477256, 'Mozilla/5.0 (X11; Linux x86_64) AppleWebKit/537.36 (KHTML, like Gecko) Chrome/88.0.4324.111 YaBrowser/21.2.1.94 (beta) Yowser/2.5 Safari/537.36', '7fc94d7af4a0770c321c4e4b8749ad40', '1b6a5ca7e291460fa642a012d0885801', '2021-06-02 09:21:39'),
(805, 1, 1622807477, '2021-06-04 13:10:51', 1622812251, 2994477256, 'Mozilla/5.0 (X11; Linux x86_64) AppleWebKit/537.36 (KHTML, like Gecko) Chrome/88.0.4324.111 YaBrowser/21.2.1.94 (beta) Yowser/2.5 Safari/537.36', '7fc94d7af4a0770c321c4e4b8749ad40', 'TimeOut', '2021-06-04 11:51:17'),
(806, 1, 1622812255, NULL, 1622812255, 2994477256, 'Mozilla/5.0 (X11; Linux x86_64) AppleWebKit/537.36 (KHTML, like Gecko) Chrome/88.0.4324.111 YaBrowser/21.2.1.94 (beta) Yowser/2.5 Safari/537.36', '7fc94d7af4a0770c321c4e4b8749ad40', '475ddffa579cced45b89ca84511b78d1', '2021-06-04 13:10:55'),
(807, 1, 1623738191, '2021-06-15 12:27:30', 1623760050, 623719372, 'Mozilla/5.0 (X11; Linux x86_64) AppleWebKit/537.36 (KHTML, like Gecko) Chrome/88.0.4324.111 YaBrowser/21.2.1.94 (beta) Yowser/2.5 Safari/537.36', '7fc94d7af4a0770c321c4e4b8749ad40', 'TimeOut', '2021-06-15 06:23:11'),
(808, 1, 1623830159, '2021-06-16 09:10:04', 1623834604, 3265186925, 'Mozilla/5.0 (X11; Linux x86_64) AppleWebKit/537.36 (KHTML, like Gecko) Chrome/88.0.4324.111 YaBrowser/21.2.1.94 (beta) Yowser/2.5 Safari/537.36', '7fc94d7af4a0770c321c4e4b8749ad40', 'TimeOut', '2021-06-16 07:55:59'),
(809, 1, 1623834611, NULL, 1623834611, 3265186925, 'Mozilla/5.0 (X11; Linux x86_64) AppleWebKit/537.36 (KHTML, like Gecko) Chrome/88.0.4324.111 YaBrowser/21.2.1.94 (beta) Yowser/2.5 Safari/537.36', '7fc94d7af4a0770c321c4e4b8749ad40', 'd4b39c73fdac16413266e6f81db0b584', '2021-06-16 09:10:11'),
(810, 4, 1623853050, NULL, 1623853050, 2994473383, 'Mozilla/5.0 (X11; Linux x86_64) AppleWebKit/537.36 (KHTML, like Gecko) Chrome/89.0.4389.105 YaBrowser/21.3.3.1195 (beta) Yowser/2.5 Safari/537.36', 'f9410eec58b72b1ca8485434ec325d1e', 'b45c3a8fa4b70c2e04e955a20d0f49c1', '2021-06-16 14:17:30'),
(811, 1, 1624535577, NULL, 1624535577, 2994472103, 'Mozilla/5.0 (X11; Linux x86_64) AppleWebKit/537.36 (KHTML, like Gecko) Chrome/88.0.4324.111 YaBrowser/21.2.1.94 (beta) Yowser/2.5 Safari/537.36', '7fc94d7af4a0770c321c4e4b8749ad40', '612f14d682a5cccb34cc62d9f8468107', '2021-06-24 11:52:57'),
(812, 1, 1624552635, NULL, 1624552635, 2994245244, 'Mozilla/5.0 (X11; Linux x86_64) AppleWebKit/537.36 (KHTML, like Gecko) Chrome/88.0.4324.111 YaBrowser/21.2.1.94 (beta) Yowser/2.5 Safari/537.36', '7fc94d7af4a0770c321c4e4b8749ad40', 'cea7cd67b825dabc9589ebb71ad79f9a', '2021-06-24 16:37:15'),
(813, 1, 1625118332, NULL, 1625118332, 2994472607, 'Mozilla/5.0 (X11; Linux x86_64) AppleWebKit/537.36 (KHTML, like Gecko) Chrome/88.0.4324.111 YaBrowser/21.2.1.94 (beta) Yowser/2.5 Safari/537.36', '7fc94d7af4a0770c321c4e4b8749ad40', 'da2e63d6f1770bcf6230ad5913bb2bdf', '2021-07-01 05:45:32'),
(814, 1, 1625561871, '2021-07-06 11:34:35', 1625571275, 2994476718, 'Mozilla/5.0 (X11; Linux x86_64) AppleWebKit/537.36 (KHTML, like Gecko) Chrome/88.0.4324.111 YaBrowser/21.2.1.94 (beta) Yowser/2.5 Safari/537.36', '7fc94d7af4a0770c321c4e4b8749ad40', 'TimeOut', '2021-07-06 08:57:51'),
(815, 1, 1625571284, '2021-07-06 14:06:46', 1625580406, 2994476718, 'Mozilla/5.0 (X11; Linux x86_64) AppleWebKit/537.36 (KHTML, like Gecko) Chrome/88.0.4324.111 YaBrowser/21.2.1.94 (beta) Yowser/2.5 Safari/537.36', '7fc94d7af4a0770c321c4e4b8749ad40', 'TimeOut', '2021-07-06 11:34:44'),
(816, 1, 1625580412, '2021-07-07 05:59:45', 1625637585, 2994476718, 'Mozilla/5.0 (X11; Linux x86_64) AppleWebKit/537.36 (KHTML, like Gecko) Chrome/88.0.4324.111 YaBrowser/21.2.1.94 (beta) Yowser/2.5 Safari/537.36', '7fc94d7af4a0770c321c4e4b8749ad40', 'TimeOut', '2021-07-06 14:06:52'),
(817, 1, 1625637588, '2021-07-07 09:32:44', 1625650364, 2994476718, 'Mozilla/5.0 (X11; Linux x86_64) AppleWebKit/537.36 (KHTML, like Gecko) Chrome/88.0.4324.111 YaBrowser/21.2.1.94 (beta) Yowser/2.5 Safari/537.36', '7fc94d7af4a0770c321c4e4b8749ad40', 'TimeOut', '2021-07-07 05:59:48'),
(818, 1, 1625650369, '2021-07-09 10:44:30', 1625827470, 2994476718, 'Mozilla/5.0 (X11; Linux x86_64) AppleWebKit/537.36 (KHTML, like Gecko) Chrome/88.0.4324.111 YaBrowser/21.2.1.94 (beta) Yowser/2.5 Safari/537.36', '7fc94d7af4a0770c321c4e4b8749ad40', 'TimeOut', '2021-07-07 09:32:49'),
(819, 1, 1625827480, NULL, 1625827480, 2994476718, 'Mozilla/5.0 (X11; Linux x86_64) AppleWebKit/537.36 (KHTML, like Gecko) Chrome/88.0.4324.111 YaBrowser/21.2.1.94 (beta) Yowser/2.5 Safari/537.36', '7fc94d7af4a0770c321c4e4b8749ad40', '29bf5d0f25c7780e0c8835dd75308f15', '2021-07-09 10:44:40'),
(820, 1, 1625852597, NULL, 1625852597, 634772062, 'Mozilla/5.0 (X11; Linux x86_64) AppleWebKit/537.36 (KHTML, like Gecko) Chrome/88.0.4324.111 YaBrowser/21.2.1.94 (beta) Yowser/2.5 Safari/537.36', '7fc94d7af4a0770c321c4e4b8749ad40', '15f885fbfecb95d7e2116b062e708719', '2021-07-09 17:43:17');

-- --------------------------------------------------------

--
-- Table structure for table `cisco_users_role`
--
-- Creation: Dec 25, 2019 at 09:42 AM
--

DROP TABLE IF EXISTS `cisco_users_role`;
CREATE TABLE `cisco_users_role` (
  `id` int(11) NOT NULL,
  `role` varchar(50) NOT NULL,
  `alias_name` varchar(100) NOT NULL
) ENGINE=InnoDB DEFAULT CHARSET=utf8;

--
-- Dumping data for table `cisco_users_role`
--

INSERT INTO `cisco_users_role` (`id`, `role`, `alias_name`) VALUES
(1, 'admin', 'Администратор'),
(2, 'moderator', 'Модератор'),
(3, 'user', 'Пользователь');

-- --------------------------------------------------------

--
-- Table structure for table `cisco_views_menu_data`
--
-- Creation: Dec 25, 2019 at 09:42 AM
--

DROP TABLE IF EXISTS `cisco_views_menu_data`;
CREATE TABLE `cisco_views_menu_data` (
  `id` int(11) NOT NULL,
  `title` varchar(50) NOT NULL,
  `alias` varchar(50) NOT NULL,
  `description` varchar(50) NOT NULL,
  `position` int(11) NOT NULL,
  `class` varchar(200) NOT NULL
) ENGINE=InnoDB DEFAULT CHARSET=utf8;

--
-- Dumping data for table `cisco_views_menu_data`
--

INSERT INTO `cisco_views_menu_data` (`id`, `title`, `alias`, `description`, `position`, `class`) VALUES
(2, 'Добавить wifi точку', 'add_point', 'Добавление новой точки в систему', 20, 'icon-plus-circle icon-position-right'),
(3, 'Точки wifi', 'points', 'Список точек wifi', 40, 'icon-podcast icon-position-left'),
(4, 'Карта', 'points_maps', 'Карта всех точек Cisco', 60, 'icon-pushpin3'),
(5, 'Поиск', 'search', 'Поиск по БД', 80, 'icon-spinner9'),
(6, 'Организации', 'bussiness', 'Заказчики точек wifi', 50, 'icon-library3');

-- --------------------------------------------------------

--
-- Table structure for table `cisco_views_role_menu`
--
-- Creation: Dec 25, 2019 at 09:42 AM
--

DROP TABLE IF EXISTS `cisco_views_role_menu`;
CREATE TABLE `cisco_views_role_menu` (
  `id` int(11) NOT NULL,
  `id_role` int(11) NOT NULL,
  `id_menu` int(11) DEFAULT NULL
) ENGINE=InnoDB DEFAULT CHARSET=utf8;

--
-- Dumping data for table `cisco_views_role_menu`
--

INSERT INTO `cisco_views_role_menu` (`id`, `id_role`, `id_menu`) VALUES
(1, 1, 2),
(5, 2, 2),
(6, 1, 3),
(7, 2, 3),
(8, 3, 3),
(9, 1, 4),
(10, 1, 5),
(11, 2, 5),
(12, 1, 6),
(13, 2, 6),
(14, 2, 4),
(15, 3, 4),
(16, 3, 3),
(17, 3, 6),
(18, 3, 5);

--
-- Indexes for dumped tables
--

--
-- Indexes for table `cisco_auth_error`
--
ALTER TABLE `cisco_auth_error`
  ADD PRIMARY KEY (`id`);

--
-- Indexes for table `cisco_business`
--
ALTER TABLE `cisco_business`
  ADD PRIMARY KEY (`id`);

--
-- Indexes for table `cisco_permissions`
--
ALTER TABLE `cisco_permissions`
  ADD PRIMARY KEY (`id`);

--
-- Indexes for table `cisco_points_model`
--
ALTER TABLE `cisco_points_model`
  ADD PRIMARY KEY (`id`);

--
-- Indexes for table `cisco_point_address`
--
ALTER TABLE `cisco_point_address`
  ADD PRIMARY KEY (`id`);

--
-- Indexes for table `cisco_point_data`
--
ALTER TABLE `cisco_point_data`
  ADD PRIMARY KEY (`id`),
  ADD KEY `id_address` (`id_address`),
  ADD KEY `id_business` (`id_business`),
  ADD KEY `id_ssid` (`id_ssid`),
  ADD KEY `id_model` (`id_model`);

--
-- Indexes for table `cisco_point_speed`
--
ALTER TABLE `cisco_point_speed`
  ADD PRIMARY KEY (`id`);

--
-- Indexes for table `cisco_point_ssid`
--
ALTER TABLE `cisco_point_ssid`
  ADD PRIMARY KEY (`id`);

--
-- Indexes for table `cisco_role_permissions`
--
ALTER TABLE `cisco_role_permissions`
  ADD PRIMARY KEY (`id`),
  ADD KEY `cisco_role_permissions_ibfk_1` (`id_role`),
  ADD KEY `cisco_role_permissions_ibfk_2` (`id_permissions`);

--
-- Indexes for table `cisco_users`
--
ALTER TABLE `cisco_users`
  ADD PRIMARY KEY (`id`),
  ADD KEY `id_role` (`id_role`);

--
-- Indexes for table `cisco_users_data`
--
ALTER TABLE `cisco_users_data`
  ADD PRIMARY KEY (`id`),
  ADD KEY `id_users` (`id_users`);

--
-- Indexes for table `cisco_users_data_auth`
--
ALTER TABLE `cisco_users_data_auth`
  ADD PRIMARY KEY (`id_session`);

--
-- Indexes for table `cisco_users_log_data`
--
ALTER TABLE `cisco_users_log_data`
  ADD PRIMARY KEY (`id`);

--
-- Indexes for table `cisco_users_role`
--
ALTER TABLE `cisco_users_role`
  ADD PRIMARY KEY (`id`);

--
-- Indexes for table `cisco_views_menu_data`
--
ALTER TABLE `cisco_views_menu_data`
  ADD PRIMARY KEY (`id`);

--
-- Indexes for table `cisco_views_role_menu`
--
ALTER TABLE `cisco_views_role_menu`
  ADD PRIMARY KEY (`id`),
  ADD KEY `id_role` (`id_role`),
  ADD KEY `id_menu` (`id_menu`);

--
-- AUTO_INCREMENT for dumped tables
--

--
-- AUTO_INCREMENT for table `cisco_auth_error`
--
ALTER TABLE `cisco_auth_error`
  MODIFY `id` int(11) NOT NULL AUTO_INCREMENT, AUTO_INCREMENT=32;

--
-- AUTO_INCREMENT for table `cisco_business`
--
ALTER TABLE `cisco_business`
  MODIFY `id` int(11) NOT NULL AUTO_INCREMENT, AUTO_INCREMENT=177;

--
-- AUTO_INCREMENT for table `cisco_permissions`
--
ALTER TABLE `cisco_permissions`
  MODIFY `id` int(11) NOT NULL AUTO_INCREMENT, AUTO_INCREMENT=9;

--
-- AUTO_INCREMENT for table `cisco_points_model`
--
ALTER TABLE `cisco_points_model`
  MODIFY `id` int(11) NOT NULL AUTO_INCREMENT, AUTO_INCREMENT=7;

--
-- AUTO_INCREMENT for table `cisco_point_address`
--
ALTER TABLE `cisco_point_address`
  MODIFY `id` int(11) NOT NULL AUTO_INCREMENT, AUTO_INCREMENT=235;

--
-- AUTO_INCREMENT for table `cisco_point_data`
--
ALTER TABLE `cisco_point_data`
  MODIFY `id` int(11) NOT NULL AUTO_INCREMENT, AUTO_INCREMENT=478;

--
-- AUTO_INCREMENT for table `cisco_point_speed`
--
ALTER TABLE `cisco_point_speed`
  MODIFY `id` int(11) NOT NULL AUTO_INCREMENT, AUTO_INCREMENT=17;

--
-- AUTO_INCREMENT for table `cisco_point_ssid`
--
ALTER TABLE `cisco_point_ssid`
  MODIFY `id` int(11) NOT NULL AUTO_INCREMENT, AUTO_INCREMENT=128;

--
-- AUTO_INCREMENT for table `cisco_role_permissions`
--
ALTER TABLE `cisco_role_permissions`
  MODIFY `id` int(11) NOT NULL AUTO_INCREMENT, AUTO_INCREMENT=43;

--
-- AUTO_INCREMENT for table `cisco_users`
--
ALTER TABLE `cisco_users`
  MODIFY `id` int(11) NOT NULL AUTO_INCREMENT, AUTO_INCREMENT=9;

--
-- AUTO_INCREMENT for table `cisco_users_data`
--
ALTER TABLE `cisco_users_data`
  MODIFY `id` int(11) NOT NULL AUTO_INCREMENT, AUTO_INCREMENT=9;

--
-- AUTO_INCREMENT for table `cisco_users_log_data`
--
ALTER TABLE `cisco_users_log_data`
  MODIFY `id` int(11) NOT NULL AUTO_INCREMENT, AUTO_INCREMENT=821;

--
-- AUTO_INCREMENT for table `cisco_users_role`
--
ALTER TABLE `cisco_users_role`
  MODIFY `id` int(11) NOT NULL AUTO_INCREMENT, AUTO_INCREMENT=4;

--
-- AUTO_INCREMENT for table `cisco_views_menu_data`
--
ALTER TABLE `cisco_views_menu_data`
  MODIFY `id` int(11) NOT NULL AUTO_INCREMENT, AUTO_INCREMENT=7;

--
-- AUTO_INCREMENT for table `cisco_views_role_menu`
--
ALTER TABLE `cisco_views_role_menu`
  MODIFY `id` int(11) NOT NULL AUTO_INCREMENT, AUTO_INCREMENT=19;

--
-- Constraints for dumped tables
--

--
-- Constraints for table `cisco_point_data`
--
ALTER TABLE `cisco_point_data`
  ADD CONSTRAINT `cisco_point_data_ibfk_1` FOREIGN KEY (`id_business`) REFERENCES `cisco_business` (`id`) ON DELETE SET NULL ON UPDATE CASCADE,
  ADD CONSTRAINT `cisco_point_data_ibfk_2` FOREIGN KEY (`id_address`) REFERENCES `cisco_point_address` (`id`) ON DELETE SET NULL ON UPDATE CASCADE,
  ADD CONSTRAINT `cisco_point_data_ibfk_3` FOREIGN KEY (`id_ssid`) REFERENCES `cisco_point_ssid` (`id`) ON DELETE SET NULL ON UPDATE CASCADE,
  ADD CONSTRAINT `cisco_point_data_ibfk_4` FOREIGN KEY (`id_model`) REFERENCES `cisco_points_model` (`id`) ON DELETE SET NULL ON UPDATE CASCADE;

--
-- Constraints for table `cisco_role_permissions`
--
ALTER TABLE `cisco_role_permissions`
  ADD CONSTRAINT `cisco_role_permissions_ibfk_1` FOREIGN KEY (`id_role`) REFERENCES `cisco_users_role` (`id`) ON DELETE CASCADE ON UPDATE CASCADE,
  ADD CONSTRAINT `cisco_role_permissions_ibfk_2` FOREIGN KEY (`id_permissions`) REFERENCES `cisco_permissions` (`id`) ON DELETE CASCADE ON UPDATE CASCADE;

--
-- Constraints for table `cisco_users`
--
ALTER TABLE `cisco_users`
  ADD CONSTRAINT `cisco_users_ibfk_1` FOREIGN KEY (`id_role`) REFERENCES `cisco_users_role` (`id`);

--
-- Constraints for table `cisco_users_data`
--
ALTER TABLE `cisco_users_data`
  ADD CONSTRAINT `cisco_users_data_ibfk_1` FOREIGN KEY (`id_users`) REFERENCES `cisco_users` (`id`) ON DELETE SET NULL ON UPDATE CASCADE;

--
-- Constraints for table `cisco_views_role_menu`
--
ALTER TABLE `cisco_views_role_menu`
  ADD CONSTRAINT `cisco_views_role_menu_ibfk_1` FOREIGN KEY (`id_role`) REFERENCES `cisco_users_role` (`id`),
  ADD CONSTRAINT `cisco_views_role_menu_ibfk_2` FOREIGN KEY (`id_menu`) REFERENCES `cisco_views_menu_data` (`id`) ON DELETE SET NULL ON UPDATE CASCADE;
COMMIT;

/*!40101 SET CHARACTER_SET_CLIENT=@OLD_CHARACTER_SET_CLIENT */;
/*!40101 SET CHARACTER_SET_RESULTS=@OLD_CHARACTER_SET_RESULTS */;
/*!40101 SET COLLATION_CONNECTION=@OLD_COLLATION_CONNECTION */;
